content_id,content_type,is_indie
C004507,podcast_episode,False
C017777,song,False
C026499,song,True
C001308,song,False
C019370,album,False
C011241,podcast_episode,False
C021560,song,False
C014695,podcast_episode,True
C021037,song,True
C007102,song,False
C027304,song,False
C005916,song,False
C021647,album,False
C030219,song,True
C008310,song,True
C028865,podcast_episode,False
C017600,song,False
C029243,song,False
C011357,song,False
C024456,song,False
C008430,podcast_episode,False
C015935,song,True
C033507,song,False
C012931,podcast_episode,False
C033335,album,False
C017224,album,False
C021601,podcast_episode,False
C013752,song,False
C014513,song,False
C008181,album,False
C001063,song,False
C018090,song,True
C009135,audiobook,False
C007885,podcast_episode,False
C031227,song,False
C001271,song,True
C014750,song,False
C014527,song,False
C015267,album,False
C024979,podcast_episode,False
C000956,podcast_episode,True
C031746,album,False
C030244,podcast_episode,False
C025134,song,True
C008530,podcast_episode,False
C020639,song,False
C002520,song,True
C007111,song,False
C025928,audiobook,False
C018814,podcast_episode,True
C001885,song,True
C023125,song,False
C017377,audiobook,True
C023708,song,True
C016453,song,False
C011445,podcast_episode,False
C024968,song,False
C004540,podcast_episode,False
C014106,podcast_episode,True
C032543,podcast_episode,False
C022787,album,False
C031916,song,True
C018054,song,True
C021330,podcast_episode,False
C001658,audiobook,False
C013084,song,False
C019883,podcast_episode,True
C019625,song,False
C011635,song,False
C012446,podcast_episode,False
C011939,podcast_episode,True
C008948,album,False
C033793,song,False
C023536,song,False
C017402,song,False
C027053,song,True
C026247,song,False
C017393,podcast_episode,False
C013371,song,True
C016032,audiobook,False
C001596,podcast_episode,False
C021561,podcast_episode,True
C008814,song,True
C001526,podcast_episode,False
C008613,song,False
C001745,song,True
C022934,song,True
C001516,song,True
C032816,podcast_episode,False
C019456,podcast_episode,False
C005702,podcast_episode,True
C007350,song,False
C005731,song,False
C002458,song,False
C017676,song,True
C000834,podcast_episode,False
C030876,song,False
C001474,album,True
C021320,song,False
C023606,podcast_episode,False
C030774,podcast_episode,False
C030734,album,True
C029163,podcast_episode,False
C018382,song,False
C018607,podcast_episode,False
C023183,song,False
C001545,song,False
C021612,song,False
C005256,song,True
C022024,podcast_episode,False
C004067,song,False
C031629,song,True
C004098,song,False
C001625,podcast_episode,False
C019184,song,False
C010392,song,True
C027936,song,False
C033333,song,False
C019663,song,False
C033436,song,False
C025463,song,False
C029142,song,False
C001569,album,False
C005987,song,False
C015374,song,True
C025059,podcast_episode,False
C016563,podcast_episode,False
C016162,song,False
C009381,song,False
C007584,song,False
C002408,album,False
C005885,song,True
C028068,song,False
C021930,song,False
C023423,song,False
C032474,podcast_episode,False
C016597,song,False
C027766,album,True
C015748,podcast_episode,False
C000548,song,False
C014369,podcast_episode,True
C023319,song,False
C019119,song,False
C029712,song,False
C033551,song,False
C020606,song,False
C015481,podcast_episode,False
C003205,song,True
C033202,podcast_episode,True
C024833,song,False
C011014,song,False
C027084,song,True
C027111,song,False
C017957,podcast_episode,False
C032415,podcast_episode,True
C021791,podcast_episode,False
C004539,song,True
C030945,album,True
C017530,podcast_episode,True
C010207,podcast_episode,False
C005643,album,False
C009342,song,True
C029284,song,True
C009985,song,False
C014824,podcast_episode,True
C027026,podcast_episode,False
C033238,song,False
C009521,song,False
C023460,podcast_episode,False
C000880,song,False
C025930,podcast_episode,True
C000798,song,False
C029922,podcast_episode,True
C031391,song,True
C004807,song,True
C000856,podcast_episode,False
C022210,song,False
C029697,album,True
C030148,song,True
C002957,podcast_episode,True
C028755,audiobook,False
C023812,album,False
C017644,song,False
C017179,podcast_episode,False
C006474,song,False
C025557,song,True
C014647,song,False
C001726,song,False
C020143,song,False
C030109,song,True
C010922,podcast_episode,False
C000338,song,False
C016712,song,False
C006413,song,False
C005086,podcast_episode,False
C029741,song,False
C013824,song,False
C016979,album,True
C004246,album,False
C002593,podcast_episode,True
C004211,song,False
C027039,song,False
C015275,podcast_episode,True
C001798,podcast_episode,False
C006621,song,True
C013468,audiobook,True
C027212,song,False
C001567,song,False
C004546,song,False
C005448,song,True
C001697,song,False
C005947,song,True
C013262,podcast_episode,False
C027572,song,False
C026022,song,False
C023282,song,False
C001265,podcast_episode,False
C021064,song,False
C015930,song,False
C004912,song,True
C008145,song,False
C019554,podcast_episode,True
C013529,album,False
C002815,song,False
C014626,podcast_episode,False
C026234,song,False
C011663,song,False
C017753,song,True
C014941,song,False
C027036,podcast_episode,False
C026154,podcast_episode,False
C027940,podcast_episode,False
C030242,song,True
C025297,song,False
C004099,album,True
C007019,song,False
C027466,song,False
C022261,podcast_episode,False
C006013,podcast_episode,False
C006264,podcast_episode,False
C018636,podcast_episode,True
C025020,podcast_episode,False
C018836,song,False
C030982,album,True
C004429,song,True
C025009,podcast_episode,False
C010352,album,False
C008438,song,False
C030336,podcast_episode,False
C016227,album,False
C013668,song,False
C028454,song,False
C006671,podcast_episode,False
C021689,song,False
C002208,song,False
C007483,album,True
C016129,podcast_episode,False
C011034,podcast_episode,False
C031489,song,False
C012426,song,True
C029264,song,True
C013233,podcast_episode,True
C015786,audiobook,False
C001705,podcast_episode,False
C017303,podcast_episode,False
C006537,song,True
C024607,song,True
C016371,podcast_episode,True
C020603,podcast_episode,True
C005597,song,False
C008115,song,True
C018463,song,False
C019100,podcast_episode,False
C010013,song,False
C024999,podcast_episode,False
C015907,song,False
C004321,album,False
C016784,podcast_episode,False
C023485,audiobook,True
C007755,album,True
C023214,audiobook,False
C001312,album,False
C012123,song,False
C006591,song,True
C001468,song,False
C029095,song,True
C032746,audiobook,False
C030372,song,True
C025617,podcast_episode,True
C020339,podcast_episode,False
C010145,song,True
C009503,podcast_episode,False
C024407,song,False
C009006,song,True
C025841,podcast_episode,False
C015390,song,True
C023994,song,False
C011315,podcast_episode,False
C000763,song,False
C009421,podcast_episode,True
C011811,song,False
C023056,podcast_episode,False
C009390,audiobook,False
C012923,podcast_episode,True
C002281,song,False
C021130,podcast_episode,True
C011214,podcast_episode,False
C028033,song,False
C015539,song,True
C024173,song,False
C003577,album,False
C005790,song,True
C012260,song,False
C003593,song,True
C005495,podcast_episode,True
C008779,song,False
C014239,song,False
C004188,album,False
C018149,podcast_episode,False
C001901,song,True
C008061,song,True
C011943,song,True
C015367,album,False
C027419,podcast_episode,False
C017486,song,True
C027764,podcast_episode,False
C022446,podcast_episode,True
C001924,podcast_episode,True
C030610,song,False
C012716,podcast_episode,True
C027158,song,False
C028878,podcast_episode,True
C026504,album,False
C031777,song,False
C009541,song,False
C016400,album,True
C012494,song,False
C016297,album,True
C017260,song,True
C005647,podcast_episode,False
C017871,podcast_episode,True
C030720,podcast_episode,False
C032373,song,True
C032592,song,False
C016084,album,False
C007493,song,False
C023322,song,False
C016788,audiobook,True
C022878,song,False
C023843,podcast_episode,False
C029987,song,True
C026725,podcast_episode,True
C026514,podcast_episode,False
C001367,album,True
C030823,song,True
C004955,song,False
C023346,song,False
C001666,song,False
C010466,song,True
C001422,song,False
C029751,podcast_episode,True
C000280,song,False
C013503,podcast_episode,False
C022558,audiobook,True
C018555,song,True
C009156,song,True
C032223,album,True
C023544,song,False
C027104,song,True
C009538,podcast_episode,False
C025251,song,False
C018331,song,True
C021434,album,True
C017475,song,False
C000789,podcast_episode,True
C005123,song,False
C014634,song,False
C003327,song,False
C010979,song,False
C002947,song,False
C016568,song,False
C032464,album,False
C011303,song,False
C006422,song,True
C007128,podcast_episode,False
C000690,album,True
C003491,podcast_episode,False
C028852,podcast_episode,True
C027876,album,False
C005846,song,False
C017760,song,True
C031510,album,False
C018268,song,False
C008111,podcast_episode,False
C002646,song,False
C009070,album,False
C018578,podcast_episode,False
C022771,song,False
C018261,podcast_episode,True
C029842,podcast_episode,False
C007156,song,False
C003932,song,True
C024329,podcast_episode,False
C011344,album,False
C007244,song,False
C031093,audiobook,True
C011568,podcast_episode,False
C024604,podcast_episode,False
C001413,song,False
C004403,song,False
C007489,song,False
C026612,song,False
C033851,podcast_episode,False
C003415,song,False
C006654,song,True
C024038,album,False
C019212,song,False
C026500,podcast_episode,True
C006530,song,False
C006174,song,False
C012293,podcast_episode,False
C028832,song,False
C011024,song,False
C025257,song,False
C013852,song,False
C021511,podcast_episode,False
C033130,podcast_episode,True
C006961,song,False
C000953,song,True
C003813,song,True
C022592,song,False
C005350,song,True
C032362,song,False
C001125,podcast_episode,False
C002769,podcast_episode,True
C009911,song,False
C022541,song,True
C010483,song,False
C017168,song,False
C006991,song,False
C016508,song,False
C008606,song,False
C031412,podcast_episode,False
C006691,song,False
C029984,song,False
C010720,podcast_episode,True
C033191,song,False
C019712,song,False
C014798,song,False
C015576,podcast_episode,True
C018019,song,False
C030803,album,True
C001529,podcast_episode,False
C021701,song,False
C018685,song,False
C005686,album,False
C028029,song,False
C020668,podcast_episode,False
C015711,song,False
C029592,podcast_episode,False
C030526,podcast_episode,True
C030738,podcast_episode,False
C017485,song,False
C001967,song,False
C005651,podcast_episode,False
C005260,song,False
C018111,song,False
C004609,song,False
C013966,podcast_episode,False
C003649,song,True
C030482,album,False
C003378,song,False
C026112,song,False
C001584,album,False
C016180,song,False
C027465,song,True
C026774,podcast_episode,False
C003808,song,False
C019539,song,True
C003252,album,False
C018695,podcast_episode,False
C004878,song,False
C022654,song,False
C024497,podcast_episode,False
C014538,podcast_episode,True
C024841,song,False
C027814,song,True
C027960,podcast_episode,False
C007879,song,False
C002896,song,False
C028540,song,False
C021423,podcast_episode,False
C032668,song,False
C020868,song,True
C007278,podcast_episode,False
C023173,album,True
C024697,song,False
C000634,audiobook,True
C023692,podcast_episode,False
C020568,podcast_episode,False
C021143,song,True
C005169,podcast_episode,True
C029936,song,False
C010194,audiobook,False
C028275,song,False
C006430,song,False
C017641,song,True
C023193,podcast_episode,False
C025482,song,False
C015156,podcast_episode,False
C016576,audiobook,False
C022169,podcast_episode,True
C011159,podcast_episode,False
C017873,podcast_episode,False
C013833,song,True
C019427,song,False
C030462,podcast_episode,False
C010424,podcast_episode,False
C032667,song,True
C007289,song,True
C004466,podcast_episode,False
C026090,song,False
C016810,podcast_episode,False
C006252,song,False
C020713,song,False
C013126,song,False
C028344,song,False
C000723,song,False
C009204,song,True
C010764,song,False
C003421,song,False
C008570,song,True
C004143,podcast_episode,True
C026099,song,True
C009583,album,True
C004055,song,False
C010209,song,False
C029986,song,True
C013439,song,True
C013955,podcast_episode,False
C010853,song,False
C031001,song,False
C020287,song,True
C002348,song,False
C029093,podcast_episode,True
C013545,song,True
C033864,album,False
C000864,song,False
C031231,podcast_episode,True
C023657,song,True
C026676,album,True
C018723,podcast_episode,False
C032287,song,True
C014607,podcast_episode,False
C018754,song,False
C031913,song,False
C022053,podcast_episode,False
C033540,song,True
C025641,song,False
C013191,song,True
C026651,podcast_episode,False
C015639,album,False
C023049,song,False
C032229,song,True
C014857,podcast_episode,True
C027531,podcast_episode,False
C007725,song,True
C003026,song,False
C033021,song,True
C018435,song,False
C006012,song,True
C031096,podcast_episode,False
C004630,song,False
C007066,podcast_episode,True
C015357,podcast_episode,False
C001833,podcast_episode,False
C003880,song,True
C022586,song,False
C024284,podcast_episode,False
C007434,song,False
C009069,song,False
C012208,podcast_episode,True
C014812,song,True
C031501,audiobook,False
C020598,podcast_episode,False
C007663,song,False
C001119,song,False
C023385,song,True
C020744,album,False
C016005,song,True
C012428,podcast_episode,False
C030583,song,False
C013051,song,False
C008398,podcast_episode,False
C015581,podcast_episode,False
C022759,podcast_episode,False
C025817,podcast_episode,False
C018366,album,False
C006883,podcast_episode,True
C012723,album,False
C030215,audiobook,False
C015722,song,False
C006386,podcast_episode,False
C012133,audiobook,False
C030706,song,False
C023191,album,False
C017361,song,True
C004064,song,False
C002539,podcast_episode,True
C026592,podcast_episode,True
C019519,song,True
C029637,song,False
C016310,song,False
C022593,podcast_episode,False
C010427,song,True
C018618,song,False
C013635,song,False
C027585,song,True
C029524,song,False
C003550,song,True
C007218,song,True
C003143,podcast_episode,True
C014185,album,False
C004241,song,False
C022132,song,False
C008731,album,True
C010231,song,False
C002384,song,False
C024318,podcast_episode,False
C019498,song,True
C009524,song,True
C030393,podcast_episode,False
C012986,song,False
C023050,song,True
C033687,audiobook,False
C027771,song,True
C003446,song,False
C028292,song,True
C025196,album,True
C026763,song,False
C027758,audiobook,True
C012204,song,False
C021097,podcast_episode,True
C003547,podcast_episode,False
C003084,podcast_episode,True
C021289,song,False
C011670,podcast_episode,True
C011719,podcast_episode,True
C013061,audiobook,False
C018460,podcast_episode,False
C033585,podcast_episode,False
C015919,song,True
C019143,podcast_episode,False
C001362,song,False
C019348,song,True
C016482,song,False
C027017,podcast_episode,True
C017257,song,True
C022277,song,True
C033420,song,False
C031636,song,True
C022597,song,True
C023204,song,True
C011288,audiobook,True
C017899,podcast_episode,False
C030270,song,False
C001508,song,False
C011251,song,False
C020456,song,False
C015591,podcast_episode,True
C033713,song,False
C010334,podcast_episode,False
C024847,song,False
C026386,audiobook,False
C002233,song,False
C005996,song,False
C029889,song,True
C001105,song,True
C003946,song,True
C029293,album,False
C005208,podcast_episode,False
C007269,song,False
C017804,song,False
C003986,podcast_episode,False
C024504,song,False
C029227,song,False
C005527,song,False
C013167,song,False
C025651,song,False
C023486,podcast_episode,False
C029834,song,False
C024976,audiobook,False
C016178,song,False
C027237,podcast_episode,False
C010273,podcast_episode,False
C009461,podcast_episode,False
C019015,song,False
C008634,song,True
C005742,song,False
C030203,song,True
C008619,song,True
C009428,podcast_episode,True
C033645,song,True
C013044,song,False
C023324,album,False
C028891,album,False
C021383,album,False
C027627,podcast_episode,False
C000797,album,False
C032263,podcast_episode,False
C026356,podcast_episode,True
C023569,podcast_episode,True
C009410,song,False
C032403,song,True
C027663,song,False
C026674,song,False
C005780,song,False
C003620,song,True
C014030,song,False
C023731,podcast_episode,True
C020580,podcast_episode,False
C031285,song,False
C019222,song,False
C013870,podcast_episode,False
C019752,song,False
C024039,podcast_episode,True
C024738,song,False
C028839,song,False
C031194,song,False
C031146,album,False
C003409,song,True
C011850,podcast_episode,False
C021993,audiobook,False
C018644,podcast_episode,True
C014040,album,False
C003778,song,True
C015273,podcast_episode,True
C002619,podcast_episode,False
C017763,song,True
C011731,podcast_episode,True
C030958,podcast_episode,True
C022895,album,True
C024373,podcast_episode,True
C003645,album,True
C018016,podcast_episode,False
C022246,song,False
C018381,song,False
C009245,podcast_episode,True
C000964,song,False
C017483,song,True
C007803,podcast_episode,False
C000176,podcast_episode,True
C026483,song,True
C015242,song,False
C006251,song,False
C008766,song,False
C024250,podcast_episode,False
C012957,song,True
C025253,album,False
C022846,podcast_episode,False
C010380,album,False
C027241,song,False
C007494,song,False
C014882,song,False
C022301,song,False
C033580,podcast_episode,True
C027834,song,False
C027852,song,False
C031294,podcast_episode,True
C014094,song,False
C023950,song,True
C026484,song,True
C023155,album,False
C013840,song,False
C000657,album,False
C030748,podcast_episode,False
C007225,song,False
C024278,song,False
C021501,song,True
C008770,song,False
C017276,song,False
C017188,podcast_episode,False
C026330,album,False
C013324,song,False
C026326,song,True
C017406,podcast_episode,False
C004381,song,False
C008097,song,False
C014660,podcast_episode,False
C032955,song,True
C016677,song,True
C005549,song,False
C019914,song,True
C028260,song,False
C010641,podcast_episode,False
C004518,podcast_episode,False
C030563,podcast_episode,True
C013401,song,False
C024040,song,True
C005021,song,True
C015880,podcast_episode,False
C003924,podcast_episode,True
C002428,song,False
C024527,song,False
C033152,podcast_episode,True
C021897,audiobook,False
C022170,album,False
C024053,song,False
C028423,audiobook,False
C016033,album,False
C021188,song,False
C000240,podcast_episode,False
C030679,podcast_episode,False
C008285,song,False
C023802,song,False
C003656,song,False
C031237,song,False
C032910,song,False
C007909,song,False
C023005,podcast_episode,False
C020897,album,False
C003222,song,False
C007293,song,False
C013868,podcast_episode,True
C017102,audiobook,True
C032269,song,True
C025346,song,False
C012753,song,True
C003131,song,True
C004123,song,True
C031340,song,False
C009671,podcast_episode,True
C019179,song,False
C005589,song,False
C015331,song,True
C005926,podcast_episode,True
C025731,song,True
C027919,audiobook,False
C028805,podcast_episode,True
C004063,song,False
C009278,song,True
C033801,album,True
C000783,song,False
C031526,podcast_episode,True
C012843,song,False
C032956,podcast_episode,False
C001439,podcast_episode,False
C016271,podcast_episode,True
C031811,song,True
C019769,song,True
C000633,podcast_episode,False
C009490,podcast_episode,False
C009215,podcast_episode,False
C012416,song,True
C011655,podcast_episode,False
C031753,song,True
C012463,song,False
C024228,song,False
C012623,song,True
C021122,podcast_episode,True
C008233,song,True
C033017,song,True
C008286,song,False
C017986,audiobook,False
C013727,podcast_episode,False
C028553,song,True
C029623,song,False
C009321,song,False
C013151,song,False
C016787,song,False
C032661,song,True
C014468,podcast_episode,False
C017145,song,False
C002869,song,False
C027190,song,False
C020316,podcast_episode,False
C033056,podcast_episode,True
C014446,song,False
C006571,podcast_episode,False
C019627,podcast_episode,False
C024352,song,True
C003622,podcast_episode,False
C004173,audiobook,False
C005605,song,False
C003005,album,False
C007250,album,True
C004511,song,False
C017504,song,False
C008566,album,False
C033212,song,False
C030604,album,True
C030851,song,False
C016750,song,False
C012130,song,False
C023404,song,False
C002962,podcast_episode,False
C032512,song,False
C016621,song,False
C030262,audiobook,False
C013556,podcast_episode,False
C015262,song,False
C019425,song,True
C030574,song,True
C027418,podcast_episode,False
C010996,podcast_episode,False
C002124,song,False
C015241,song,False
C026894,podcast_episode,False
C027558,album,False
C029720,song,False
C032422,podcast_episode,True
C021652,song,False
C017447,song,False
C022773,podcast_episode,False
C020698,song,False
C017960,song,False
C003904,audiobook,False
C013406,podcast_episode,False
C025180,podcast_episode,False
C016425,song,False
C011414,song,True
C011980,song,False
C016748,podcast_episode,False
C006882,song,True
C017814,song,True
C013808,song,True
C003732,song,True
C027337,song,False
C006773,song,False
C024874,song,False
C017758,song,False
C010626,song,False
C016377,song,False
C018727,album,False
C018338,song,True
C012707,song,False
C009500,album,False
C017553,audiobook,True
C023110,song,False
C017241,podcast_episode,True
C013779,song,False
C002500,song,False
C028847,podcast_episode,False
C031797,podcast_episode,False
C031166,song,False
C023348,song,False
C002604,song,False
C000726,song,False
C008819,album,False
C014467,song,False
C008879,song,False
C007491,album,False
C011084,podcast_episode,True
C011848,podcast_episode,False
C007792,podcast_episode,False
C015392,podcast_episode,True
C005133,song,False
C016578,song,False
C003319,album,False
C018984,song,False
C028181,song,False
C005701,album,False
C002038,song,True
C008800,song,False
C004552,podcast_episode,False
C026188,album,True
C030488,song,False
C022618,podcast_episode,False
C001832,podcast_episode,True
C018421,podcast_episode,False
C011407,song,True
C029292,podcast_episode,False
C020734,album,True
C033859,podcast_episode,False
C001216,podcast_episode,True
C014547,podcast_episode,False
C013559,song,False
C013278,audiobook,False
C033845,podcast_episode,False
C032641,song,False
C012805,podcast_episode,False
C032655,song,False
C026716,song,False
C016623,podcast_episode,False
C016403,song,False
C032243,podcast_episode,False
C016285,song,False
C025060,song,False
C005728,podcast_episode,True
C016994,song,False
C016632,song,False
C003022,podcast_episode,False
C025890,podcast_episode,False
C005474,song,False
C017605,song,False
C014333,song,True
C011587,song,False
C029819,podcast_episode,True
C006951,song,False
C010043,song,True
C015762,song,False
C014823,song,True
C019446,podcast_episode,True
C006729,song,False
C005419,album,False
C024365,album,True
C003575,song,True
C017994,audiobook,False
C028434,song,False
C001769,podcast_episode,False
C024971,song,False
C029204,song,False
C027487,song,False
C001542,song,True
C025408,song,False
C005379,song,False
C020694,podcast_episode,False
C003815,song,False
C028837,song,False
C005218,song,False
C014282,album,False
C012230,song,False
C030132,song,True
C028528,song,False
C000395,song,False
C016295,audiobook,False
C031756,song,False
C028969,podcast_episode,False
C023526,song,False
C028475,song,False
C027234,song,True
C020176,song,True
C008046,album,False
C005856,podcast_episode,False
C024183,song,False
C017783,podcast_episode,False
C021075,song,True
C032048,song,True
C025075,album,False
C003919,song,False
C012486,album,False
C012253,podcast_episode,True
C015900,song,True
C010153,song,True
C016540,podcast_episode,False
C003081,song,True
C023543,song,False
C010039,song,False
C006968,song,False
C015911,audiobook,False
C024195,song,True
C016705,podcast_episode,False
C001359,song,False
C002149,podcast_episode,False
C031452,song,False
C015185,song,False
C015870,album,False
C015192,podcast_episode,False
C033225,song,True
C015208,song,False
C005746,song,False
C024756,song,False
C029358,song,False
C032301,song,True
C030633,song,True
C004735,podcast_episode,True
C000166,album,False
C007224,song,False
C032142,podcast_episode,True
C007529,song,False
C015411,podcast_episode,False
C030041,song,False
C027932,song,False
C020578,song,False
C000501,song,False
C018811,podcast_episode,False
C018946,podcast_episode,False
C031962,song,True
C020388,album,True
C009666,album,True
C027331,song,True
C002654,podcast_episode,True
C003229,song,True
C006687,song,True
C006624,song,True
C018197,album,False
C012430,podcast_episode,True
C000620,podcast_episode,False
C029173,album,True
C014322,podcast_episode,False
C025970,song,False
C006204,album,False
C014976,audiobook,True
C007106,song,True
C004367,podcast_episode,True
C030207,podcast_episode,False
C021986,song,False
C004792,podcast_episode,True
C032456,song,True
C007786,song,False
C027474,song,False
C022445,podcast_episode,True
C008809,song,True
C011468,song,False
C014052,audiobook,False
C016929,podcast_episode,False
C000037,song,False
C026958,song,True
C023887,podcast_episode,False
C016625,song,False
C027370,album,False
C001344,song,True
C003648,podcast_episode,True
C031868,song,True
C014455,podcast_episode,False
C017044,song,False
C001215,song,True
C032286,song,True
C023195,podcast_episode,True
C031611,song,False
C009646,song,False
C003230,song,True
C007870,podcast_episode,False
C033474,podcast_episode,False
C027870,podcast_episode,False
C026445,podcast_episode,False
C013511,song,True
C010959,podcast_episode,False
C031673,podcast_episode,False
C032231,song,False
C016406,song,False
C020059,song,True
C010797,podcast_episode,False
C032237,podcast_episode,False
C000455,audiobook,False
C026867,podcast_episode,True
C002687,album,False
C006987,song,True
C014429,podcast_episode,False
C032333,audiobook,True
C000601,song,True
C022622,song,False
C002103,song,False
C027303,audiobook,False
C008131,album,True
C009145,song,False
C006672,album,False
C008799,song,True
C032919,audiobook,False
C013092,song,False
C009076,album,False
C014756,song,False
C026603,song,False
C003183,audiobook,False
C018759,song,True
C032399,song,False
C026890,podcast_episode,False
C030102,song,True
C019038,song,False
C032649,song,True
C008748,podcast_episode,False
C008452,album,False
C014678,song,False
C011732,song,False
C019303,song,True
C025138,song,False
C027366,podcast_episode,False
C033034,podcast_episode,True
C033634,song,False
C015550,album,True
C013142,song,False
C005128,album,False
C033577,podcast_episode,False
C030267,podcast_episode,False
C001941,podcast_episode,False
C008453,song,False
C028579,podcast_episode,False
C018689,podcast_episode,False
C007146,song,True
C013227,song,False
C030432,podcast_episode,False
C012083,song,True
C032323,song,True
C023180,song,True
C014318,podcast_episode,True
C000306,song,False
C030211,song,False
C025931,song,False
C018709,song,True
C019423,song,True
C031520,podcast_episode,True
C031245,song,False
C019147,podcast_episode,False
C017269,podcast_episode,False
C025773,song,False
C002356,song,True
C011253,song,False
C031364,podcast_episode,False
C020403,podcast_episode,False
C006092,song,False
C033330,song,True
C020370,podcast_episode,True
C029687,song,False
C017903,podcast_episode,False
C008496,song,False
C029943,song,False
C000650,podcast_episode,True
C025518,podcast_episode,False
C006480,podcast_episode,True
C021555,podcast_episode,True
C002135,song,False
C028515,song,True
C013156,song,False
C014287,album,True
C023560,song,False
C011143,podcast_episode,False
C020873,song,False
C002973,song,True
C004320,podcast_episode,True
C028892,song,False
C021247,audiobook,True
C003638,song,True
C032772,album,False
C020708,podcast_episode,False
C012690,song,False
C002174,song,True
C023683,song,True
C013820,album,True
C019533,song,True
C019452,song,True
C028595,album,False
C003468,song,True
C019604,song,False
C033136,album,False
C023369,song,False
C023936,song,False
C021726,song,False
C002506,album,False
C011968,song,False
C002205,audiobook,True
C027881,song,True
C004478,podcast_episode,False
C002077,song,False
C006325,song,True
C009765,song,False
C018311,song,False
C010498,song,False
C001043,podcast_episode,False
C002338,song,False
C005979,song,True
C023704,song,False
C006776,album,False
C020221,song,True
C015517,podcast_episode,True
C030979,song,True
C015979,song,False
C009987,song,False
C022921,podcast_episode,False
C013223,song,False
C025365,song,False
C030866,album,False
C028240,song,False
C009247,song,False
C012767,song,True
C010647,podcast_episode,False
C011851,album,True
C019713,podcast_episode,True
C011282,podcast_episode,False
C027887,album,True
C010710,podcast_episode,True
C025978,song,False
C031976,song,False
C021852,song,False
C027601,podcast_episode,True
C033052,song,True
C004450,song,False
C000576,album,True
C000333,song,False
C018487,song,False
C030877,podcast_episode,True
C024004,song,True
C018724,podcast_episode,True
C025450,song,False
C011602,song,False
C008370,song,True
C007636,album,True
C015030,song,False
C007546,podcast_episode,True
C003835,song,False
C010454,audiobook,False
C008084,song,False
C020464,audiobook,False
C016036,audiobook,False
C024401,podcast_episode,False
C032559,song,False
C017681,song,False
C032744,song,False
C029832,song,False
C031119,song,False
C001536,song,False
C021315,podcast_episode,True
C023976,podcast_episode,False
C017539,audiobook,True
C000600,song,True
C029557,song,False
C026497,song,False
C025227,song,False
C012236,song,False
C033743,podcast_episode,True
C013648,podcast_episode,False
C010385,song,False
C019727,podcast_episode,False
C019837,podcast_episode,False
C026012,song,True
C017508,podcast_episode,False
C010905,podcast_episode,True
C003890,song,False
C022864,podcast_episode,False
C005875,song,False
C024538,podcast_episode,True
C001578,song,False
C009228,podcast_episode,True
C020622,song,False
C016807,song,True
C020520,podcast_episode,True
C023888,podcast_episode,False
C003664,song,False
C015866,song,False
C033230,song,True
C030420,song,True
C011638,song,False
C016694,song,True
C030218,song,True
C022347,album,True
C031702,song,False
C028159,song,False
C020543,podcast_episode,False
C021429,podcast_episode,False
C023234,song,False
C006485,podcast_episode,True
C018097,song,False
C031398,song,True
C028339,song,True
C020851,song,False
C018182,song,True
C032118,song,True
C006340,song,True
C002359,song,True
C023506,podcast_episode,False
C009071,song,False
C013230,song,False
C011470,song,False
C005502,song,False
C009989,song,True
C005130,song,False
C014897,album,False
C001252,podcast_episode,True
C015145,podcast_episode,True
C030484,song,True
C022264,podcast_episode,False
C013314,song,False
C010180,song,False
C021405,song,False
C003739,podcast_episode,True
C012396,podcast_episode,False
C001185,audiobook,True
C032424,song,True
C015818,album,False
C004137,song,False
C027096,podcast_episode,False
C001374,song,True
C026787,song,False
C028110,song,False
C022178,podcast_episode,False
C029939,song,False
C024333,podcast_episode,True
C011484,podcast_episode,False
C011310,podcast_episode,True
C021089,song,False
C030171,album,False
C017071,song,False
C020027,song,False
C022496,album,False
C025352,song,False
C026568,song,False
C010842,album,False
C006706,song,False
C001859,podcast_episode,False
C021716,podcast_episode,False
C017130,song,True
C027780,song,False
C002846,song,False
C009544,podcast_episode,False
C031209,podcast_episode,True
C002754,song,False
C021362,podcast_episode,False
C005556,podcast_episode,False
C015738,podcast_episode,True
C013398,song,True
C011443,podcast_episode,False
C022795,song,False
C015871,podcast_episode,True
C006957,song,True
C017286,song,False
C005442,song,True
C025362,song,False
C000096,album,True
C017613,podcast_episode,False
C016426,song,False
C022914,podcast_episode,True
C031230,song,False
C018613,song,False
C005877,song,False
C030127,podcast_episode,False
C003148,song,True
C018612,podcast_episode,False
C008611,song,False
C019042,song,False
C033812,album,False
C033432,podcast_episode,True
C033388,podcast_episode,False
C030195,podcast_episode,False
C006106,song,True
C024725,album,False
C026759,song,False
C007118,audiobook,False
C002450,podcast_episode,True
C014097,podcast_episode,False
C017561,song,True
C024149,song,True
C016479,audiobook,False
C006841,song,False
C012546,podcast_episode,False
C002047,audiobook,False
C008397,podcast_episode,True
C015770,album,False
C019879,song,False
C009290,song,False
C020544,album,False
C003585,song,False
C007552,album,False
C005421,song,False
C014343,song,False
C001920,album,False
C021774,audiobook,False
C008753,song,False
C008727,podcast_episode,False
C023634,song,False
C031959,podcast_episode,False
C026233,song,False
C004777,song,True
C026027,audiobook,True
C018965,song,False
C004526,song,False
C015403,song,False
C029892,podcast_episode,False
C024821,song,False
C001037,podcast_episode,True
C018789,song,False
C003644,podcast_episode,False
C013045,podcast_episode,False
C014661,song,False
C026940,album,False
C005163,song,False
C016431,podcast_episode,False
C006167,song,True
C005945,song,False
C032470,album,True
C021641,podcast_episode,False
C020701,song,True
C006316,song,False
C019781,album,False
C030466,podcast_episode,False
C013509,podcast_episode,False
C015435,song,False
C027108,song,False
C002622,song,False
C019929,song,False
C029708,podcast_episode,True
C010081,album,False
C029503,podcast_episode,False
C000017,song,True
C029903,audiobook,False
C000745,podcast_episode,False
C029283,song,False
C022492,podcast_episode,False
C017459,podcast_episode,False
C006295,podcast_episode,False
C017223,album,True
C026768,album,False
C005858,podcast_episode,False
C009776,song,True
C017284,song,False
C016282,song,False
C032177,podcast_episode,False
C024461,song,False
C012876,podcast_episode,False
C004391,song,False
C020689,podcast_episode,False
C013502,podcast_episode,False
C000781,album,False
C027365,podcast_episode,False
C029060,podcast_episode,False
C028559,song,False
C028569,podcast_episode,False
C021469,song,False
C001221,podcast_episode,False
C018520,song,True
C009270,song,False
C014852,song,False
C006437,song,True
C005282,podcast_episode,False
C002060,album,True
C032433,podcast_episode,True
C021815,song,False
C033612,podcast_episode,False
C009120,podcast_episode,False
C006464,song,False
C027072,song,False
C015010,audiobook,False
C028684,song,True
C019657,song,True
C007549,song,False
C000368,song,False
C006898,podcast_episode,False
C015154,song,True
C005512,song,False
C031630,song,True
C033031,song,True
C028151,podcast_episode,False
C004081,song,True
C002134,song,False
C005276,song,False
C015647,song,True
C017054,song,True
C032066,podcast_episode,False
C018606,song,False
C018972,song,True
C008592,podcast_episode,False
C020611,song,True
C014977,song,False
C024030,podcast_episode,False
C019646,song,False
C007329,podcast_episode,True
C025491,podcast_episode,False
C022962,song,False
C020972,song,False
C001341,song,True
C033142,album,False
C001577,podcast_episode,False
C002780,song,False
C004727,song,True
C019855,audiobook,True
C030827,podcast_episode,True
C019972,audiobook,True
C015440,podcast_episode,False
C013469,album,True
C017091,podcast_episode,False
C020309,album,False
C002875,podcast_episode,False
C015027,audiobook,True
C028904,podcast_episode,False
C001497,song,False
C023320,song,False
C012058,song,True
C015410,podcast_episode,False
C017304,audiobook,False
C000208,song,False
C030873,podcast_episode,False
C022438,song,True
C000310,song,False
C028134,podcast_episode,False
C006607,album,False
C027719,podcast_episode,False
C033514,song,False
C001715,podcast_episode,False
C003419,podcast_episode,True
C001712,song,True
C031296,album,True
C001908,song,False
C006791,song,True
C026903,album,False
C014585,song,False
C009146,podcast_episode,False
C002613,song,False
C021929,song,True
C027283,podcast_episode,False
C013131,album,False
C009494,song,False
C018039,song,True
C022127,song,True
C026498,song,False
C028709,song,False
C020463,podcast_episode,False
C023194,song,True
C003127,podcast_episode,True
C011762,song,True
C018864,podcast_episode,False
C028414,podcast_episode,False
C010323,podcast_episode,False
C017997,audiobook,False
C027906,podcast_episode,True
C017355,song,True
C028395,song,True
C007680,song,False
C008761,podcast_episode,False
C003818,song,True
C033105,podcast_episode,False
C013595,song,False
C023772,song,False
C006796,podcast_episode,False
C005115,song,False
C033672,podcast_episode,False
C018406,album,False
C010343,song,False
C017134,song,True
C025932,song,False
C024857,song,False
C006388,podcast_episode,True
C026185,song,False
C030362,album,False
C001668,podcast_episode,False
C008513,song,True
C016049,song,True
C033104,song,False
C015783,song,False
C018355,audiobook,False
C032185,album,False
C000274,podcast_episode,True
C023644,song,True
C006934,podcast_episode,True
C003489,song,False
C021790,album,True
C033501,album,False
C026897,song,False
C027886,podcast_episode,False
C024768,song,False
C010045,album,False
C022988,song,False
C025919,podcast_episode,False
C009549,podcast_episode,False
C006266,album,False
C009000,song,False
C006738,song,False
C022525,podcast_episode,True
C007396,album,False
C002651,song,False
C021000,song,False
C029743,podcast_episode,False
C007413,podcast_episode,True
C018732,song,False
C008160,song,False
C014291,song,True
C005777,podcast_episode,False
C003332,podcast_episode,False
C033149,song,True
C008086,podcast_episode,False
C009230,album,False
C000345,album,False
C013351,song,False
C006682,song,False
C010428,song,False
C029661,audiobook,True
C023472,song,True
C013701,podcast_episode,False
C018077,audiobook,False
C027044,song,False
C005762,song,False
C011369,podcast_episode,True
C015269,song,True
C008499,podcast_episode,True
C033302,audiobook,False
C025027,song,False
C017948,album,True
C023794,audiobook,False
C021583,song,False
C013495,song,True
C007481,song,False
C021519,song,False
C017016,podcast_episode,False
C018527,song,False
C030224,song,False
C026174,song,False
C007651,podcast_episode,False
C016120,song,True
C022778,song,False
C023932,song,False
C021577,podcast_episode,True
C014580,song,False
C028040,podcast_episode,True
C010680,song,False
C019832,album,False
C026426,song,False
C009269,podcast_episode,False
C026923,podcast_episode,True
C029025,audiobook,False
C016529,song,False
C010675,song,False
C015692,audiobook,True
C003245,album,False
C016015,podcast_episode,True
C030423,podcast_episode,True
C005461,audiobook,True
C009886,song,False
C024956,song,False
C007650,song,False
C008607,song,True
C031504,song,True
C019097,song,True
C008720,song,False
C015286,song,False
C026860,podcast_episode,True
C008170,song,True
C002288,song,False
C018303,podcast_episode,False
C020524,album,False
C016234,song,True
C020521,song,False
C020418,audiobook,False
C019093,podcast_episode,True
C025746,podcast_episode,False
C012633,song,True
C008183,podcast_episode,True
C010991,song,False
C016352,album,False
C026560,podcast_episode,True
C010475,song,False
C007608,song,False
C029522,song,False
C032283,podcast_episode,False
C019403,song,False
C023757,song,True
C007043,album,False
C007038,album,False
C013001,song,False
C014833,podcast_episode,False
C015646,song,False
C022604,podcast_episode,False
C004645,song,False
C012169,song,False
C017306,song,False
C006077,song,True
C030282,podcast_episode,False
C012895,song,True
C010553,song,True
C021727,podcast_episode,True
C008707,song,False
C003567,song,True
C026429,album,True
C011461,podcast_episode,True
C025730,song,True
C027688,song,True
C004653,song,False
C001205,song,True
C018081,audiobook,True
C027928,song,True
C024405,podcast_episode,False
C005460,song,False
C023755,podcast_episode,True
C022225,podcast_episode,False
C016733,album,False
C009560,song,False
C001450,song,False
C022753,song,False
C026845,song,True
C018718,song,False
C028939,song,True
C012523,song,True
C002403,song,False
C008978,podcast_episode,True
C012652,album,False
C026278,song,False
C019001,podcast_episode,True
C008450,song,True
C010317,song,True
C025256,song,False
C020634,song,False
C012817,podcast_episode,True
C025232,song,False
C033102,audiobook,True
C030024,audiobook,False
C030739,song,False
C003774,song,False
C025768,podcast_episode,True
C028738,album,True
C032560,audiobook,False
C032203,song,False
C007252,song,False
C019469,song,True
C003342,album,True
C016458,album,False
C013063,song,True
C008989,podcast_episode,False
C030191,podcast_episode,True
C019128,song,False
C025148,song,False
C008189,song,False
C004977,song,False
C030058,audiobook,False
C024230,album,False
C014427,podcast_episode,False
C003053,podcast_episode,True
C017235,song,True
C008596,podcast_episode,False
C007215,song,True
C017200,song,False
C001269,album,True
C007416,podcast_episode,False
C009790,song,False
C024588,audiobook,False
C024057,podcast_episode,True
C000098,song,True
C016387,song,False
C018792,song,False
C004984,song,True
C030859,song,True
C003824,podcast_episode,False
C020577,song,False
C014850,song,False
C019028,song,False
C001875,podcast_episode,False
C001124,song,False
C007748,podcast_episode,False
C023108,song,False
C019960,podcast_episode,False
C026647,song,False
C009563,song,False
C025348,podcast_episode,False
C010806,song,False
C024463,podcast_episode,True
C007007,podcast_episode,False
C017555,podcast_episode,False
C003227,song,False
C026360,song,False
C013421,song,True
C027414,song,False
C011165,song,False
C006203,song,True
C022677,podcast_episode,False
C013650,podcast_episode,True
C007055,song,False
C003984,song,True
C009502,song,False
C021942,song,False
C032078,podcast_episode,False
C033714,album,False
C022744,song,False
C032495,podcast_episode,False
C003654,song,False
C033566,audiobook,True
C027937,song,False
C030340,song,True
C026802,podcast_episode,False
C015644,audiobook,True
C006289,song,False
C013089,song,False
C015536,song,False
C027052,song,True
C032890,song,True
C005944,song,False
C009565,podcast_episode,False
C018096,song,False
C007994,audiobook,True
C013606,podcast_episode,True
C013070,podcast_episode,True
C030076,album,False
C028914,podcast_episode,False
C017046,song,True
C007340,song,False
C024355,song,False
C008158,song,False
C022909,podcast_episode,False
C021033,song,False
C029660,song,True
C014930,album,True
C018706,album,True
C033862,song,True
C031084,song,False
C023070,album,False
C033552,song,False
C022590,song,False
C014765,podcast_episode,False
C033393,song,False
C010290,podcast_episode,False
C026609,podcast_episode,False
C007309,album,True
C019432,song,True
C025984,podcast_episode,False
C016250,song,False
C012552,podcast_episode,True
C019809,podcast_episode,True
C033758,podcast_episode,False
C030852,song,True
C016116,podcast_episode,True
C016361,song,True
C022062,song,True
C033141,album,True
C015624,song,False
C016588,song,False
C009357,podcast_episode,True
C010963,song,False
C026450,song,True
C017251,album,False
C004052,album,False
C023124,podcast_episode,True
C025725,song,True
C013795,podcast_episode,False
C029855,song,False
C013255,song,True
C003861,song,False
C019682,song,False
C030909,song,False
C007617,podcast_episode,False
C022968,album,False
C028735,song,True
C006376,podcast_episode,True
C020407,song,False
C016003,podcast_episode,False
C000239,podcast_episode,True
C033450,song,False
C020150,podcast_episode,True
C010583,song,False
C030522,podcast_episode,False
C005610,song,True
C033088,album,False
C019277,podcast_episode,False
C006710,podcast_episode,True
C009726,song,False
C030932,song,False
C008806,podcast_episode,False
C003960,song,True
C012003,song,False
C014008,podcast_episode,True
C030684,song,True
C029058,song,False
C003016,song,True
C008079,song,False
C005632,audiobook,True
C025431,album,True
C028620,podcast_episode,True
C004701,song,False
C005646,album,True
C021024,song,True
C007787,song,False
C013906,song,True
C012464,song,True
C015443,song,False
C027579,song,False
C027763,album,False
C002045,song,True
C011639,song,True
C030121,podcast_episode,True
C016846,song,True
C027050,audiobook,False
C030194,song,True
C001547,podcast_episode,False
C004490,song,False
C009752,song,False
C010810,audiobook,True
C033111,song,False
C017000,song,False
C002363,podcast_episode,False
C019317,podcast_episode,True
C005004,song,False
C030940,audiobook,False
C030911,song,False
C007008,podcast_episode,False
C020338,song,False
C025782,album,True
C006214,audiobook,True
C011778,podcast_episode,False
C000095,album,False
C001989,song,False
C008503,song,False
C011591,song,False
C018819,song,True
C022685,song,True
C018812,album,False
C001820,song,False
C029468,podcast_episode,True
C022538,song,True
C026042,song,False
C020131,audiobook,False
C023804,song,False
C024763,album,True
C002158,song,False
C006588,song,False
C014217,podcast_episode,False
C025033,song,True
C023764,song,False
C012589,song,False
C022879,song,False
C013217,audiobook,False
C012721,album,True
C006568,song,True
C003928,song,False
C008404,podcast_episode,True
C015353,audiobook,False
C028664,song,True
C015386,song,True
C020063,song,False
C016390,podcast_episode,True
C024545,podcast_episode,False
C012118,album,False
C005043,album,False
C012647,song,False
C002760,podcast_episode,False
C022137,song,True
C014720,podcast_episode,False
C030711,album,True
C015781,song,False
C022353,song,False
C003748,song,True
C007794,album,False
C019758,song,False
C013641,song,False
C024419,song,True
C013087,podcast_episode,True
C009387,song,True
C022211,podcast_episode,True
C011529,album,False
C024700,podcast_episode,True
C003392,album,False
C028751,podcast_episode,True
C016755,song,True
C010554,song,False
C032795,song,True
C017006,album,True
C027441,song,False
C033603,podcast_episode,True
C011632,podcast_episode,False
C028108,song,False
C017239,song,False
C002862,podcast_episode,False
C007471,song,False
C032965,song,False
C029881,song,False
C007422,podcast_episode,False
C012134,podcast_episode,True
C017851,song,False
C000093,album,False
C005476,song,True
C011145,song,False
C025744,podcast_episode,False
C006755,podcast_episode,True
C003662,album,False
C026824,podcast_episode,False
C019364,audiobook,False
C016258,song,False
C028956,podcast_episode,True
C030062,podcast_episode,True
C032731,song,False
C022765,song,False
C001767,song,True
C005426,song,False
C008390,song,False
C020363,podcast_episode,False
C017492,song,False
C005028,album,True
C009356,album,True
C028860,song,True
C012347,song,False
C019018,podcast_episode,False
C005362,song,True
C007496,podcast_episode,False
C017490,song,True
C009322,song,False
C021649,album,False
C008812,song,False
C033568,song,False
C015182,song,True
C004181,song,True
C021983,song,False
C009347,podcast_episode,True
C020546,song,True
C000469,song,True
C020556,audiobook,True
C029645,podcast_episode,True
C024023,podcast_episode,True
C021773,song,True
C012144,podcast_episode,True
C021331,podcast_episode,False
C008312,podcast_episode,True
C006249,podcast_episode,True
C023775,song,False
C030894,song,False
C020120,podcast_episode,False
C013100,song,False
C022619,podcast_episode,True
C026398,song,False
C027684,song,True
C010613,album,True
C005679,song,True
C016715,song,True
C030188,song,False
C010563,song,False
C019509,podcast_episode,True
C007761,song,True
C027775,podcast_episode,False
C002541,podcast_episode,False
C004599,audiobook,True
C005186,album,True
C020256,podcast_episode,True
C011918,audiobook,False
C000458,audiobook,True
C032977,song,False
C021890,podcast_episode,True
C009266,song,True
C000806,audiobook,False
C021798,podcast_episode,False
C033157,song,True
C029707,song,False
C016738,album,True
C008897,podcast_episode,True
C016298,song,False
C027268,song,False
C008992,podcast_episode,False
C025460,podcast_episode,True
C015518,song,True
C024402,podcast_episode,True
C001276,song,False
C030414,song,True
C012600,song,False
C024022,song,True
C000628,album,False
C019383,podcast_episode,False
C027923,podcast_episode,True
C011356,song,False
C029401,song,False
C029359,song,True
C020943,podcast_episode,False
C009064,song,False
C021004,song,False
C011619,song,False
C022888,song,False
C029883,song,False
C021822,song,True
C003799,audiobook,True
C026671,song,False
C024916,audiobook,True
C019599,song,False
C010864,song,False
C003826,song,True
C021589,song,False
C022829,podcast_episode,False
C027351,song,False
C018496,podcast_episode,False
C026389,podcast_episode,False
C004102,song,False
C017391,podcast_episode,False
C033674,album,False
C016996,song,False
C020303,song,False
C025839,song,False
C014924,song,False
C026718,podcast_episode,False
C029237,song,False
C015842,podcast_episode,False
C005422,song,False
C005309,song,True
C030549,song,False
C020976,song,False
C030213,podcast_episode,False
C021661,song,False
C012667,podcast_episode,False
C006871,song,True
C029760,podcast_episode,False
C001710,song,True
C008917,song,True
C010139,podcast_episode,False
C008545,song,True
C015511,song,False
C005925,podcast_episode,False
C013910,song,False
C004622,song,False
C031984,podcast_episode,False
C020652,song,True
C008630,song,False
C011442,podcast_episode,False
C011952,song,False
C028637,song,False
C005914,podcast_episode,True
C033411,song,False
C033754,song,True
C006601,album,False
C016842,song,True
C026595,album,False
C026882,song,False
C009839,song,False
C030371,album,True
C031918,album,False
C006980,podcast_episode,False
C006566,audiobook,True
C030385,song,False
C007410,podcast_episode,False
C015188,podcast_episode,False
C020458,podcast_episode,True
C002628,song,True
C016816,song,False
C027550,album,False
C011567,podcast_episode,True
C009697,podcast_episode,True
C018470,podcast_episode,True
C004896,song,True
C032946,song,True
C014079,song,False
C030017,podcast_episode,False
C006336,song,True
C006166,song,True
C033818,song,False
C031901,song,False
C000217,song,False
C031675,podcast_episode,False
C005698,album,False
C028380,song,False
C014731,podcast_episode,False
C027405,podcast_episode,False
C004579,podcast_episode,False
C033231,audiobook,False
C024938,song,True
C023308,song,False
C033847,podcast_episode,False
C028894,song,False
C007286,podcast_episode,False
C005800,song,False
C012161,song,True
C011264,audiobook,False
C025883,song,False
C000380,podcast_episode,False
C001471,album,False
C005398,song,True
C007125,song,False
C023002,podcast_episode,False
C030008,song,False
C021170,song,False
C011813,song,True
C003367,song,False
C030564,song,False
C002251,album,False
C006028,audiobook,True
C024628,album,True
C001397,podcast_episode,False
C030818,podcast_episode,True
C011923,podcast_episode,True
C014059,podcast_episode,False
C017909,song,False
C011349,song,True
C026984,song,True
C028677,podcast_episode,False
C025380,song,True
C025235,podcast_episode,False
C026118,song,False
C022463,album,True
C024572,podcast_episode,False
C015851,album,False
C002524,song,False
C021845,song,False
C006561,song,False
C010164,album,False
C003364,podcast_episode,False
C025580,song,True
C023934,song,False
C002162,podcast_episode,False
C001092,song,False
C004079,podcast_episode,True
C008074,song,False
C013170,song,False
C010654,song,False
C005432,song,False
C015741,song,False
C002191,podcast_episode,False
C028983,audiobook,True
C008316,song,True
C032308,song,False
C006625,song,False
C014362,podcast_episode,False
C031239,song,False
C033263,song,False
C020009,song,True
C007978,podcast_episode,False
C017635,podcast_episode,True
C026786,podcast_episode,False
C006137,podcast_episode,False
C019211,song,False
C014814,podcast_episode,True
C032915,song,True
C021981,album,True
C008149,album,False
C027990,song,True
C017879,song,False
C028460,podcast_episode,True
C030458,podcast_episode,False
C003490,song,False
C017305,song,False
C006021,audiobook,False
C029423,podcast_episode,True
C007042,song,True
C027079,song,False
C012709,song,False
C020042,podcast_episode,False
C009986,album,True
C005747,song,False
C009849,album,False
C032262,podcast_episode,False
C013810,podcast_episode,True
C007152,podcast_episode,True
C001407,podcast_episode,True
C027470,song,False
C028640,podcast_episode,True
C011323,song,False
C031903,podcast_episode,False
C022688,song,True
C027649,album,True
C029471,album,False
C015365,song,True
C017074,podcast_episode,False
C008138,album,False
C022069,song,False
C005008,song,False
C010852,podcast_episode,False
C010630,song,False
C009610,song,False
C017225,podcast_episode,False
C018308,album,False
C022978,podcast_episode,False
C001133,podcast_episode,False
C025098,song,False
C005870,podcast_episode,False
C003151,audiobook,False
C015397,podcast_episode,False
C004422,song,True
C014006,podcast_episode,True
C021768,song,True
C032343,song,True
C028781,audiobook,False
C015895,song,False
C009937,song,False
C009317,song,False
C018170,song,False
C000824,song,False
C027730,song,False
C005227,song,False
C022568,song,True
C014881,podcast_episode,True
C003091,album,True
C001609,podcast_episode,False
C033356,audiobook,False
C004899,song,False
C009378,song,True
C016060,song,True
C007147,song,False
C030871,podcast_episode,False
C018479,podcast_episode,False
C023883,podcast_episode,False
C004015,song,False
C027810,podcast_episode,True
C016439,song,False
C007361,podcast_episode,False
C013123,song,False
C007196,song,True
C019947,podcast_episode,False
C005254,song,False
C023575,audiobook,False
C020204,song,False
C007052,song,False
C018822,song,False
C017579,song,False
C003650,audiobook,True
C027673,podcast_episode,False
C003124,song,True
C022647,song,True
C006320,podcast_episode,True
C009061,song,True
C030105,podcast_episode,False
C015199,song,False
C013343,song,False
C029336,song,True
C014507,podcast_episode,False
C025386,song,False
C003709,podcast_episode,False
C002556,podcast_episode,False
C000372,song,False
C011535,podcast_episode,False
C007606,song,False
C017471,album,False
C032195,song,False
C030921,podcast_episode,False
C024394,song,True
C026669,song,False
C000124,song,False
C027280,podcast_episode,False
C012946,song,False
C026195,album,True
C029231,podcast_episode,True
C004828,album,False
C002430,podcast_episode,False
C014035,song,False
C010279,song,False
C021599,song,True
C014800,podcast_episode,True
C023162,album,False
C028696,song,True
C011888,song,True
C026643,audiobook,False
C012382,song,False
C030699,song,False
C014496,song,False
C002838,podcast_episode,True
C031241,podcast_episode,False
C001790,podcast_episode,False
C030565,podcast_episode,False
C030763,podcast_episode,False
C031318,song,False
C027475,song,True
C032659,podcast_episode,False
C000495,song,True
C026960,song,False
C025826,song,False
C030313,song,False
C020896,podcast_episode,True
C020314,song,False
C005096,song,True
C004153,song,False
C030964,podcast_episode,False
C028778,album,False
C002505,podcast_episode,True
C002835,audiobook,True
C025863,song,True
C004386,song,False
C004950,song,False
C007249,song,False
C031818,song,False
C010874,audiobook,False
C020345,song,False
C020057,podcast_episode,False
C005939,podcast_episode,False
C006575,song,True
C027822,song,False
C029330,podcast_episode,False
C029713,song,False
C003529,podcast_episode,False
C023947,podcast_episode,False
C022063,song,False
C016306,album,False
C012725,podcast_episode,False
C028632,podcast_episode,True
C012250,song,False
C000213,podcast_episode,False
C018351,song,True
C007665,album,False
C002396,song,False
C026160,song,True
C024079,podcast_episode,False
C012248,song,False
C021417,podcast_episode,False
C009539,podcast_episode,False
C009289,podcast_episode,False
C011861,song,False
C005585,podcast_episode,True
C026910,album,True
C017488,podcast_episode,False
C018317,song,False
C007691,song,False
C021566,song,False
C012435,song,False
C008858,podcast_episode,True
C026607,podcast_episode,True
C014498,podcast_episode,False
C028748,song,False
C000696,album,False
C007853,song,True
C031628,song,True
C008925,song,False
C032393,song,False
C014176,podcast_episode,True
C014250,song,False
C010584,song,False
C004859,song,False
C007276,podcast_episode,False
C030865,podcast_episode,True
C022167,podcast_episode,False
C024575,song,False
C021214,song,False
C008030,album,True
C010812,podcast_episode,False
C012047,song,False
C027702,song,False
C023805,song,True
C030947,album,False
C028314,song,True
C023229,album,True
C011919,song,True
C030673,podcast_episode,False
C023256,song,False
C028054,podcast_episode,False
C019349,album,True
C006338,podcast_episode,False
C020695,podcast_episode,False
C024503,song,True
C009914,song,True
C023356,song,False
C032288,song,True
C009353,song,False
C015712,podcast_episode,True
C032025,song,True
C000342,podcast_episode,False
C028512,song,True
C008825,song,False
C015590,song,True
C012471,song,False
C017620,song,True
C024326,song,True
C027997,podcast_episode,True
C011841,song,False
C027290,song,False
C011809,song,True
C011016,song,True
C017433,song,False
C011459,song,False
C015610,podcast_episode,False
C000137,podcast_episode,True
C020007,song,False
C019063,song,False
C000193,album,False
C008625,podcast_episode,False
C023977,song,False
C024713,song,True
C029670,podcast_episode,False
C003325,podcast_episode,False
C017196,album,False
C009383,podcast_episode,True
C021275,song,True
C027759,song,True
C020105,song,True
C011858,song,False
C010197,song,True
C014392,podcast_episode,False
C009441,song,False
C026286,song,False
C024679,song,False
C009639,podcast_episode,True
C021058,song,True
C023252,song,True
C011779,song,True
C011434,podcast_episode,True
C017650,audiobook,False
C006736,album,False
C021728,podcast_episode,False
C001728,song,False
C018326,podcast_episode,False
C019665,song,False
C021388,song,False
C019201,podcast_episode,False
C030752,song,False
C016217,song,True
C033026,album,False
C013392,podcast_episode,True
C014331,album,False
C003347,audiobook,False
C011334,album,True
C022076,podcast_episode,False
C010297,song,True
C024319,song,False
C000237,song,True
C033020,podcast_episode,False
C013554,song,True
C032712,song,True
C019140,podcast_episode,False
C028193,audiobook,False
C029290,song,False
C001012,podcast_episode,False
C013854,album,True
C033079,song,False
C010203,song,True
C031651,song,False
C030359,album,False
C018601,song,False
C004743,podcast_episode,True
C007812,song,False
C020177,song,False
C008959,song,False
C001356,song,True
C003129,song,False
C000392,podcast_episode,True
C010931,song,True
C030473,song,False
C004561,album,False
C026529,song,True
C000890,podcast_episode,True
C002872,song,False
C019327,song,True
C028965,song,True
C018383,album,False
C022770,song,False
C001633,podcast_episode,False
C020186,podcast_episode,False
C021746,album,True
C016261,song,True
C024869,song,True
C029611,song,False
C018211,song,False
C018655,podcast_episode,False
C007238,album,True
C023265,podcast_episode,True
C001998,song,True
C023439,audiobook,False
C014716,podcast_episode,False
C010950,album,False
C028875,song,False
C030379,song,False
C016061,song,False
C029504,song,False
C032970,song,True
C011555,podcast_episode,True
C007832,song,False
C002379,song,False
C017520,song,False
C031423,podcast_episode,False
C027584,song,False
C004166,song,False
C012373,podcast_episode,False
C008256,podcast_episode,False
C020476,podcast_episode,False
C029584,album,False
C011428,song,False
C001226,album,True
C010255,podcast_episode,False
C025597,podcast_episode,False
C005035,podcast_episode,False
C020849,song,False
C000026,song,False
C011791,podcast_episode,False
C012672,song,False
C015566,podcast_episode,False
C013416,song,False
C010839,song,True
C003873,song,True
C019949,podcast_episode,False
C020050,song,False
C014111,song,True
C029639,song,False
C024640,song,False
C020172,song,False
C000244,song,False
C005070,song,False
C011217,audiobook,False
C006859,song,True
C023403,podcast_episode,False
C024489,song,False
C016735,song,True
C024268,podcast_episode,False
C015049,podcast_episode,True
C012846,podcast_episode,False
C020724,song,False
C022202,song,True
C030128,song,False
C031627,podcast_episode,False
C020441,podcast_episode,True
C003981,song,False
C015772,song,False
C021158,song,False
C006132,podcast_episode,False
C027709,song,False
C013671,album,False
C001891,song,False
C015209,album,False
C003522,song,False
C009028,song,False
C027503,podcast_episode,False
C006387,audiobook,False
C004652,song,False
C003885,audiobook,False
C013391,song,True
C029863,song,False
C019411,song,False
C028050,podcast_episode,False
C029251,song,True
C003537,song,True
C024759,podcast_episode,True
C006618,song,False
C018571,podcast_episode,False
C007449,song,False
C010065,song,False
C008395,song,False
C023846,song,True
C004186,song,False
C025678,song,True
C024409,podcast_episode,True
C002423,song,False
C016901,song,True
C005548,song,False
C028823,song,False
C020212,album,False
C018657,song,False
C007011,song,False
C018893,song,True
C029616,song,True
C017229,song,False
C027369,podcast_episode,False
C003589,podcast_episode,False
C027988,song,False
C011654,podcast_episode,False
C023702,audiobook,False
C033048,album,False
C002816,album,False
C028226,podcast_episode,False
C026583,song,False
C033685,song,False
C022589,song,True
C028124,podcast_episode,False
C021072,album,False
C016218,song,True
C005931,song,False
C002699,song,False
C001785,song,False
C030487,song,False
C024905,audiobook,False
C011884,song,True
C021591,podcast_episode,True
C030810,song,False
C014986,album,False
C000813,song,False
C016561,podcast_episode,False
C026290,song,False
C028549,podcast_episode,False
C023557,audiobook,False
C002675,podcast_episode,False
C017115,album,False
C006640,song,True
C007734,song,False
C031891,podcast_episode,False
C031648,podcast_episode,False
C006666,song,False
C022398,podcast_episode,False
C008317,podcast_episode,False
C005242,album,True
C021529,song,True
C026513,audiobook,False
C000169,song,False
C028403,podcast_episode,False
C011734,song,False
C021220,song,False
C027223,song,False
C002585,podcast_episode,False
C030743,song,False
C022523,song,False
C002569,song,False
C010841,podcast_episode,False
C006702,podcast_episode,True
C021455,podcast_episode,False
C013919,song,True
C002147,song,True
C025506,song,True
C028353,audiobook,False
C030111,podcast_episode,False
C003382,song,False
C029086,song,False
C012629,song,False
C029085,podcast_episode,True
C002790,song,False
C016698,song,False
C030662,album,False
C010850,song,True
C012158,podcast_episode,False
C006117,podcast_episode,False
C012265,album,False
C010617,song,False
C011464,podcast_episode,True
C028028,song,True
C012703,podcast_episode,True
C012826,song,False
C028469,song,True
C025046,album,False
C010090,podcast_episode,True
C009313,podcast_episode,False
C031923,song,True
C016083,song,True
C028698,song,True
C031107,song,False
C007459,podcast_episode,False
C015622,audiobook,False
C007312,song,False
C014264,album,False
C014811,song,True
C009868,song,True
C025743,album,True
C029184,album,False
C000493,album,False
C033196,song,False
C028721,song,False
C029209,audiobook,False
C016422,song,False
C005272,song,True
C028014,album,False
C011741,song,True
C019772,podcast_episode,False
C013790,song,False
C003430,podcast_episode,False
C022925,song,True
C012537,podcast_episode,False
C021106,podcast_episode,False
C013780,song,False
C030652,podcast_episode,False
C027951,podcast_episode,True
C001499,podcast_episode,True
C009690,song,False
C013199,audiobook,True
C029076,podcast_episode,False
C005878,song,False
C000039,song,True
C002335,song,True
C009224,podcast_episode,False
C020238,song,False
C013911,song,True
C027027,song,True
C004022,podcast_episode,False
C018580,song,False
C020493,song,False
C022240,audiobook,False
C009496,song,True
C020195,song,True
C033678,podcast_episode,True
C016582,podcast_episode,False
C028994,podcast_episode,True
C032265,podcast_episode,False
C022710,song,True
C016649,song,False
C030540,song,False
C008485,podcast_episode,True
C012845,podcast_episode,False
C000905,podcast_episode,False
C006342,song,True
C009845,song,True
C017910,song,False
C030418,song,True
C005829,song,False
C014224,song,False
C016550,song,True
C016868,podcast_episode,True
C032189,podcast_episode,False
C026396,song,False
C000643,song,False
C028577,podcast_episode,True
C017970,song,True
C027692,song,False
C031465,podcast_episode,False
C025353,song,False
C000558,song,False
C003013,song,True
C011756,album,True
C003397,podcast_episode,True
C030694,song,True
C002599,song,False
C026306,podcast_episode,False
C027664,album,True
C020106,podcast_episode,False
C004419,song,False
C004272,song,False
C022376,podcast_episode,True
C025249,album,False
C003640,podcast_episode,True
C025707,song,False
C026593,song,True
C030187,song,True
C005633,song,False
C010965,song,False
C009339,podcast_episode,False
C031264,song,False
C000316,album,False
C024511,podcast_episode,True
C013251,song,False
C011192,song,False
C030933,podcast_episode,False
C003161,song,False
C033523,album,False
C033415,song,True
C031887,podcast_episode,False
C018688,song,True
C032364,song,True
C019970,song,True
C029848,podcast_episode,False
C003451,song,False
C023129,song,False
C015059,song,False
C025583,podcast_episode,False
C003273,podcast_episode,True
C014153,podcast_episode,True
C022493,song,False
C024473,audiobook,True
C017626,song,True
C032841,song,True
C015066,audiobook,True
C007595,audiobook,True
C019376,podcast_episode,False
C019092,song,False
C032010,song,False
C014229,audiobook,False
C021923,song,False
C008798,song,True
C010778,song,False
C016608,song,True
C005252,podcast_episode,False
C027806,song,False
C002891,podcast_episode,True
C003930,song,False
C018681,song,False
C003089,podcast_episode,False
C030676,podcast_episode,False
C032483,song,True
C007759,song,True
C010832,podcast_episode,True
C024908,song,True
C005291,song,True
C031781,song,True
C024163,podcast_episode,False
C019715,song,False
C012935,album,False
C003775,song,False
C006107,song,False
C022635,song,False
C011067,song,False
C029510,podcast_episode,True
C025043,song,False
C006735,podcast_episode,False
C023468,song,False
C007255,song,True
C004509,song,False
C015498,song,True
C020633,audiobook,False
C012445,song,False
C011911,song,True
C016207,song,False
C008991,podcast_episode,True
C011874,song,True
C020290,song,True
C002607,album,False
C015612,song,False
C031935,podcast_episode,False
C024321,song,True
C020725,podcast_episode,True
C028628,song,False
C016866,podcast_episode,True
C014545,song,True
C014237,album,False
C002076,song,False
C006385,song,False
C009968,song,False
C010333,song,True
C027689,song,False
C030133,song,False
C025921,album,False
C031533,song,False
C016175,song,False
C029801,song,True
C007938,song,False
C032166,podcast_episode,False
C002813,podcast_episode,False
C022994,song,False
C011322,song,True
C022042,song,True
C006146,song,False
C017247,song,False
C007827,song,False
C026979,album,True
C013258,song,False
C013405,song,False
C011074,song,False
C001089,song,True
C021093,song,True
C022865,podcast_episode,True
C004643,podcast_episode,False
C030756,song,False
C018386,podcast_episode,False
C009329,album,True
C033817,podcast_episode,True
C004822,song,True
C003677,song,False
C032672,song,False
C024542,song,True
C015596,song,False
C016736,audiobook,False
C029753,album,True
C015147,song,False
C028995,podcast_episode,True
C030591,podcast_episode,False
C012346,album,False
C002383,podcast_episode,True
C029212,song,True
C032233,audiobook,False
C029147,podcast_episode,True
C008509,song,False
C019610,song,True
C015301,song,False
C023030,album,False
C016654,podcast_episode,True
C001788,audiobook,False
C025205,podcast_episode,False
C014068,song,False
C028491,podcast_episode,False
C003278,podcast_episode,True
C029175,song,False
C026567,audiobook,False
C017670,podcast_episode,False
C021650,podcast_episode,False
C030088,song,True
C002322,song,False
C021127,song,False
C014012,song,False
C028390,song,False
C001946,song,False
C002564,podcast_episode,True
C017015,song,False
C026267,song,True
C026589,podcast_episode,True
C009947,podcast_episode,False
C021778,song,False
C026163,song,False
C005464,song,False
C020971,album,False
C022752,song,False
C013501,song,False
C014257,song,False
C014926,song,False
C020564,song,True
C008926,podcast_episode,True
C027603,album,True
C010716,song,True
C031373,song,False
C026877,song,True
C010774,song,False
C017568,podcast_episode,True
C008199,song,True
C007333,song,False
C033496,song,True
C006230,song,False
C018554,audiobook,False
C022967,podcast_episode,True
C014617,podcast_episode,False
C010309,podcast_episode,False
C025721,podcast_episode,True
C002951,podcast_episode,False
C001183,song,True
C027656,song,False
C024741,song,False
C002924,podcast_episode,True
C017591,podcast_episode,False
C029868,podcast_episode,False
C029746,album,True
C020722,audiobook,False
C022974,podcast_episode,True
C012255,song,False
C022212,album,True
C016434,podcast_episode,False
C005745,podcast_episode,False
C000836,podcast_episode,False
C011806,song,False
C013590,audiobook,False
C027668,song,False
C023624,podcast_episode,False
C017836,album,False
C012377,song,False
C023825,audiobook,False
C015162,song,True
C027954,podcast_episode,True
C013901,song,True
C030595,song,False
C028934,song,False
C011118,song,False
C009170,song,False
C000410,song,False
C022623,song,False
C025123,album,True
C017413,song,True
C015368,song,False
C027682,podcast_episode,False
C024155,podcast_episode,False
C019661,podcast_episode,True
C003538,podcast_episode,False
C013177,song,False
C014894,podcast_episode,False
C026578,podcast_episode,True
C004051,song,False
C028929,podcast_episode,False
C002605,album,False
C026014,song,True
C023986,song,False
C024845,audiobook,False
C018842,podcast_episode,False
C018079,song,False
C011828,song,True
C030867,album,False
C003756,podcast_episode,False
C011954,podcast_episode,False
C024154,song,True
C027105,song,False
C005172,song,False
C025130,song,False
C012343,audiobook,False
C009281,podcast_episode,True
C026941,podcast_episode,True
C022995,podcast_episode,False
C015641,song,False
C012831,song,False
C000782,podcast_episode,False
C009685,song,True
C026956,song,False
C028164,song,False
C029506,song,False
C023359,song,False
C020423,podcast_episode,False
C024801,podcast_episode,True
C013539,song,True
C033365,podcast_episode,True
C018692,song,False
C012183,song,False
C022904,song,True
C031720,song,False
C014934,song,False
C024112,album,True
C010107,song,False
C033802,song,True
C015556,song,False
C028647,song,True
C005843,album,False
C020779,song,True
C017671,song,True
C032777,podcast_episode,True
C000543,podcast_episode,False
C004457,audiobook,False
C009364,song,False
C020623,album,False
C030457,podcast_episode,False
C020967,podcast_episode,False
C012625,podcast_episode,True
C015406,song,True
C028208,song,False
C021213,podcast_episode,False
C007726,podcast_episode,True
C030599,song,True
C031609,audiobook,True
C032114,song,False
C007018,song,False
C019728,song,True
C007807,song,False
C015087,song,False
C012520,podcast_episode,False
C028185,podcast_episode,True
C010496,song,False
C023010,album,False
C000632,song,False
C004439,podcast_episode,True
C000407,podcast_episode,False
C005657,podcast_episode,False
C012626,song,False
C005480,song,False
C003626,podcast_episode,True
C018025,podcast_episode,False
C010370,podcast_episode,False
C012002,song,True
C014055,song,False
C014263,audiobook,False
C024085,song,False
C008665,podcast_episode,False
C013491,song,False
C025358,song,True
C002936,podcast_episode,False
C028648,song,False
C018459,podcast_episode,True
C011695,song,True
C012031,song,False
C029458,podcast_episode,False
C012816,podcast_episode,True
C007033,song,True
C009978,song,False
C014235,podcast_episode,False
C023179,song,False
C026631,podcast_episode,False
C026627,song,False
C019269,audiobook,False
C023676,song,False
C003174,song,False
C009110,song,True
C021608,album,False
C032375,podcast_episode,True
C002971,podcast_episode,False
C012193,song,True
C024237,podcast_episode,True
C029486,song,False
C011178,song,False
C003722,podcast_episode,True
C016391,podcast_episode,False
C013932,song,True
C033576,song,False
C004996,podcast_episode,True
C027840,song,False
C004621,song,False
C017989,song,False
C019986,audiobook,False
C007226,song,True
C032629,podcast_episode,False
C009149,song,True
C009262,podcast_episode,True
C031737,song,False
C022319,song,True
C012385,podcast_episode,True
C020758,podcast_episode,True
C012544,podcast_episode,False
C018424,audiobook,False
C031593,song,False
C020807,song,False
C017080,podcast_episode,False
C010260,podcast_episode,False
C028707,song,True
C003324,song,False
C003998,song,True
C009412,song,False
C015645,song,False
C016231,podcast_episode,True
C024655,song,False
C003074,song,False
C010340,song,False
C005100,album,True
C006161,album,False
C030655,song,False
C024791,song,False
C017367,album,False
C007208,song,False
C002755,podcast_episode,True
C032906,song,True
C001196,song,False
C032029,song,True
C018267,podcast_episode,True
C008565,song,False
C011180,song,True
C001316,song,False
C001641,song,False
C033811,song,False
C006059,podcast_episode,False
C000631,podcast_episode,True
C007165,song,False
C031905,album,True
C010661,song,False
C004629,podcast_episode,True
C027322,song,False
C016274,album,False
C030580,podcast_episode,False
C020248,song,False
C025477,song,False
C025418,album,False
C016283,song,True
C004981,podcast_episode,True
C020974,song,True
C008257,podcast_episode,False
C010999,song,True
C031401,song,False
C016454,song,True
C027339,song,False
C006392,song,True
C029650,song,True
C006479,song,False
C008817,podcast_episode,False
C001154,song,True
C019297,song,False
C023095,podcast_episode,False
C002058,podcast_episode,False
C012524,podcast_episode,True
C005013,podcast_episode,False
C028229,album,True
C005543,song,False
C025189,song,False
C006856,song,True
C017136,song,False
C020313,song,False
C026624,podcast_episode,False
C022745,podcast_episode,False
C027458,podcast_episode,False
C033348,song,True
C007706,song,False
C020843,song,False
C005443,audiobook,True
C016949,song,False
C020899,song,False
C002497,song,False
C011093,album,False
C026853,podcast_episode,False
C008088,song,False
C021472,song,False
C000378,song,False
C012077,song,False
C003372,album,True
C023991,podcast_episode,True
C003796,album,False
C020853,podcast_episode,True
C000260,podcast_episode,True
C011297,song,False
C031233,song,False
C017533,album,False
C013995,song,False
C024242,podcast_episode,False
C005642,song,False
C007744,song,False
C005695,audiobook,False
C001922,song,True
C018493,album,False
C009830,song,False
C033343,podcast_episode,False
C009362,song,True
C003692,song,False
C026795,song,True
C002291,album,False
C007560,song,True
C000321,song,False
C023914,song,True
C032049,song,True
C030649,song,False
C001465,song,True
C007732,podcast_episode,False
C019698,song,False
C007804,podcast_episode,True
C013349,podcast_episode,True
C004944,song,False
C016102,podcast_episode,True
C008236,song,False
C014255,podcast_episode,False
C018469,podcast_episode,False
C016407,song,True
C001907,song,False
C003688,podcast_episode,False
C019685,song,True
C032913,song,False
C032823,song,False
C032105,album,False
C028199,song,False
C017358,podcast_episode,False
C007063,podcast_episode,False
C026516,podcast_episode,True
C000868,song,True
C027955,song,False
C024041,song,False
C018203,song,False
C024574,song,True
C016548,song,False
C029317,podcast_episode,False
C006880,podcast_episode,False
C028662,song,False
C020385,podcast_episode,True
C002578,song,False
C023103,podcast_episode,False
C021628,song,False
C029662,song,False
C029089,album,False
C024720,album,False
C025737,podcast_episode,False
C002120,podcast_episode,False
C017019,song,False
C008755,song,False
C011444,podcast_episode,False
C026032,song,True
C021444,podcast_episode,True
C030984,song,False
C000630,song,False
C003915,podcast_episode,False
C024428,podcast_episode,True
C000766,song,True
C004754,song,True
C018892,album,True
C018354,song,True
C020453,song,False
C017748,song,False
C016080,song,True
C025265,song,False
C013413,song,False
C031342,song,True
C009021,song,False
C029826,podcast_episode,False
C024251,song,False
C002808,podcast_episode,False
C021578,podcast_episode,False
C022119,song,False
C027546,song,False
C012350,song,False
C022951,audiobook,True
C004475,audiobook,False
C004756,song,False
C026663,song,True
C023054,song,True
C020468,podcast_episode,False
C030601,song,True
C021663,podcast_episode,True
C001290,song,True
C004635,song,True
C010949,album,False
C015558,song,False
C009233,podcast_episode,False
C006469,song,True
C016790,song,False
C021061,song,False
C020439,song,False
C011244,audiobook,True
C018544,podcast_episode,False
C001537,podcast_episode,False
C017939,podcast_episode,True
C033082,song,True
C027008,song,False
C033536,podcast_episode,True
C015651,song,False
C000692,song,True
C009585,song,False
C025310,song,True
C020341,podcast_episode,False
C030991,song,True
C030090,song,False
C000290,song,True
C026706,podcast_episode,False
C023293,song,True
C012390,podcast_episode,False
C012434,song,True
C007627,song,False
C007383,podcast_episode,False
C028362,song,False
C000738,podcast_episode,False
C016133,podcast_episode,False
C017137,song,False
C012529,song,False
C019354,song,False
C010288,song,False
C013994,podcast_episode,False
C002723,song,True
C004696,audiobook,False
C026741,podcast_episode,True
C008623,song,True
C014594,podcast_episode,True
C005868,song,False
C015913,podcast_episode,False
C004697,album,True
C022806,song,False
C026558,song,False
C027533,song,True
C027292,podcast_episode,True
C019378,song,True
C008019,podcast_episode,False
C010753,song,False
C027645,podcast_episode,True
C020398,song,True
C032082,song,False
C002294,podcast_episode,False
C033834,song,False
C025646,podcast_episode,False
C014434,podcast_episode,False
C033000,podcast_episode,True
C002727,podcast_episode,True
C015474,audiobook,False
C014088,podcast_episode,False
C021449,song,True
C011600,podcast_episode,False
C016312,podcast_episode,True
C024043,song,True
C006527,song,True
C031749,song,False
C030967,podcast_episode,False
C030055,song,False
C029127,song,False
C018158,song,True
C023452,song,False
C018229,song,False
C029873,song,True
C007587,album,False
C011071,album,False
C005143,song,True
C032476,song,True
C030497,song,False
C019228,podcast_episode,False
C025587,song,True
C021277,podcast_episode,True
C004991,song,False
C009125,album,False
C016662,album,True
C028184,album,True
C024061,song,False
C011892,song,False
C016641,album,True
C001198,podcast_episode,False
C027538,song,True
C033146,album,False
C008576,song,False
C030289,song,False
C033289,song,False
C017359,podcast_episode,False
C018697,song,False
C032452,podcast_episode,True
C023352,song,False
C007384,podcast_episode,False
C014140,audiobook,False
C018061,podcast_episode,False
C023767,song,True
C005532,podcast_episode,True
C010148,song,False
C017228,album,False
C026066,song,True
C015328,podcast_episode,True
C020196,song,True
C012406,song,True
C024469,audiobook,False
C000833,song,False
C026848,song,True
C018327,audiobook,True
C001531,song,True
C021719,song,False
C008942,podcast_episode,True
C026068,podcast_episode,False
C012982,podcast_episode,False
C025562,song,True
C012439,podcast_episode,False
C022960,album,True
C031793,podcast_episode,False
C033399,song,False
C032264,song,False
C030862,song,True
C004788,podcast_episode,False
C016335,audiobook,True
C010062,song,False
C009902,podcast_episode,True
C031643,song,False
C026541,song,False
C008840,song,True
C033390,song,True
C002938,podcast_episode,True
C017708,song,True
C027445,podcast_episode,True
C008898,podcast_episode,True
C016558,podcast_episode,True
C019710,song,True
C032460,podcast_episode,False
C009457,song,False
C010327,song,True
C033091,podcast_episode,True
C029797,song,False
C006825,podcast_episode,True
C000035,podcast_episode,False
C000792,song,True
C006116,song,True
C008970,album,False
C002494,album,False
C015300,podcast_episode,True
C021691,song,False
C002530,song,False
C005308,song,True
C002667,podcast_episode,False
C021667,album,False
C030050,song,False
C005699,song,False
C003843,song,True
C033043,song,False
C017182,song,True
C025959,song,False
C015134,song,True
C033502,song,False
C029785,podcast_episode,False
C015398,song,False
C019694,song,False
C012240,song,False
C012046,song,True
C005761,album,False
C024128,song,False
C014593,song,False
C008044,song,False
C026945,podcast_episode,True
C002799,song,True
C012016,song,False
C003675,audiobook,False
C000334,album,False
C005569,song,False
C033805,song,False
C016233,song,False
C000529,song,False
C018918,song,False
C025405,podcast_episode,True
C013538,audiobook,False
C017417,song,True
C025869,song,False
C007822,podcast_episode,False
C033090,song,True
C006073,song,True
C027173,podcast_episode,True
C004520,song,True
C033349,song,True
C018374,song,False
C003072,song,True
C010146,podcast_episode,False
C032478,song,False
C008291,podcast_episode,True
C015620,song,False
C015625,audiobook,True
C012272,song,True
C003348,song,False
C023118,song,True
C011152,podcast_episode,False
C016610,song,True
C007890,album,False
C014071,podcast_episode,True
C001838,song,False
C008645,song,True
C011847,song,False
C004337,podcast_episode,True
C001345,album,True
C028702,song,False
C032149,song,False
C008124,audiobook,False
C000566,album,False
C030875,song,False
C026165,song,True
C029339,album,True
C013627,audiobook,False
C021747,podcast_episode,False
C010504,podcast_episode,False
C006098,podcast_episode,False
C028563,song,True
C022818,podcast_episode,False
C014981,podcast_episode,False
C016830,song,False
C005206,song,False
C022087,album,False
C022845,song,False
C004760,song,False
C028051,song,False
C023040,song,True
C005131,song,False
C006787,song,False
C001193,album,False
C002741,song,True
C026270,song,False
C004005,song,True
C018222,song,False
C021545,song,True
C030094,song,False
C012504,podcast_episode,False
C016639,podcast_episode,False
C006887,song,False
C027826,song,True
C005210,podcast_episode,False
C021886,song,False
C027865,song,False
C026318,song,False
C023242,song,False
C001417,song,False
C004366,audiobook,False
C001333,album,False
C022092,song,True
C021435,album,True
C024309,song,False
C019230,song,True
C004214,podcast_episode,True
C006850,podcast_episode,False
C008506,song,False
C021997,podcast_episode,False
C025317,song,True
C023844,song,False
C015513,podcast_episode,False
C031529,song,False
C028285,podcast_episode,False
C005327,song,False
C002885,song,False
C018788,song,False
C023218,song,False
C003426,podcast_episode,False
C012704,song,False
C021390,song,True
C021027,song,True
C018849,podcast_episode,False
C021525,song,True
C010569,song,False
C022503,song,False
C003264,song,False
C019159,podcast_episode,False
C028985,album,False
C027890,podcast_episode,False
C020721,podcast_episode,True
C029347,album,False
C030994,song,False
C014320,album,False
C017213,song,False
C033270,audiobook,True
C014186,podcast_episode,True
C016208,podcast_episode,False
C022576,song,True
C005280,audiobook,False
C024240,podcast_episode,True
C022159,podcast_episode,False
C030587,podcast_episode,True
C022668,song,False
C027547,podcast_episode,False
C027323,song,True
C003493,podcast_episode,False
C031681,podcast_episode,False
C000621,podcast_episode,True
C021800,song,False
C014927,podcast_episode,False
C020829,song,True
C023503,song,True
C026698,podcast_episode,True
C013221,album,False
C028296,album,False
C021980,song,False
C017794,song,False
C005424,podcast_episode,False
C020282,song,False
C007743,podcast_episode,True
C028302,song,False
C028463,podcast_episode,False
C017273,podcast_episode,False
C030552,song,False
C012639,song,False
C022059,album,True
C016334,song,False
C014758,podcast_episode,False
C002629,album,False
C009052,podcast_episode,True
C023448,podcast_episode,True
C004341,song,False
C002647,podcast_episode,False
C014065,song,False
C032630,song,True
C031717,album,False
C000705,song,True
C016693,song,False
C020465,song,False
C020381,podcast_episode,True
C023325,podcast_episode,True
C033318,podcast_episode,False
C002178,song,False
C007602,podcast_episode,False
C015388,album,True
C008360,song,False
C018176,podcast_episode,True
C004257,podcast_episode,False
C018960,podcast_episode,False
C028406,song,True
C020014,song,False
C003329,song,False
C017313,podcast_episode,False
C000198,song,False
C004038,song,False
C002317,podcast_episode,True
C006727,song,True
C029870,song,True
C032615,song,True
C025650,album,False
C013673,song,False
C006194,song,True
C031930,podcast_episode,True
C012547,audiobook,True
C000143,podcast_episode,True
C024974,song,False
C017764,song,True
C009152,podcast_episode,False
C016825,song,False
C017863,song,True
C011745,song,False
C003336,song,True
C000409,podcast_episode,True
C012006,song,False
C032571,podcast_episode,False
C018966,song,True
C008786,album,False
C020727,song,False
C016237,song,False
C025378,album,False
C026059,song,False
C014925,song,False
C011709,podcast_episode,True
C008820,song,False
C011045,song,False
C014453,audiobook,False
C032163,podcast_episode,True
C004902,song,False
C011486,audiobook,False
C002329,song,False
C016930,song,False
C027043,album,False
C026052,song,False
C024286,song,True
C014430,podcast_episode,True
C021395,podcast_episode,False
C010157,song,False
C003258,song,False
C016569,song,False
C028543,song,False
C008746,podcast_episode,False
C000831,song,True
C020786,song,True
C002029,song,False
C020830,song,True
C009688,song,False
C022959,podcast_episode,False
C005425,song,True
C023706,song,True
C017440,song,False
C030308,album,True
C003628,podcast_episode,True
C008608,song,False
C017463,song,True
C023338,song,False
C027373,podcast_episode,False
C030290,song,True
C010099,song,False
C010510,song,False
C033472,podcast_episode,False
C018026,album,False
C027363,song,True
C003316,podcast_episode,True
C005902,song,False
C018947,podcast_episode,False
C020046,podcast_episode,True
C006966,song,False
C022367,song,True
C016318,podcast_episode,True
C007839,podcast_episode,True
C030323,podcast_episode,False
C000541,podcast_episode,False
C001066,album,True
C012962,podcast_episode,False
C024561,song,False
C032942,podcast_episode,False
C028556,song,False
C018764,song,False
C026164,song,True
C033565,song,False
C004195,song,False
C022782,podcast_episode,True
C003825,song,False
C013254,song,False
C014896,podcast_episode,True
C027661,song,False
C018184,podcast_episode,False
C023152,podcast_episode,False
C010227,podcast_episode,False
C025445,song,False
C001434,song,False
C015019,song,False
C025363,song,False
C031985,song,True
C030948,audiobook,True
C025607,song,False
C033839,song,True
C022515,podcast_episode,True
C004264,podcast_episode,False
C001423,song,False
C006535,podcast_episode,False
C014194,song,True
C005811,song,False
C031015,audiobook,False
C021910,song,False
C024922,album,False
C032813,podcast_episode,False
C007641,song,False
C016339,podcast_episode,False
C011471,song,False
C006944,album,False
C020138,album,True
C031365,podcast_episode,True
C015661,song,False
C013208,song,True
C003724,podcast_episode,False
C033297,song,False
C018937,podcast_episode,False
C021797,podcast_episode,True
C005484,album,False
C020073,song,False
C026230,podcast_episode,False
C014644,song,False
C020446,song,False
C027637,song,True
C013002,song,False
C030119,song,True
C010079,song,False
C018862,song,False
C030820,song,True
C004354,song,True
C008024,podcast_episode,False
C015480,podcast_episode,True
C002731,song,False
C030309,song,True
C031910,podcast_episode,False
C028913,podcast_episode,False
C003697,album,True
C016340,song,False
C025780,album,True
C023253,podcast_episode,False
C028745,audiobook,True
C024070,song,False
C033664,album,False
C017940,album,True
C006978,song,False
C006040,song,True
C003351,song,True
C032100,album,True
C032652,song,False
C014302,song,True
C005771,podcast_episode,True
C011298,song,False
C025469,song,False
C005110,audiobook,True
C022442,podcast_episode,True
C029472,song,True
C022755,song,True
C005372,podcast_episode,True
C009487,song,True
C000525,podcast_episode,False
C031250,song,False
C007325,podcast_episode,False
C030750,podcast_episode,True
C021817,podcast_episode,False
C006439,song,True
C019091,podcast_episode,False
C019864,album,True
C005066,song,False
C013105,song,True
C018797,song,False
C003217,song,False
C018000,song,False
C031375,song,True
C033363,song,False
C008062,song,False
C020203,podcast_episode,False
C005420,song,True
C020752,song,False
C020589,song,True
C029490,audiobook,False
C030513,podcast_episode,False
C006525,podcast_episode,False
C027670,song,False
C008758,podcast_episode,True
C007647,song,False
C031751,song,False
C014583,song,True
C017320,podcast_episode,True
C023537,song,False
C023957,podcast_episode,False
C007129,podcast_episode,False
C027727,song,False
C009625,podcast_episode,False
C020584,song,False
C032002,song,True
C003042,song,True
C011929,song,False
C033116,song,True
C026808,podcast_episode,True
C011462,song,False
C004947,song,True
C011551,podcast_episode,False
C019605,podcast_episode,True
C009099,podcast_episode,False
C018708,audiobook,True
C000579,song,False
C012567,song,False
C031383,podcast_episode,False
C008832,song,False
C008585,song,False
C023981,podcast_episode,False
C009667,song,False
C023217,song,False
C008821,song,False
C012823,song,True
C006417,podcast_episode,False
C022326,podcast_episode,False
C013956,podcast_episode,False
C023743,song,False
C023737,song,False
C026340,podcast_episode,False
C013293,podcast_episode,True
C023512,song,False
C028898,song,True
C033293,song,False
C022746,podcast_episode,False
C014890,podcast_episode,False
C004721,song,False
C004695,song,False
C011488,album,True
C010643,podcast_episode,False
C021063,podcast_episode,False
C012975,song,True
C017876,album,False
C017002,song,False
C018135,podcast_episode,False
C004964,audiobook,True
C027745,album,False
C030834,album,False
C032727,song,True
C017604,song,True
C008311,song,False
C003914,song,True
C025849,album,False
C025837,podcast_episode,True
C020227,song,False
C008391,podcast_episode,True
C013296,song,False
C013054,podcast_episode,False
C019478,song,False
C026572,audiobook,True
C013860,podcast_episode,False
C023815,song,False
C001623,album,True
C013039,album,True
C013938,song,False
C002189,album,False
C026788,song,True
C028930,song,False
C014807,song,False
C030625,song,True
C007724,song,True
C010548,podcast_episode,True
C028439,song,False
C028537,song,False
C016329,song,False
C009837,podcast_episode,True
C010612,podcast_episode,True
C019426,song,False
C011212,album,False
C012605,song,False
C025783,song,False
C018166,song,True
C029581,album,False
C017051,podcast_episode,True
C010621,audiobook,True
C025689,podcast_episode,True
C003377,song,False
C028859,podcast_episode,False
C006466,song,False
C000649,song,False
C016484,song,True
C017959,album,False
C026143,song,False
C030421,song,False
C008329,song,False
C032742,podcast_episode,True
C010192,song,True
C001170,album,False
C001438,podcast_episode,False
C019861,podcast_episode,False
C018432,audiobook,False
C006015,podcast_episode,False
C013451,podcast_episode,True
C032859,podcast_episode,False
C024928,song,False
C019565,song,True
C004961,song,False
C004564,song,True
C017629,podcast_episode,True
C019780,song,False
C020393,song,True
C019156,podcast_episode,False
C007433,song,True
C011060,podcast_episode,False
C030073,song,True
C002290,song,True
C026224,podcast_episode,False
C023800,song,False
C016068,song,False
C026210,podcast_episode,False
C011001,podcast_episode,True
C018392,podcast_episode,False
C025133,song,False
C000680,song,False
C017826,podcast_episode,False
C022545,song,False
C007335,song,False
C031235,podcast_episode,True
C010978,song,True
C033486,podcast_episode,False
C018649,album,True
C026147,song,True
C030857,song,False
C028374,song,False
C012844,podcast_episode,False
C006443,song,False
C009737,song,True
C013582,album,False
C006288,podcast_episode,False
C017980,podcast_episode,True
C006294,song,False
C020436,song,False
C013905,podcast_episode,False
C014003,song,False
C001926,song,True
C013782,podcast_episode,True
C002369,podcast_episode,False
C029382,podcast_episode,False
C004932,song,False
C016462,song,False
C008742,audiobook,False
C000795,song,True
C009309,podcast_episode,False
C010337,song,True
C002437,song,False
C030639,podcast_episode,False
C019489,album,False
C028779,album,False
C004868,audiobook,False
C025845,song,True
C030080,song,False
C000010,podcast_episode,False
C013464,song,True
C006262,podcast_episode,False
C003765,song,False
C010916,song,False
C005216,podcast_episode,False
C005067,song,True
C029313,album,True
C000516,podcast_episode,True
C020749,song,False
C005572,podcast_episode,False
C012316,podcast_episode,True
C015557,song,True
C028407,song,False
C027789,song,False
C012668,song,True
C016007,song,True
C019913,podcast_episode,False
C017100,song,True
C026113,podcast_episode,False
C007871,song,True
C011563,song,True
C012037,song,False
C025118,podcast_episode,True
C022295,song,False
C018684,album,False
C025547,song,False
C018087,album,True
C018370,album,False
C027156,song,False
C027446,song,False
C022999,song,False
C001090,podcast_episode,False
C032366,podcast_episode,False
C013571,audiobook,False
C000180,song,False
C014519,album,False
C001624,song,False
C021988,podcast_episode,False
C022121,song,False
C005301,song,False
C019802,podcast_episode,False
C021904,song,False
C005912,podcast_episode,False
C031436,song,True
C029835,song,False
C008389,song,True
C011202,album,False
C013106,audiobook,False
C014443,song,False
C031743,album,False
C020489,song,False
C019637,song,False
C026686,song,False
C002034,song,True
C000647,song,False
C026120,song,False
C000679,album,True
C022147,album,True
C006976,song,False
C024360,song,False
C018180,podcast_episode,False
C017812,song,False
C019111,song,True
C019250,song,False
C006487,podcast_episode,False
C028307,podcast_episode,False
C024215,podcast_episode,True
C011531,song,False
C005200,song,False
C008612,song,False
C006035,song,True
C000775,podcast_episode,False
C026070,podcast_episode,False
C029919,song,False
C002434,song,True
C020208,song,True
C021712,podcast_episode,True
C002694,song,False
C016682,podcast_episode,True
C017773,song,False
C030807,song,True
C019431,song,True
C009214,song,False
C003157,album,False
C028120,song,False
C000167,song,True
C004209,podcast_episode,False
C016004,song,False
C022459,song,True
C018415,song,False
C018146,song,False
C013499,song,True
C014413,song,True
C016147,song,True
C026994,song,False
C006560,song,False
C018007,song,False
C030147,song,False
C007674,podcast_episode,True
C021313,album,False
C001045,audiobook,False
C033138,podcast_episode,False
C024826,song,False
C006931,song,False
C003455,album,False
C012479,song,True
C016399,audiobook,True
C024641,song,False
C012482,song,False
C013308,song,False
C024414,song,False
C004114,song,True
C012947,song,False
C022487,song,True
C004646,album,False
C026701,song,False
C029551,song,True
C024236,song,True
C020651,podcast_episode,False
C009693,podcast_episode,True
C017119,song,True
C023551,song,False
C023857,song,True
C011589,song,False
C006514,song,False
C024742,song,False
C010929,audiobook,False
C030461,song,False
C018584,podcast_episode,True
C002181,podcast_episode,True
C033123,audiobook,True
C027517,podcast_episode,False
C016841,audiobook,False
C018349,album,True
C026556,podcast_episode,False
C032685,song,False
C011207,song,False
C006187,podcast_episode,True
C025687,song,True
C024797,podcast_episode,False
C007715,song,False
C004532,song,False
C017244,song,True
C016601,audiobook,True
C023022,song,True
C013540,podcast_episode,False
C005120,song,True
C014908,song,True
C010665,song,False
C032582,song,False
C015257,song,False
C022037,album,True
C032801,song,False
C010354,song,True
C028178,podcast_episode,True
C007690,song,True
C004920,song,True
C021943,podcast_episode,False
C029949,song,False
C010860,audiobook,True
C005466,song,True
C008127,podcast_episode,True
C019739,song,True
C011431,audiobook,True
C013907,podcast_episode,False
C024350,album,False
C004841,song,True
C027794,song,False
C018418,song,False
C023582,podcast_episode,False
C013146,podcast_episode,False
C028571,album,False
C006079,album,False
C000512,podcast_episode,False
C010074,podcast_episode,False
C014917,song,False
C030156,song,False
C005973,podcast_episode,False
C002407,song,False
C012602,song,False
C015226,album,True
C032633,song,True
C024547,song,False
C002460,song,False
C022193,song,True
C025626,song,False
C024605,podcast_episode,False
C008713,song,False
C019279,song,True
C021221,podcast_episode,False
C032595,podcast_episode,False
C001059,song,False
C017647,podcast_episode,False
C024452,song,False
C019083,podcast_episode,False
C008905,album,True
C003294,audiobook,True
C033327,podcast_episode,False
C008284,song,True
C010632,podcast_episode,False
C008071,album,False
C019312,song,False
C032061,album,True
C017545,podcast_episode,True
C004948,song,True
C026883,song,False
C016257,song,True
C028080,song,False
C031078,song,True
C024441,song,True
C002448,song,False
C001077,podcast_episode,False
C010935,song,False
C010729,song,True
C007121,song,False
C015138,song,True
C008353,album,True
C033143,podcast_episode,True
C000770,song,False
C006497,podcast_episode,True
C020966,song,True
C022318,podcast_episode,False
C010649,song,True
C028113,audiobook,True
C018014,song,False
C008512,podcast_episode,True
C025072,song,True
C018985,song,True
C031121,song,False
C024185,audiobook,True
C030980,song,False
C009042,podcast_episode,True
C025867,podcast_episode,False
C029627,podcast_episode,False
C011343,song,False
C028788,song,False
C032215,song,False
C016299,song,True
C004826,song,True
C033162,album,False
C032329,audiobook,False
C006505,song,True
C013219,podcast_episode,False
C021178,song,True
C024804,song,False
C003333,song,False
C032562,audiobook,False
C020467,song,True
C021356,podcast_episode,False
C032419,podcast_episode,False
C001915,podcast_episode,False
C001274,song,False
C020354,song,True
C007058,song,False
C021413,podcast_episode,False
C024015,song,False
C026827,album,False
C008101,song,True
C011347,podcast_episode,True
C018320,podcast_episode,False
C000072,podcast_episode,False
C008355,podcast_episode,False
C033195,song,False
C015751,song,False
C032461,song,True
C019576,album,True
C006198,song,False
C008911,podcast_episode,False
C025900,album,False
C008449,podcast_episode,False
C028060,podcast_episode,False
C025285,podcast_episode,False
C027326,song,False
C001199,album,False
C014821,podcast_episode,False
C032936,song,False
C006282,song,False
C025693,album,True
C004270,podcast_episode,False
C006878,song,False
C029539,song,False
C006100,podcast_episode,False
C008114,song,False
C026782,podcast_episode,False
C012961,podcast_episode,False
C031147,podcast_episode,False
C023954,song,True
C031346,podcast_episode,False
C022511,song,True
C027589,song,False
C020621,podcast_episode,False
C024261,podcast_episode,False
C013104,podcast_episode,False
C015509,podcast_episode,False
C026335,song,False
C013726,podcast_episode,True
C001527,podcast_episode,False
C006745,song,False
C009306,podcast_episode,True
C016076,song,True
C022164,podcast_episode,True
C027941,song,False
C015284,song,False
C001219,podcast_episode,False
C002435,song,False
C014421,podcast_episode,True
C023399,song,False
C030401,song,False
C030064,podcast_episode,False
C009452,song,False
C010201,album,False
C025848,song,False
C021014,podcast_episode,False
C017087,song,False
C005706,podcast_episode,False
C015962,song,False
C023607,podcast_episode,True
C014170,audiobook,False
C026699,song,True
C002070,album,False
C021483,podcast_episode,True
C021917,song,False
C005981,song,True
C033260,song,True
C014028,song,True
C007154,podcast_episode,False
C016664,podcast_episode,True
C032658,album,True
C005088,song,True
C011935,song,False
C005803,podcast_episode,False
C011278,song,True
C007704,song,False
C011194,song,False
C027747,album,False
C028866,song,True
C028246,song,True
C004248,song,False
C031644,song,True
C014379,podcast_episode,False
C022617,song,False
C001322,song,True
C005093,song,True
C031537,song,False
C018069,song,False
C003031,song,True
C003993,song,False
C000570,song,False
C021949,song,False
C022124,podcast_episode,False
C013861,podcast_episode,False
C032905,song,False
C033829,song,False
C013024,song,False
C012513,podcast_episode,False
C026880,song,True
C028323,audiobook,True
C001550,song,False
C016167,song,True
C012868,song,False
C030193,song,False
C017423,podcast_episode,True
C002298,song,True
C012048,podcast_episode,False
C018705,song,False
C006097,podcast_episode,False
C012314,podcast_episode,False
C026621,song,False
C006907,album,False
C007801,song,False
C010344,podcast_episode,True
C022068,album,False
C001024,song,True
C008772,audiobook,False
C010001,podcast_episode,False
C017290,podcast_episode,True
C033112,album,False
C021594,song,False
C009668,song,False
C026871,podcast_episode,True
C006053,song,False
C027310,song,True
C010542,song,False
C004100,podcast_episode,False
C010436,podcast_episode,True
C013599,song,False
C030409,song,False
C020078,podcast_episode,False
C002859,song,False
C029483,album,False
C030468,song,False
C007654,song,False
C030572,song,False
C009755,podcast_episode,False
C019618,song,False
C020066,song,False
C025822,song,True
C006183,song,False
C009017,song,False
C017866,podcast_episode,False
C018034,podcast_episode,True
C025108,podcast_episode,False
C025995,song,False
C018591,podcast_episode,False
C018466,song,False
C027282,album,True
C018818,album,False
C004106,podcast_episode,False
C014305,podcast_episode,False
C032808,album,False
C017292,podcast_episode,True
C008974,podcast_episode,True
C013062,song,True
C006508,podcast_episode,False
C026221,podcast_episode,False
C020994,song,False
C025509,song,True
C030204,song,False
C030292,album,True
C027328,song,False
C003925,song,False
C007436,song,False
C000979,song,False
C022780,song,False
C018794,song,False
C014595,album,False
C023929,podcast_episode,True
C024330,song,False
C008488,song,True
C008717,song,False
C031909,song,False
C012336,song,True
C019029,song,False
C016168,song,False
C029164,song,False
C029064,song,False
C019071,podcast_episode,True
C023993,song,True
C032225,podcast_episode,True
C008326,song,False
C004462,song,True
C029905,song,False
C028104,podcast_episode,False
C021229,podcast_episode,False
C021121,song,False
C021978,song,False
C032556,album,False
C033557,podcast_episode,False
C014212,song,True
C002204,song,False
C024501,song,False
C025246,song,False
C021103,song,False
C019139,song,False
C006842,album,True
C013817,podcast_episode,False
C001817,podcast_episode,False
C026184,song,False
C016196,podcast_episode,True
C004995,song,False
C001718,podcast_episode,True
C001552,album,False
C000278,song,False
C022021,song,True
C001502,podcast_episode,True
C011242,song,False
C007543,song,False
C013614,song,False
C010807,album,False
C007040,audiobook,True
C014994,song,False
C019742,song,True
C032439,song,False
C026257,song,False
C017139,podcast_episode,True
C028911,song,False
C029033,album,False
C014813,song,False
C003366,podcast_episode,True
C028012,song,True
C021567,song,False
C002770,album,False
C032563,song,False
C032123,song,False
C006762,song,False
C003037,song,False
C006819,song,True
C023735,podcast_episode,True
C008269,song,False
C026472,podcast_episode,False
C028636,song,False
C018585,album,False
C032300,song,True
C005635,podcast_episode,False
C006857,song,False
C015230,song,False
C031612,podcast_episode,True
C017877,song,False
C022190,album,False
C016483,album,False
C029349,song,False
C007987,song,False
C000986,podcast_episode,False
C031879,album,False
C018018,song,False
C010551,audiobook,False
C018912,song,True
C025250,podcast_episode,True
C001047,song,True
C003437,song,True
C018474,podcast_episode,False
C001473,podcast_episode,False
C011867,song,False
C017083,podcast_episode,False
C000995,song,True
C032164,podcast_episode,False
C031692,podcast_episode,False
C025719,song,True
C002887,song,False
C010471,song,True
C009728,song,True
C006410,song,False
C030390,podcast_episode,False
C005498,podcast_episode,True
C032998,song,True
C013535,podcast_episode,True
C012207,song,False
C000466,song,True
C002929,song,False
C023493,song,False
C012328,album,True
C019044,podcast_episode,False
C013849,podcast_episode,True
C019959,song,False
C016354,song,False
C002476,podcast_episode,True
C011758,song,False
C032735,podcast_episode,False
C014456,audiobook,False
C029187,song,True
C019224,podcast_episode,False
C005693,podcast_episode,False
C029547,podcast_episode,False
C012951,album,False
C002778,song,True
C001233,podcast_episode,True
C020862,podcast_episode,True
C033741,podcast_episode,True
C033759,podcast_episode,True
C022777,album,False
C008045,podcast_episode,True
C002373,song,True
C027168,audiobook,True
C000878,song,False
C019020,song,True
C024387,song,False
C024063,song,False
C002303,podcast_episode,False
C020297,song,True
C027293,album,False
C004857,podcast_episode,False
C021049,podcast_episode,True
C002903,song,True
C033445,song,True
C031198,song,True
C024960,audiobook,True
C028615,song,False
C011905,album,False
C031588,song,False
C011399,song,False
C012355,podcast_episode,False
C001839,song,False
C009176,song,False
C030347,podcast_episode,False
C031733,album,False
C007454,song,False
C025079,album,True
C005353,album,False
C015506,song,False
C013245,song,True
C021005,album,True
C025956,song,True
C028479,song,False
C011790,song,True
C019590,song,False
C012997,song,False
C016246,podcast_episode,False
C002091,song,False
C011866,song,False
C008736,song,False
C023435,podcast_episode,False
C000127,song,False
C009350,podcast_episode,False
C016585,audiobook,False
C032506,song,False
C033278,song,True
C006759,podcast_episode,False
C015228,podcast_episode,True
C029731,podcast_episode,False
C005562,song,False
C003974,podcast_episode,True
C006108,song,False
C002645,song,False
C010251,podcast_episode,True
C005044,audiobook,True
C008950,song,False
C030503,song,False
C026747,song,False
C009869,podcast_episode,True
C004626,song,False
C008164,song,False
C031997,song,False
C008610,song,False
C026197,podcast_episode,False
C022549,song,False
C017577,song,True
C022125,song,False
C008912,song,False
C025886,song,False
C033609,song,True
C031097,podcast_episode,False
C027135,song,False
C031407,audiobook,False
C002474,song,True
C018270,song,False
C028962,podcast_episode,True
C012559,song,False
C005040,song,True
C010189,song,False
C026384,podcast_episode,False
C025109,podcast_episode,True
C030366,song,False
C017449,song,True
C017268,song,False
C026011,podcast_episode,True
C027056,song,False
C031658,podcast_episode,False
C018771,podcast_episode,False
C009854,podcast_episode,True
C003691,podcast_episode,True
C023897,song,True
C033215,audiobook,False
C019313,album,False
C007521,podcast_episode,False
C008255,song,False
C023705,podcast_episode,False
C004281,song,True
C025600,song,True
C013775,song,False
C006284,podcast_episode,False
C004774,song,False
C010918,audiobook,False
C022213,song,False
C027714,podcast_episode,True
C001179,podcast_episode,False
C033629,podcast_episode,False
C021629,podcast_episode,False
C027525,song,True
C028935,podcast_episode,True
C029302,song,False
C013889,song,True
C023087,podcast_episode,False
C028236,song,False
C006269,song,False
C010284,audiobook,True
C012939,song,True
C007682,song,False
C001487,podcast_episode,False
C016970,song,True
C027432,podcast_episode,False
C028673,podcast_episode,True
C010411,song,True
C033822,song,False
C007637,song,True
C014422,song,False
C027411,song,False
C029445,album,False
C027939,song,True
C007075,podcast_episode,True
C023407,song,False
C015802,song,True
C004104,song,False
C027969,podcast_episode,True
C017375,podcast_episode,True
C021928,song,False
C000346,podcast_episode,True
C016847,song,True
C014737,song,False
C018575,podcast_episode,False
C006925,song,False
C001123,song,False
C020922,album,False
C000994,song,True
C027154,song,True
C032322,podcast_episode,True
C021977,song,False
C030663,audiobook,True
C029409,podcast_episode,False
C020640,podcast_episode,False
C028968,audiobook,True
C011637,podcast_episode,True
C012818,audiobook,True
C029721,song,False
C007148,song,True
C003147,song,False
C016368,song,False
C014874,song,False
C029003,song,False
C015261,song,False
C029431,song,False
C011542,audiobook,True
C004290,song,True
C026623,audiobook,False
C026820,podcast_episode,True
C014479,podcast_episode,False
C011153,podcast_episode,False
C033094,song,False
C028492,podcast_episode,True
C031405,podcast_episode,True
C000895,audiobook,False
C030532,song,False
C011545,podcast_episode,False
C000684,podcast_episode,False
C026528,song,True
C030043,song,True
C020923,podcast_episode,True
C009492,podcast_episode,False
C014313,song,True
C012960,podcast_episode,False
C000370,song,False
C023372,podcast_episode,True
C023721,podcast_episode,True
C016800,song,False
C026999,song,True
C010799,album,False
C027674,podcast_episode,False
C007404,song,True
C021752,album,False
C017658,album,False
C018353,song,True
C015204,song,True
C029045,podcast_episode,False
C019435,song,True
C002658,podcast_episode,False
C030339,song,True
C013137,podcast_episode,True
C020678,album,False
C025960,song,False
C016552,podcast_episode,True
C002282,song,False
C021112,podcast_episode,True
C011987,song,True
C016448,album,True
C011406,song,True
C022678,song,False
C012792,song,False
C015485,song,True
C021183,album,True
C022152,song,False
C002057,podcast_episode,True
C026553,podcast_episode,False
C003792,audiobook,False
C021279,podcast_episode,True
C011839,song,False
C022292,podcast_episode,True
C029133,podcast_episode,False
C004574,song,False
C028044,podcast_episode,True
C014112,song,True
C025338,song,False
C017992,song,False
C005045,song,False
C014829,song,False
C030664,song,True
C005084,song,False
C019371,song,True
C002442,album,True
C003897,podcast_episode,False
C026961,song,False
C016184,podcast_episode,False
C031477,podcast_episode,True
C019848,song,False
C015503,song,True
C016424,song,True
C021950,song,True
C007579,song,False
C016915,podcast_episode,False
C020184,song,False
C004711,song,False
C029644,song,False
C032865,song,False
C019462,song,True
C011992,audiobook,False
C008724,album,False
C017809,song,False
C006989,podcast_episode,False
C022371,song,False
C013572,song,False
C017634,song,False
C012620,podcast_episode,True
C028154,podcast_episode,False
C033290,podcast_episode,False
C008006,song,True
C003695,song,False
C010445,podcast_episode,True
C027215,song,False
C031247,podcast_episode,True
C027721,podcast_episode,False
C025887,song,False
C030847,podcast_episode,False
C012323,podcast_episode,True
C008245,song,False
C012160,podcast_episode,False
C000470,song,False
C033028,song,False
C030229,song,False
C018902,song,True
C004762,podcast_episode,False
C018660,album,False
C029794,song,True
C024930,podcast_episode,True
C027555,song,False
C031925,podcast_episode,True
C022111,podcast_episode,True
C013319,song,False
C031057,song,True
C003918,song,False
C001353,album,False
C029910,podcast_episode,True
C017991,song,False
C024580,song,True
C033264,song,True
C003257,song,False
C016798,song,True
C020431,song,False
C031660,podcast_episode,False
C010837,podcast_episode,True
C024625,podcast_episode,False
C018359,podcast_episode,False
C021182,song,False
C026347,song,False
C031177,song,True
C007730,song,False
C003384,audiobook,False
C005071,song,False
C008445,podcast_episode,False
C012756,song,False
C022963,podcast_episode,False
C022944,song,False
C028315,podcast_episode,False
C033823,song,False
C009248,podcast_episode,False
C033383,album,False
C015942,audiobook,False
C033265,song,True
C012738,podcast_episode,False
C023730,song,False
C025243,song,True
C018194,song,False
C001014,song,True
C032928,song,True
C016795,song,True
C032085,song,True
C014315,song,True
C014115,song,False
C008253,song,True
C015954,song,False
C016801,podcast_episode,False
C011503,song,False
C023756,song,False
C032851,song,False
C015191,song,True
C000559,podcast_episode,True
C031955,song,True
C009958,podcast_episode,False
C012646,song,False
C004623,song,False
C007304,song,False
C005092,song,False
C023555,song,False
C013662,song,False
C018757,song,True
C010901,song,False
C024520,song,False
C004192,album,True
C012221,song,False
C019964,podcast_episode,False
C013012,song,True
C017144,podcast_episode,True
C002488,podcast_episode,False
C018358,podcast_episode,False
C015359,album,False
C008631,song,False
C005135,song,False
C004725,song,True
C011392,album,False
C028074,song,False
C005136,podcast_episode,False
C002081,album,False
C027089,song,False
C017685,album,False
C029327,podcast_episode,True
C017534,song,True
C018388,song,False
C019524,song,False
C015029,song,True
C016854,song,False
C014251,song,True
C024825,song,False
C025974,song,False
C007523,song,True
C009762,song,True
C027083,podcast_episode,True
C007763,song,False
C026780,podcast_episode,True
C015075,song,False
C000204,song,True
C004500,podcast_episode,False
C028298,podcast_episode,False
C017832,song,True
C018265,song,False
C030569,podcast_episode,False
C033040,song,False
C024811,song,False
C017127,song,False
C019512,song,True
C011657,audiobook,False
C024760,song,True
C013693,song,True
C012536,podcast_episode,True
C003609,podcast_episode,True
C012662,song,True
C011321,podcast_episode,False
C024388,podcast_episode,False
C005386,song,False
C008839,song,False
C009445,song,False
C032600,podcast_episode,False
C019241,album,False
C009576,podcast_episode,False
C011516,song,True
C023154,podcast_episode,False
C002734,album,False
C006152,podcast_episode,False
C017427,podcast_episode,True
C018931,podcast_episode,True
C008144,podcast_episode,False
C027165,song,False
C024837,podcast_episode,True
C009108,song,True
C023752,podcast_episode,False
C002083,song,False
C007187,song,False
C020813,podcast_episode,True
C007745,audiobook,True
C029850,podcast_episode,False
C028853,song,True
C024792,song,False
C020008,song,True
C032132,song,False
C017477,album,False
C006730,song,False
C005669,song,False
C014497,song,False
C020193,song,False
C013720,song,False
C006874,album,False
C029285,podcast_episode,False
C001935,podcast_episode,False
C008878,podcast_episode,False
C025166,podcast_episode,False
C010964,song,False
C033478,song,True
C009287,podcast_episode,False
C004649,album,False
C031809,song,False
C016158,song,True
C000287,song,False
C005320,podcast_episode,False
C000502,song,True
C031321,song,False
C003868,podcast_episode,False
C009484,podcast_episode,False
C032516,song,False
C015927,podcast_episode,True
C010777,song,False
C014683,song,False
C003902,song,False
C020415,audiobook,True
C012551,song,False
C002820,podcast_episode,True
C027409,podcast_episode,False
C030430,podcast_episode,True
C003133,song,True
C016878,album,False
C007752,podcast_episode,False
C028766,audiobook,False
C028129,podcast_episode,False
C022941,song,True
C002767,podcast_episode,True
C008894,podcast_episode,True
C024835,song,True
C017150,song,False
C015060,song,False
C013969,song,False
C019518,podcast_episode,True
C002132,album,True
C004925,song,False
C027068,song,False
C031415,song,False
C001370,song,False
C027354,song,False
C009207,podcast_episode,False
C025017,song,True
C004888,album,True
C004651,podcast_episode,False
C022025,song,False
C007192,podcast_episode,True
C016058,audiobook,False
C030629,song,False
C032242,song,False
C022537,song,True
C017593,podcast_episode,True
C015218,song,False
C004175,audiobook,False
C019404,album,False
C026619,podcast_episode,False
C010193,song,False
C027081,song,False
C015775,song,True
C028496,song,False
C014034,song,True
C021023,song,False
C002854,song,False
C015840,album,True
C003804,song,False
C013381,song,False
C005565,album,True
C000704,podcast_episode,False
C025508,song,True
C016081,podcast_episode,False
C001150,song,False
C015572,podcast_episode,False
C011644,song,True
C006548,podcast_episode,True
C002958,song,False
C000667,song,False
C027576,song,False
C006914,podcast_episode,False
C012400,podcast_episode,False
C010185,podcast_episode,False
C024546,podcast_episode,True
C023374,album,False
C029802,song,False
C027196,podcast_episode,False
C008826,song,False
C001964,song,False
C009879,song,False
C019057,song,True
C005000,song,True
C018361,song,False
C022414,song,True
C015362,song,False
C022873,song,True
C008924,song,True
C029933,song,True
C032135,podcast_episode,True
C027604,song,False
C004963,song,False
C023093,album,False
C030074,album,True
C001854,song,False
C002949,audiobook,False
C009456,audiobook,False
C031741,song,False
C016457,song,True
C030567,podcast_episode,False
C004126,song,False
C023720,song,False
C014639,song,True
C002853,song,False
C013426,song,True
C015091,song,False
C020246,song,False
C019744,album,True
C007799,song,False
C024518,song,True
C030916,podcast_episode,False
C009096,song,False
C014979,song,True
C022933,podcast_episode,False
C008869,song,False
C001213,podcast_episode,True
C031929,song,True
C022812,song,False
C023979,podcast_episode,False
C012254,podcast_episode,False
C024967,song,True
C012836,album,False
C031218,song,False
C026818,song,False
C029368,song,False
C020119,podcast_episode,True
C012200,song,False
C026503,song,False
C023238,podcast_episode,False
C013091,song,True
C027807,song,False
C001166,song,False
C008356,song,False
C022550,song,False
C018389,podcast_episode,False
C026222,podcast_episode,False
C000708,song,False
C012491,song,True
C024701,song,True
C023978,song,True
C020376,podcast_episode,False
C005405,song,False
C006042,song,False
C028289,song,False
C015937,album,False
C000400,song,False
C006723,song,True
C011674,podcast_episode,False
C023879,podcast_episode,False
C016932,song,False
C032949,song,False
C017258,podcast_episode,False
C021837,podcast_episode,True
C014640,podcast_episode,True
C025747,song,False
C000656,song,True
C031837,audiobook,False
C012560,album,False
C029710,audiobook,True
C006057,song,True
C024094,podcast_episode,True
C028554,song,True
C007355,album,False
C005722,podcast_episode,False
C032568,podcast_episode,True
C002847,podcast_episode,False
C023992,song,True
C009715,song,False
C029108,podcast_episode,False
C028669,podcast_episode,True
C020975,album,True
C026967,song,True
C028541,song,False
C021756,audiobook,False
C030285,podcast_episode,False
C008888,song,False
C031515,song,False
C018333,podcast_episode,True
C027417,song,False
C033018,song,True
C004730,song,False
C018810,song,False
C023675,podcast_episode,True
C019123,song,False
C030199,song,False
C033734,podcast_episode,True
C032493,song,False
C028091,podcast_episode,False
C000485,song,False
C019256,song,True
C019356,song,True
C030365,song,False
C029543,song,False
C033273,song,False
C033124,song,True
C032086,song,False
C020252,song,False
C019172,song,False
C010169,podcast_episode,False
C025364,song,False
C025574,podcast_episode,False
C023255,podcast_episode,True
C010422,song,False
C029077,podcast_episode,False
C027385,song,False
C008759,podcast_episode,True
C020861,song,False
C010861,audiobook,False
C031214,song,False
C011594,song,False
C033740,song,False
C017158,podcast_episode,False
C016378,song,False
C001280,song,True
C023864,podcast_episode,False
C026486,song,False
C014225,song,False
C013521,song,False
C022817,song,True
C005105,podcast_episode,False
C010693,podcast_episode,True
C026252,song,False
C004631,song,False
C030299,album,True
C028498,song,False
C021753,podcast_episode,False
C008096,podcast_episode,True
C027963,song,False
C010489,podcast_episode,True
C003396,podcast_episode,False
C014804,song,False
C018800,podcast_episode,True
C028255,podcast_episode,False
C026762,audiobook,False
C016419,song,False
C029672,song,True
C024973,song,False
C009062,song,False
C014597,album,True
C017203,song,False
C030623,album,False
C019160,song,False
C016794,podcast_episode,True
C022841,song,False
C030620,album,True
C009707,song,False
C004168,song,True
C026166,song,False
C003505,podcast_episode,True
C022377,song,True
C028036,song,False
C013071,song,True
C027641,audiobook,False
C012440,song,True
C020745,song,False
C012769,album,False
C033767,song,False
C029080,song,False
C016813,album,True
C017262,song,False
C017297,album,False
C018141,song,True
C032831,album,False
C007567,song,False
C011025,song,False
C020827,song,False
C011796,podcast_episode,False
C014790,podcast_episode,True
C015484,song,False
C026047,podcast_episode,True
C028600,song,True
C024291,song,True
C019798,song,False
C032725,song,False
C004432,song,False
C014565,podcast_episode,False
C015531,audiobook,False
C003588,song,True
C031249,podcast_episode,True
C005782,podcast_episode,True
C026813,podcast_episode,False
C025005,song,False
C027796,song,True
C027699,song,True
C011974,song,False
C016659,song,False
C021869,song,False
C005297,podcast_episode,False
C016067,song,False
C013856,song,False
C005839,podcast_episode,True
C026737,song,False
C025514,podcast_episode,False
C031041,song,False
C001539,song,True
C020280,podcast_episode,True
C019479,song,False
C002702,song,True
C028214,song,False
C030938,podcast_episode,False
C021854,podcast_episode,False
C018199,podcast_episode,False
C000511,podcast_episode,True
C017843,podcast_episode,False
C029377,podcast_episode,True
C000161,podcast_episode,False
C024132,podcast_episode,False
C020904,song,True
C020926,album,True
C030319,podcast_episode,True
C006709,podcast_episode,False
C026755,song,False
C006521,album,False
C032152,album,True
C020949,podcast_episode,True
C016327,podcast_episode,True
C032005,album,True
C001365,podcast_episode,True
C022309,podcast_episode,False
C020898,song,True
C019406,podcast_episode,True
C011386,song,True
C021535,podcast_episode,False
C031500,song,True
C004445,podcast_episode,False
C013458,song,False
C013740,podcast_episode,False
C011926,song,False
C031767,podcast_episode,False
C015803,audiobook,True
C012324,podcast_episode,False
C031606,album,False
C013253,podcast_episode,True
C026421,podcast_episode,False
C007478,song,False
C022054,song,True
C020614,podcast_episode,False
C016579,podcast_episode,False
C006617,audiobook,False
C019248,song,False
C023158,podcast_episode,False
C010509,podcast_episode,False
C000957,podcast_episode,True
C015325,album,True
C000762,podcast_episode,True
C012938,song,True
C010722,song,False
C029706,song,False
C016416,song,False
C032062,song,False
C018634,song,False
C019024,song,True
C028974,song,True
C030118,song,False
C015465,podcast_episode,False
C019909,album,False
C011456,song,False
C000751,podcast_episode,True
C021165,song,True
C006379,podcast_episode,True
C032671,podcast_episode,False
C010588,podcast_episode,False
C031393,album,False
C002625,audiobook,False
C012397,song,False
C017813,podcast_episode,False
C030479,song,False
C014488,song,False
C016950,podcast_episode,True
C015719,podcast_episode,False
C032903,podcast_episode,True
C027648,song,False
C011710,podcast_episode,False
C013688,song,False
C028177,song,True
C031409,song,False
C012784,song,True
C011528,podcast_episode,False
C003104,song,False
C028835,song,False
C016746,podcast_episode,False
C014609,podcast_episode,True
C014041,song,False
C029400,podcast_episode,False
C011784,song,False
C011883,song,False
C015687,podcast_episode,False
C014130,song,False
C005601,song,True
C000457,podcast_episode,False
C020334,album,False
C030161,song,False
C012898,podcast_episode,False
C007505,song,True
C013802,album,False
C028884,song,False
C011041,song,True
C011708,song,False
C008004,song,False
C032339,song,False
C023365,podcast_episode,False
C016173,podcast_episode,False
C025853,podcast_episode,True
C003785,song,False
C011754,song,False
C013694,podcast_episode,False
C032879,song,False
C021912,song,True
C013947,song,True
C030061,podcast_episode,True
C030860,song,False
C032814,song,False
C031421,song,True
C004975,song,True
C010945,song,False
C004258,song,False
C024732,song,False
C013685,audiobook,False
C000264,song,True
C015607,song,True
C010525,song,False
C025415,audiobook,True
C031253,podcast_episode,True
C026447,song,False
C003839,song,False
C007945,podcast_episode,True
C002641,podcast_episode,False
C007678,song,True
C018092,song,False
C010490,podcast_episode,False
C012525,podcast_episode,False
C016209,song,False
C033361,podcast_episode,True
C004939,podcast_episode,False
C017230,album,False
C032254,song,True
C011680,song,True
C008595,song,False
C013397,song,True
C007405,album,False
C025468,song,True
C009054,song,False
C007388,song,False
C012534,audiobook,False
C009429,song,False
C010280,song,False
C027694,podcast_episode,True
C004030,song,False
C007428,podcast_episode,False
C019982,podcast_episode,False
C029574,podcast_episode,False
C025772,song,False
C029148,song,False
C030486,podcast_episode,False
C026540,song,False
C006795,song,True
C030445,audiobook,False
C004412,song,False
C011346,song,False
C031065,song,True
C008837,song,True
C019192,song,False
C020537,podcast_episode,False
C026050,song,True
C010395,audiobook,False
C025736,song,True
C017394,podcast_episode,False
C005471,song,False
C024437,podcast_episode,True
C025968,song,True
C026522,podcast_episode,False
C025429,song,True
C011973,song,True
C032486,song,False
C002897,song,True
C027401,podcast_episode,True
C006068,song,False
C022596,song,True
C005359,audiobook,True
C004989,audiobook,False
C011705,podcast_episode,True
C018095,song,False
C005582,album,True
C014940,podcast_episode,True
C010801,song,False
C031663,podcast_episode,False
C021696,song,False
C003846,podcast_episode,True
C016604,podcast_episode,True
C024275,podcast_episode,True
C031948,song,False
C030680,song,False
C031884,song,False
C025526,song,False
C012604,podcast_episode,False
C014910,album,True
C003927,album,True
C020815,song,True
C032587,song,True
C012578,podcast_episode,False
C025708,song,False
C032895,song,True
C001291,podcast_episode,True
C026454,song,False
C016983,song,True
C027180,song,False
C015648,podcast_episode,False
C020841,song,False
C017347,song,False
C025935,podcast_episode,True
C021171,song,False
C023786,podcast_episode,True
C029266,song,True
C009193,song,False
C007892,audiobook,False
C024082,podcast_episode,True
C028453,song,True
C021678,song,False
C031539,podcast_episode,False
C008480,song,False
C021671,album,True
C001389,song,False
C031683,song,False
C008773,song,True
C016920,song,True
C014705,podcast_episode,False
C025542,podcast_episode,False
C007391,song,False
C020292,podcast_episode,False
C033756,song,False
C030381,podcast_episode,True
C007374,podcast_episode,True
C030770,podcast_episode,True
C022508,podcast_episode,False
C014197,podcast_episode,True
C014485,audiobook,True
C000911,podcast_episode,False
C011090,song,False
C004326,song,False
C008507,album,True
C017688,song,True
C011846,podcast_episode,False
C033777,song,True
C000128,podcast_episode,False
C003800,song,False
C001782,song,True
C003103,song,False
C001670,podcast_episode,False
C007575,song,False
C009154,audiobook,False
C020383,audiobook,False
C025595,song,False
C000041,song,False
C011174,song,True
C000256,audiobook,True
C006638,song,True
C011203,song,True
C018489,podcast_episode,False
C032943,album,False
C010237,song,True
C014550,podcast_episode,False
C010196,podcast_episode,True
C020455,song,True
C018646,song,True
C023136,audiobook,False
C028158,podcast_episode,True
C031690,album,True
C025202,podcast_episode,False
C019421,podcast_episode,True
C010628,song,False
C025288,song,False
C031469,song,True
C016418,podcast_episode,True
C008850,audiobook,False
C015437,song,True
C009580,podcast_episode,True
C033083,song,False
C009687,podcast_episode,False
C008967,album,True
C020788,song,False
C001719,podcast_episode,True
C032481,podcast_episode,False
C032643,song,False
C013589,podcast_episode,False
C007640,song,False
C012206,podcast_episode,False
C020919,podcast_episode,False
C020954,song,True
C003361,podcast_episode,False
C028720,album,False
C030615,song,False
C006367,song,False
C026515,podcast_episode,False
C020209,song,False
C004277,podcast_episode,False
C030539,album,True
C000394,song,False
C027233,podcast_episode,True
C025066,song,False
C004025,song,False
C025551,song,False
C014865,podcast_episode,False
C020114,podcast_episode,True
C005649,song,False
C020574,podcast_episode,False
C006451,song,True
C029994,song,True
C026008,song,True
C003108,podcast_episode,False
C028232,song,True
C000499,album,False
C020638,song,False
C026239,podcast_episode,True
C009725,song,True
C022546,podcast_episode,True
C016245,song,True
C016844,song,False
C029017,podcast_episode,True
C031339,podcast_episode,True
C017941,podcast_episode,False
C013417,podcast_episode,False
C027856,song,False
C012318,song,True
C026391,podcast_episode,False
C006126,podcast_episode,False
C014870,song,False
C011727,album,False
C031531,song,False
C002484,audiobook,False
C026010,podcast_episode,False
C015805,song,False
C002406,song,False
C000662,song,False
C016037,song,False
C017151,podcast_episode,False
C022517,song,False
C029416,podcast_episode,True
C007964,podcast_episode,False
C003519,album,False
C031861,song,False
C024152,album,True
C006066,podcast_episode,False
C001058,podcast_episode,False
C016035,song,False
C002237,song,False
C004364,song,True
C012015,song,False
C011669,podcast_episode,False
C021831,song,False
C004780,song,True
C009597,audiobook,False
C028172,song,False
C033220,podcast_episode,True
C026964,song,True
C005215,podcast_episode,False
C001111,song,False
C012828,album,False
C005052,song,True
C016048,song,False
C028065,song,True
C023909,album,True
C014009,song,True
C005394,audiobook,False
C019759,audiobook,True
C025850,song,False
C028400,song,False
C029773,podcast_episode,False
C033624,song,False
C008741,podcast_episode,False
C012866,song,False
C010451,podcast_episode,False
C009271,audiobook,False
C008161,song,False
C006917,podcast_episode,False
C019581,album,True
C014964,audiobook,False
C013322,podcast_episode,False
C008058,song,True
C004658,song,False
C026458,song,True
C017722,podcast_episode,False
C013644,album,True
C009107,song,False
C007353,song,False
C029023,song,False
C014046,audiobook,True
C009635,podcast_episode,True
C027521,song,True
C002268,song,False
C005736,podcast_episode,True
C007142,song,True
C007723,album,False
C029603,song,False
C014759,song,True
C028332,song,True
C011305,song,False
C001744,song,True
C027100,album,False
C023023,song,False
C010330,audiobook,True
C010165,podcast_episode,False
C026236,song,False
C030348,song,False
C013725,song,True
C005446,podcast_episode,False
C013414,podcast_episode,True
C005539,song,False
C001544,song,False
C026986,audiobook,True
C030925,audiobook,False
C022866,podcast_episode,False
C033683,song,False
C018277,song,False
C028249,podcast_episode,False
C009153,podcast_episode,True
C032180,song,False
C015340,song,False
C013926,song,False
C010567,podcast_episode,True
C031735,song,False
C024765,podcast_episode,True
C023913,song,True
C004372,podcast_episode,False
C016098,song,True
C028867,song,True
C016242,podcast_episode,False
C021881,podcast_episode,False
C007169,song,False
C003219,podcast_episode,True
C020818,podcast_episode,False
C016104,song,False
C024020,song,True
C018103,song,True
C011340,podcast_episode,False
C000298,song,False
C022976,podcast_episode,False
C002561,podcast_episode,False
C008363,song,True
C018665,song,True
C029105,song,False
C015749,song,True
C033679,podcast_episode,False
C019445,song,False
C002567,podcast_episode,False
C001530,song,False
C011319,podcast_episode,False
C002894,album,False
C010492,song,True
C025336,podcast_episode,False
C012194,podcast_episode,False
C017911,podcast_episode,False
C002028,podcast_episode,True
C019793,song,False
C010985,audiobook,False
C008362,podcast_episode,True
C020717,album,False
C029485,song,True
C032934,podcast_episode,False
C006509,audiobook,False
C017608,podcast_episode,False
C001707,song,False
C017905,song,False
C025847,song,False
C033526,song,True
C020662,song,True
C012023,song,False
C025461,song,False
C014450,podcast_episode,False
C004043,podcast_episode,False
C006197,song,False
C000933,song,False
C027552,song,True
C030332,song,False
C008321,song,False
C005436,song,True
C017414,song,False
C007561,song,True
C021780,song,False
C018236,podcast_episode,True
C003812,song,True
C016619,song,False
C016822,album,False
C016073,album,True
C013512,podcast_episode,False
C023027,podcast_episode,False
C026353,album,True
C021015,song,True
C016838,podcast_episode,True
C024853,podcast_episode,False
C021382,podcast_episode,True
C009374,audiobook,True
C012859,song,True
C012584,album,False
C031485,song,True
C008007,song,True
C019696,podcast_episode,False
C007112,album,False
C022490,podcast_episode,True
C021271,album,False
C000847,song,True
C000853,album,True
C028704,song,False
C018993,song,False
C021098,song,False
C029443,audiobook,False
C028197,song,True
C032666,podcast_episode,False
C002913,audiobook,False
C010644,album,False
C009485,song,False
C025452,song,True
C006449,song,False
C017639,song,True
C005388,song,True
C017407,podcast_episode,True
C028812,song,True
C011662,song,True
C011170,song,True
C004201,album,False
C024848,album,True
C009735,podcast_episode,False
C004227,song,True
C010382,song,True
C023784,podcast_episode,False
C020874,album,False
C002525,album,False
C018104,podcast_episode,True
C026920,song,False
C029808,podcast_episode,True
C028727,song,True
C022077,song,False
C026223,song,True
C001962,song,False
C023454,podcast_episode,False
C002323,song,False
C002260,song,False
C017511,song,False
C018990,song,False
C023509,podcast_episode,False
C005235,song,False
C010031,album,False
C019648,audiobook,False
C000398,song,True
C016022,podcast_episode,False
C020053,podcast_episode,True
C009651,song,False
C010479,podcast_episode,False
C006986,song,False
C015980,album,False
C001209,song,False
C003447,song,False
C018464,podcast_episode,False
C013184,podcast_episode,True
C008692,podcast_episode,False
C008813,song,True
C015845,podcast_episode,True
C030192,song,False
C029345,song,False
C019104,podcast_episode,False
C026365,song,True
C004327,podcast_episode,False
C019566,song,True
C022858,podcast_episode,True
C010885,podcast_episode,False
C022476,song,False
C013500,audiobook,False
C001260,podcast_episode,True
C029938,audiobook,False
C000454,podcast_episode,True
C031924,podcast_episode,True
C006996,podcast_episode,False
C020728,song,False
C014528,song,False
C019893,podcast_episode,True
C009349,podcast_episode,False
C016781,song,True
C014448,song,False
C013147,podcast_episode,False
C026297,song,True
C007806,album,False
C015289,podcast_episode,False
C016908,podcast_episode,False
C031192,podcast_episode,False
C026086,podcast_episode,False
C004073,song,False
C021626,podcast_episode,False
C003498,podcast_episode,True
C007437,song,False
C017344,song,False
C032706,song,False
C009867,podcast_episode,False
C029252,song,True
C009446,podcast_episode,False
C004239,song,True
C015034,song,True
C019975,podcast_episode,True
C013082,song,True
C004282,podcast_episode,True
C001412,podcast_episode,False
C030248,podcast_episode,False
C004974,song,True
C009621,podcast_episode,True
C017458,song,False
C031348,song,False
C017609,song,True
C024939,podcast_episode,True
C008546,song,False
C010816,song,False
C002321,podcast_episode,False
C006734,audiobook,False
C010441,audiobook,True
C030765,podcast_episode,True
C024921,song,False
C023259,song,True
C025519,song,False
C011530,song,False
C017936,podcast_episode,False
C015490,song,False
C017399,album,False
C004616,song,False
C026430,song,False
C030969,podcast_episode,True
C031450,song,False
C023713,song,True
C022743,song,False
C031860,song,False
C007207,podcast_episode,False
C014241,song,False
C032609,podcast_episode,True
C022197,song,False
C026655,song,False
C020806,song,False
C022283,podcast_episode,False
C003806,podcast_episode,False
C003197,song,False
C018083,podcast_episode,False
C030301,album,True
C028639,song,False
C019844,audiobook,True
C019346,album,True
C025603,song,True
C007593,album,False
C026309,podcast_episode,False
C012921,podcast_episode,False
C012952,podcast_episode,False
C028784,song,False
C030581,song,True
C015140,song,False
C018057,audiobook,False
C024160,podcast_episode,True
C030603,song,False
C033252,album,False
C032277,podcast_episode,True
C014156,song,False
C000877,song,True
C024556,album,False
C022599,song,True
C023246,album,False
C028798,podcast_episode,False
C024468,song,True
C014196,song,True
C032294,song,False
C012499,podcast_episode,False
C005449,podcast_episode,True
C018572,song,False
C020913,podcast_episode,False
C018653,song,False
C008028,podcast_episode,False
C021456,song,False
C005435,song,False
C024660,podcast_episode,True
C009703,song,False
C002649,song,True
C006401,song,True
C009105,song,True
C001971,audiobook,False
C005267,podcast_episode,False
C021659,song,True
C028363,podcast_episode,False
C003289,song,True
C029658,album,False
C023137,song,False
C025758,song,False
C008552,song,True
C003182,podcast_episode,False
C009847,song,True
C011113,song,True
C004041,song,False
C007364,song,True
C014341,song,False
C000960,song,False
C009166,song,False
C021526,song,True
C033658,audiobook,False
C010761,podcast_episode,True
C022479,podcast_episode,False
C004167,song,False
C003007,album,False
C005948,song,True
C021547,podcast_episode,True
C000943,podcast_episode,False
C004473,song,True
C020259,album,True
C028826,song,True
C027857,song,True
C000686,podcast_episode,True
C024870,podcast_episode,False
C011301,song,False
C017332,podcast_episode,False
C009216,song,True
C030370,song,False
C001775,podcast_episode,False
C023267,song,True
C020726,album,True
C023630,song,False
C028218,song,False
C024897,podcast_episode,True
C019213,song,False
C028621,podcast_episode,False
C010223,podcast_episode,False
C002582,song,True
C014746,podcast_episode,True
C015989,podcast_episode,True
C005258,podcast_episode,False
C028328,podcast_episode,False
C015705,podcast_episode,False
C014688,song,False
C003746,podcast_episode,False
C010206,podcast_episode,True
C019601,song,True
C016082,podcast_episode,False
C000606,album,True
C000614,song,True
C020822,album,False
C005820,album,True
C020337,podcast_episode,False
C011718,podcast_episode,False
C022075,song,True
C020766,podcast_episode,False
C017988,song,True
C025443,song,True
C005667,podcast_episode,True
C011121,song,False
C032576,song,False
C031556,podcast_episode,True
C013744,song,False
C008903,song,False
C023696,song,False
C030696,song,False
C019987,song,False
C025642,song,False
C019309,song,False
C000225,song,False
C005892,song,True
C017730,podcast_episode,True
C002023,song,False
C012663,song,False
C027524,song,True
C017713,song,False
C006522,song,False
C004027,podcast_episode,False
C010872,podcast_episode,False
C003615,album,False
C005039,podcast_episode,True
C029289,song,False
C011422,song,False
C003269,song,True
C014666,song,False
C003158,song,False
C032239,song,False
C030470,podcast_episode,False
C014222,audiobook,True
C002088,song,False
C025387,song,True
C015746,song,False
C019836,album,False
C033019,song,True
C004662,podcast_episode,False
C005188,album,False
C008222,podcast_episode,True
C005519,song,False
C020706,podcast_episode,True
C024795,song,False
C014132,podcast_episode,False
C032032,audiobook,False
C005781,podcast_episode,True
C016070,podcast_episode,False
C002686,podcast_episode,False
C001711,podcast_episode,False
C027382,song,False
C027652,song,False
C031937,album,False
C026103,song,False
C009942,song,False
C000210,album,True
C029615,podcast_episode,True
C001622,song,False
C015731,song,False
C017572,song,False
C031941,song,False
C029664,album,True
C000184,song,False
C006811,album,True
C015889,song,False
C009708,song,True
C020182,podcast_episode,False
C026461,song,True
C021431,podcast_episode,False
C014408,album,False
C030455,podcast_episode,True
C016907,podcast_episode,False
C012459,song,False
C006010,song,False
C002840,podcast_episode,False
C027650,podcast_episode,False
C029232,song,False
C004689,song,True
C012618,podcast_episode,False
C004034,song,False
C000823,song,False
C011749,song,False
C000089,song,True
C009672,song,True
C028785,podcast_episode,True
C004894,album,True
C030104,audiobook,False
C027861,podcast_episode,True
C024074,podcast_episode,False
C009962,song,True
C027900,audiobook,False
C027264,album,True
C001046,song,True
C019148,album,False
C012739,podcast_episode,False
C027291,song,False
C028174,song,False
C028872,song,False
C007793,audiobook,False
C022248,song,True
C030651,song,True
C003831,song,False
C020188,song,False
C021118,song,False
C031103,podcast_episode,False
C003971,song,False
C008661,podcast_episode,False
C030260,song,False
C015929,song,False
C012695,song,False
C008615,song,False
C016031,song,False
C011097,podcast_episode,True
C004435,song,False
C008011,song,True
C030731,podcast_episode,False
C025926,song,True
C014853,podcast_episode,False
C002453,song,False
C003496,podcast_episode,True
C014665,song,False
C017925,podcast_episode,False
C000052,song,True
C000552,podcast_episode,True
C031094,song,True
C033832,podcast_episode,True
C030236,album,False
C004612,song,False
C013601,song,False
C007408,song,False
C021934,song,False
C002706,song,False
C007151,song,False
C006368,song,False
C016430,podcast_episode,True
C021038,song,True
C029200,podcast_episode,False
C011598,audiobook,False
C004467,song,True
C007050,podcast_episode,False
C028951,album,False
C026137,song,False
C011185,song,False
C010113,podcast_episode,False
C019439,podcast_episode,True
C022657,album,True
C012203,album,False
C027945,song,False
C029417,podcast_episode,False
C019485,audiobook,False
C021666,song,False
C013076,song,True
C008333,song,True
C024101,album,True
C004129,podcast_episode,False
C002712,song,False
C018730,album,False
C002337,podcast_episode,True
C029020,podcast_episode,True
C022385,song,True
C032638,podcast_episode,False
C025437,song,False
C010877,audiobook,True
C000097,song,False
C025052,podcast_episode,False
C016804,podcast_episode,False
C002744,podcast_episode,True
C001644,song,True
C011684,song,False
C003980,podcast_episode,True
C005907,audiobook,True
C019817,audiobook,False
C028206,song,False
C001107,album,False
C003390,song,False
C019415,album,True
C018824,song,False
C017962,song,False
C022010,podcast_episode,True
C007079,album,False
C016353,song,False
C031039,podcast_episode,True
C027896,song,False
C009960,song,True
C008206,album,True
C018837,album,False
C020879,podcast_episode,False
C005339,album,False
C002789,song,False
C007113,podcast_episode,True
C000007,song,False
C022393,song,False
C028834,podcast_episode,True
C015176,album,False
C025121,song,True
C000078,song,False
C004872,song,True
C019723,song,False
C007177,song,False
C018300,song,False
C012896,song,True
C023514,song,False
C028064,song,False
C014326,song,True
C015382,song,False
C030529,song,True
C020347,podcast_episode,False
C015690,podcast_episode,False
C004206,song,True
C023262,audiobook,False
C006573,podcast_episode,False
C012150,album,False
C030592,album,False
C023698,audiobook,True
C033334,song,True
C023353,song,True
C011168,song,True
C019623,song,False
C024218,song,True
C024773,podcast_episode,False
C016744,podcast_episode,False
C006858,podcast_episode,False
C008197,song,True
C010730,song,False
C015822,song,True
C017566,podcast_episode,False
C012824,song,True
C003543,podcast_episode,True
C021428,song,True
C028183,song,True
C032607,song,True
C000800,song,False
C033654,song,True
C003568,song,True
C015255,song,True
C001663,song,False
C022316,song,True
C000187,song,True
C000117,song,True
C023500,podcast_episode,True
C001386,song,True
C028426,song,False
C010236,song,False
C019583,podcast_episode,False
C027387,podcast_episode,True
C027054,song,True
C000592,song,True
C012173,song,True
C001210,song,False
C017840,song,False
C032067,podcast_episode,False
C019271,song,False
C016815,song,False
C005222,song,False
C031591,song,False
C021619,song,False
C011690,song,False
C019262,song,True
C013222,song,False
C012249,song,True
C021335,audiobook,False
C018663,song,True
C018922,podcast_episode,True
C003304,song,True
C013929,podcast_episode,True
C017943,podcast_episode,True
C006866,audiobook,False
C028167,song,False
C009808,album,False
C006847,podcast_episode,True
C020964,song,False
C013715,song,False
C031726,podcast_episode,False
C007769,song,False
C030312,song,False
C000918,song,False
C033369,song,False
C015956,song,True
C022607,podcast_episode,False
C015202,song,True
C031355,song,True
C009384,song,False
C027122,song,False
C009754,audiobook,False
C017113,song,False
C031115,podcast_episode,False
C024917,podcast_episode,False
C012829,song,False
C015868,song,False
C019355,song,False
C000114,song,False
C018872,song,False
C019443,podcast_episode,True
C014098,song,False
C026169,podcast_episode,False
C033506,podcast_episode,False
C015217,podcast_episode,False
C003203,song,False
C026263,song,True
C023392,song,False
C010314,podcast_episode,True
C028874,song,False
C031468,album,False
C019842,podcast_episode,True
C016154,audiobook,False
C032775,album,False
C019144,song,False
C001035,podcast_episode,True
C029703,song,False
C024715,song,True
C006659,song,False
C025487,song,False
C033854,audiobook,True
C033058,podcast_episode,False
C012164,song,False
C002229,song,True
C005192,podcast_episode,False
C002366,podcast_episode,True
C029135,song,True
C007241,audiobook,True
C028763,album,False
C031448,podcast_episode,False
C033455,album,False
C013826,song,True
C024069,song,False
C016469,podcast_episode,True
C017129,song,False
C011312,podcast_episode,False
C010656,podcast_episode,False
C032117,song,True
C011517,song,False
C000907,podcast_episode,False
C013653,album,True
C008699,podcast_episode,False
C026094,podcast_episode,True
C000216,song,False
C014415,song,True
C033234,song,False
C023699,podcast_episode,False
C004737,podcast_episode,False
C017697,song,False
C016118,podcast_episode,False
C032533,podcast_episode,False
C006772,song,False
C017665,song,False
C027930,album,False
C026563,podcast_episode,False
C006158,podcast_episode,True
C017746,song,True
C025106,song,True
C029548,podcast_episode,False
C026238,song,False
C003117,album,False
C016884,song,True
C028157,song,True
C007780,song,False
C003065,song,False
C022219,podcast_episode,True
C003362,podcast_episode,True
C009533,podcast_episode,False
C001493,audiobook,False
C032770,album,True
C005042,song,True
C026542,song,False
C021806,podcast_episode,False
C021782,podcast_episode,False
C000828,audiobook,False
C033441,song,True
C007059,album,True
C022554,podcast_episode,True
C008549,song,False
C016547,song,False
C028918,song,True
C016831,song,False
C014546,song,False
C011270,song,True
C003352,song,False
C018545,song,False
C018957,podcast_episode,True
C023171,song,True
C017021,album,True
C033449,song,False
C011720,podcast_episode,False
C027055,podcast_episode,False
C029032,song,True
C018774,podcast_episode,True
C001902,podcast_episode,False
C020511,album,True
C020230,song,True
C001540,podcast_episode,False
C023605,song,False
C015832,song,False
C015958,song,True
C030690,podcast_episode,False
C016346,song,False
C032194,podcast_episode,True
C029725,podcast_episode,True
C002933,song,False
C021302,podcast_episode,False
C028565,album,False
C031464,song,True
C022083,audiobook,False
C006114,audiobook,False
C001844,song,False
C007470,album,False
C033315,song,False
C026434,song,False
C020751,podcast_episode,False
C015383,song,False
C014579,song,False
C023387,audiobook,False
C010813,song,True
C028062,podcast_episode,False
C012549,song,True
C031847,song,False
C029082,album,False
C017975,podcast_episode,False
C008891,song,False
C031102,song,True
C000983,song,False
C013422,podcast_episode,True
C010742,song,False
C025640,song,True
C006697,podcast_episode,False
C031711,song,True
C031551,song,False
C027308,audiobook,False
C000520,podcast_episode,False
C013692,podcast_episode,False
C000714,podcast_episode,False
C006078,podcast_episode,True
C000926,podcast_episode,False
C021643,podcast_episode,False
C018110,song,False
C005681,song,True
C018322,song,False
C010994,podcast_episode,False
C004242,podcast_episode,True
C000350,song,True
C011978,podcast_episode,True
C031532,podcast_episode,False
C019645,podcast_episode,False
C033625,song,True
C015239,album,False
C006389,song,False
C019570,podcast_episode,False
C022682,audiobook,False
C011801,audiobook,True
C029092,song,False
C009561,song,False
C009023,podcast_episode,False
C029972,podcast_episode,True
C005854,podcast_episode,True
C032995,podcast_episode,False
C031268,podcast_episode,False
C000981,song,False
C009171,song,False
C005614,song,True
C025055,song,False
C027151,song,True
C023078,podcast_episode,False
C032987,podcast_episode,False
C025692,song,True
C032848,album,True
C019699,song,True
C027995,song,True
C001466,song,False
C026135,podcast_episode,False
C024601,podcast_episode,False
C019557,song,False
C009366,song,True
C024202,podcast_episode,True
C022375,podcast_episode,True
C015801,album,True
C019943,podcast_episode,False
C027273,song,True
C009717,podcast_episode,True
C000471,song,False
C029404,song,False
C019226,podcast_episode,True
C001953,podcast_episode,True
C001701,song,True
C032952,song,False
C025797,song,True
C021792,song,True
C001021,song,False
C003557,podcast_episode,False
C012359,song,False
C024021,song,True
C017132,podcast_episode,False
C032694,album,True
C008302,podcast_episode,False
C020189,podcast_episode,False
C013853,podcast_episode,True
C013754,song,False
C011930,song,True
C002766,song,False
C025811,song,True
C032966,song,False
C025470,podcast_episode,False
C029491,audiobook,True
C031722,podcast_episode,True
C020561,podcast_episode,True
C001960,song,False
C000961,song,False
C000023,song,False
C022344,podcast_episode,True
C020637,song,True
C032821,song,False
C028996,song,False
C032003,podcast_episode,True
C011743,song,False
C008845,podcast_episode,False
C018264,song,False
C008421,podcast_episode,True
C021264,song,False
C033791,song,False
C019039,song,False
C004424,song,True
C015574,podcast_episode,False
C016660,podcast_episode,True
C016791,podcast_episode,True
C025895,podcast_episode,False
C012038,album,False
C009782,podcast_episode,True
C023314,song,False
C027091,song,True
C014911,podcast_episode,False
C006405,song,False
C010936,album,False
C000362,podcast_episode,False
C009307,podcast_episode,True
C009780,song,True
C031852,podcast_episode,False
C003767,song,False
C015439,podcast_episode,False
C013470,song,False
C014038,song,False
C017987,song,False
C011035,album,True
C016480,podcast_episode,False
C031502,song,False
C012814,song,False
C026739,podcast_episode,True
C020390,podcast_episode,True
C011292,song,True
C021043,song,False
C021786,album,True
C028320,song,False
C004772,podcast_episode,False
C023822,podcast_episode,True
C009372,song,True
C011338,song,True
C007332,album,True
C018207,album,False
C016135,song,True
C006354,podcast_episode,False
C012708,song,False
C000784,song,False
C005463,podcast_episode,False
C009714,song,False
C027970,song,True
C022161,song,False
C009974,audiobook,False
C019822,song,True
C024426,podcast_episode,True
C025261,song,True
C021088,album,True
C000066,album,False
C028513,song,True
C030892,song,False
C029786,podcast_episode,False
C026953,song,True
C029332,podcast_episode,True
C001737,song,False
C016818,album,False
C032313,album,False
C000597,song,False
C001774,song,False
C017582,song,True
C004752,song,False
C005618,podcast_episode,False
C011597,album,False
C001181,song,False
C011596,song,False
C010822,song,False
C005581,song,True
C020636,song,False
C008765,song,False
C000623,song,False
C023738,song,True
C021427,album,False
C000808,song,False
C032687,podcast_episode,False
C012771,song,False
C013613,song,False
C000393,podcast_episode,True
C010147,song,False
C005640,album,True
C008632,song,True
C031281,song,True
C033613,song,False
C016959,podcast_episode,False
C010325,song,True
C023351,song,False
C023685,song,False
C016456,song,True
C023766,song,True
C030136,podcast_episode,False
C005213,song,True
C025414,podcast_episode,True
C022065,podcast_episode,True
C024201,song,True
C015232,song,False
C023072,song,False
C031577,song,False
C017705,album,False
C028239,podcast_episode,True
C010097,song,True
C024232,song,False
C032466,song,False
C014878,audiobook,False
C027845,podcast_episode,False
C009921,song,False
C022473,song,True
C025287,song,True
C001500,album,False
C010934,podcast_episode,True
C024995,song,False
C022348,podcast_episode,False
C024913,song,False
C029106,song,True
C021009,podcast_episode,False
C001472,song,False
C007865,podcast_episode,True
C011573,song,True
C021404,album,False
C012137,podcast_episode,False
C032599,song,False
C002424,podcast_episode,False
C032869,podcast_episode,False
C033299,podcast_episode,False
C029065,audiobook,False
C011424,song,True
C008583,podcast_episode,False
C006349,podcast_episode,False
C006808,song,True
C031496,song,True
C020480,song,True
C033633,album,True
C003449,podcast_episode,False
C007719,song,False
C033587,song,False
C001264,song,True
C023684,album,False
C027629,song,True
C013157,audiobook,False
C012683,podcast_episode,False
C028943,song,False
C008076,podcast_episode,False
C006712,song,False
C010413,podcast_episode,False
C019466,song,False
C017762,song,True
C009626,song,False
C024818,podcast_episode,True
C017632,podcast_episode,False
C026719,song,False
C030582,song,True
C006144,song,False
C005214,song,False
C026471,song,True
C009189,podcast_episode,False
C019757,audiobook,True
C031745,podcast_episode,False
C033659,song,True
C024399,song,False
C009208,song,True
C018722,song,False
C010391,song,True
C010625,podcast_episode,False
C014308,album,False
C032779,podcast_episode,True
C013252,album,False
C012650,audiobook,False
C018065,podcast_episode,True
C021217,song,True
C009606,song,True
C007016,song,False
C023344,song,True
C003535,podcast_episode,True
C027891,podcast_episode,True
C011119,song,False
C009142,podcast_episode,True
C027767,song,True
C026859,podcast_episode,False
C001401,audiobook,False
C030762,song,False
C031638,song,True
C015544,song,False
C024078,song,False
C027129,album,False
C033217,podcast_episode,False
C002427,song,True
C010557,podcast_episode,False
C006182,podcast_episode,True
C021091,song,True
C029261,song,False
C019906,song,False
C031736,song,True
C027153,song,False
C004378,audiobook,True
C024638,song,True
C016009,album,False
C015277,podcast_episode,True
C015315,song,False
C028101,song,False
C022078,podcast_episode,True
C014842,podcast_episode,False
C020903,song,False
C027437,song,False
C005358,podcast_episode,False
C030953,song,False
C004360,song,True
C022923,podcast_episode,True
C020917,podcast_episode,False
C003901,song,False
C009150,song,True
C020344,song,False
C011612,song,False
C019778,audiobook,False
C005237,album,True
C015626,song,False
C022839,song,False
C026807,song,False
C029186,album,False
C004506,song,False
C025584,song,False
C026682,podcast_episode,False
C031996,podcast_episode,False
C027903,podcast_episode,True
C012649,podcast_episode,False
C000303,song,False
C033421,podcast_episode,True
C024972,podcast_episode,False
C023771,song,True
C030413,podcast_episode,False
C011208,podcast_episode,False
C000859,song,False
C005497,song,True
C028404,podcast_episode,True
C004791,song,False
C033235,album,False
C018763,audiobook,False
C003293,song,False
C005553,song,True
C017622,song,True
C028117,podcast_episode,False
C021802,podcast_episode,True
C025723,podcast_episode,True
C015180,song,False
C006492,podcast_episode,True
C026778,podcast_episode,False
C019555,song,False
C019989,song,False
C017998,podcast_episode,True
C009427,song,False
C013007,song,True
C029585,song,True
C020628,podcast_episode,False
C029205,song,False
C004717,song,False
C005904,song,False
C024631,podcast_episode,False
C030029,song,False
C031835,podcast_episode,False
C028382,podcast_episode,False
C033610,song,False
C019231,song,False
C022029,podcast_episode,False
C002074,song,False
C023447,song,False
C024587,podcast_episode,False
C017961,song,False
C030085,song,True
C021551,song,True
C013025,song,True
C029800,album,True
C018107,song,False
C011213,podcast_episode,False
C014386,song,False
C010400,podcast_episode,False
C011235,song,False
C012154,podcast_episode,False
C017280,song,False
C027088,song,False
C028848,podcast_episode,False
C026246,album,False
C011233,podcast_episode,True
C023323,podcast_episode,True
C009482,podcast_episode,False
C023391,song,True
C028217,song,True
C004479,song,False
C008322,podcast_episode,False
C031806,song,False
C000348,podcast_episode,True
C032904,song,False
C012837,song,False
C033024,song,False
C028192,album,False
C002779,song,False
C023331,song,False
C013670,album,False
C032170,song,True
C000546,podcast_episode,True
C013844,podcast_episode,False
C005230,song,True
C023428,song,True
C009564,song,False
C005534,song,True
C022644,podcast_episode,False
C025524,song,True
C018150,podcast_episode,True
C022345,song,False
C021874,podcast_episode,True
C017097,podcast_episode,True
C000006,podcast_episode,False
C031077,audiobook,True
C023603,album,True
C005538,podcast_episode,False
C030003,song,False
C014073,podcast_episode,False
C007784,podcast_episode,True
C015293,song,False
C022313,podcast_episode,True
C007975,podcast_episode,False
C027800,podcast_episode,False
C011798,album,True
C018143,song,False
C026128,song,True
C012407,song,False
C005199,song,False
C011747,podcast_episode,False
C008516,song,True
C006454,podcast_episode,False
C005027,podcast_episode,False
C001686,podcast_episode,False
C028901,podcast_episode,False
C028917,song,False
C004207,song,False
C009011,song,False
C020234,song,False
C024827,song,True
C017715,podcast_episode,False
C025240,podcast_episode,True
C024001,song,False
C000220,song,False
C000822,song,False
C016655,podcast_episode,True
C030668,song,True
C008230,song,False
C024996,song,True
C012284,song,False
C014178,song,True
C013507,podcast_episode,False
C031457,podcast_episode,False
C009425,podcast_episode,False
C003416,podcast_episode,True
C019762,podcast_episode,False
C031882,podcast_episode,False
C023942,podcast_episode,False
C024207,song,True
C005057,song,False
C003306,podcast_episode,True
C015494,song,False
C015321,song,True
C015441,song,False
C018858,podcast_episode,False
C021512,song,True
C022036,album,False
C009159,song,True
C020733,podcast_episode,False
C018128,song,False
C007078,podcast_episode,True
C024141,song,False
C012138,podcast_episode,False
C012958,podcast_episode,True
C002464,song,True
C022043,podcast_episode,True
C004551,song,False
C010541,song,False
C009888,song,True
C001292,album,False
C027562,song,False
C027848,song,False
C008591,podcast_episode,False
C031938,podcast_episode,False
C020693,song,False
C015605,song,False
C009197,song,False
C030404,song,True
C002680,album,False
C010845,song,False
C024190,podcast_episode,True
C028283,podcast_episode,False
C017308,song,False
C023847,podcast_episode,False
C020525,podcast_episode,True
C023144,song,True
C015033,song,True
C030802,song,False
C018650,song,False
C017712,song,False
C026232,song,False
C018120,song,True
C015426,podcast_episode,False
C009240,song,False
C002098,song,False
C031361,podcast_episode,False
C001894,song,False
C029682,podcast_episode,False
C012702,podcast_episode,True
C004655,song,True
C012572,podcast_episode,False
C010992,song,True
C012502,song,False
C013354,song,True
C007626,podcast_episode,True
C010096,podcast_episode,True
C013522,audiobook,True
C031108,audiobook,True
C008695,podcast_episode,False
C008980,podcast_episode,False
C021296,podcast_episode,False
C000764,audiobook,True
C018626,song,False
C029735,song,False
C029980,song,True
C013845,podcast_episode,False
C027427,album,False
C002834,podcast_episode,False
C031152,song,False
C011478,song,False
C004971,song,True
C026051,song,False
C013921,album,True
C003501,song,True
C028900,song,False
C008419,podcast_episode,False
C012692,song,True
C005615,podcast_episode,False
C019721,song,False
C003523,song,False
C032299,audiobook,True
C001373,album,False
C015542,podcast_episode,False
C023112,song,False
C022679,song,False
C004677,album,False
C027342,song,False
C019813,song,True
C028371,podcast_episode,True
C004908,song,False
C007028,song,False
C026654,song,True
C011969,album,False
C013428,song,False
C028979,song,True
C028902,song,False
C017554,album,True
C027785,song,False
C012100,song,False
C021090,album,False
C013150,song,False
C006426,song,False
C001620,audiobook,False
C014164,song,True
C021377,song,False
C011274,song,False
C029995,song,False
C028189,podcast_episode,False
C025985,album,False
C021298,song,False
C019889,song,False
C008965,song,True
C028243,audiobook,False
C001108,audiobook,False
C033137,song,False
C020804,podcast_episode,True
C033558,song,False
C030015,podcast_episode,True
C017287,podcast_episode,True
C016967,podcast_episode,True
C025255,podcast_episode,False
C011224,song,False
C029964,album,True
C004514,song,True
C007720,podcast_episode,True
C025741,song,False
C006447,podcast_episode,True
C015677,song,False
C016322,song,False
C002583,podcast_episode,False
C009073,song,True
C005493,album,False
C032911,song,False
C013283,podcast_episode,False
C014109,album,False
C019702,album,False
C006362,song,True
C007961,podcast_episode,False
C018082,podcast_episode,True
C003576,album,True
C020560,song,False
C023759,song,False
C024385,song,False
C029398,podcast_episode,False
C020225,song,False
C023036,song,False
C017023,song,False
C031808,song,False
C026924,podcast_episode,False
C033364,song,False
C018878,song,False
C017861,song,False
C010884,song,False
C027499,audiobook,False
C028906,song,False
C016293,song,True
C028944,song,True
C008836,podcast_episode,False
C010239,song,False
C015279,podcast_episode,True
C004930,song,False
C004275,song,False
C001479,podcast_episode,False
C011123,podcast_episode,False
C018542,song,False
C001861,song,False
C025217,podcast_episode,False
C033375,album,True
C019823,audiobook,True
C002642,song,True
C014431,podcast_episode,True
C022432,song,True
C021482,podcast_episode,False
C030106,song,True
C021770,podcast_episode,False
C030280,song,False
C007205,song,False
C005310,song,True
C002698,song,False
C028109,album,False
C018865,album,True
C004528,song,False
C016398,song,False
C006104,podcast_episode,True
C022920,album,True
C030176,song,False
C022474,audiobook,True
C024088,song,False
C010035,song,False
C021174,song,True
C016821,song,False
C023746,song,False
C013643,song,False
C033482,song,False
C011010,podcast_episode,False
C025176,song,False
C010913,song,True
C029350,audiobook,True
C031471,podcast_episode,True
C002483,podcast_episode,True
C008379,podcast_episode,True
C017191,album,False
C019321,podcast_episode,False
C002632,audiobook,False
C009165,song,True
C023639,audiobook,False
C018398,podcast_episode,False
C024481,podcast_episode,False
C003909,song,False
C021640,song,True
C016427,song,True
C009194,album,False
C000042,song,False
C007162,song,True
C017621,song,True
C020294,song,True
C010126,song,True
C020680,audiobook,True
C020362,song,True
C017070,song,False
C021522,album,False
C000939,podcast_episode,True
C008261,podcast_episode,False
C020826,podcast_episode,False
C015562,podcast_episode,False
C031269,audiobook,False
C008219,podcast_episode,False
C005520,podcast_episode,False
C005723,song,False
C005387,album,False
C032760,album,False
C028235,podcast_episode,True
C014327,song,False
C013975,song,False
C029001,podcast_episode,False
C024998,podcast_episode,False
C025954,audiobook,True
C009634,song,False
C014856,album,False
C009157,song,False
C030306,podcast_episode,False
C005338,song,False
C009983,song,False
C003223,podcast_episode,True
C002870,song,True
C015727,song,False
C018919,podcast_episode,False
C025896,podcast_episode,False
C022228,podcast_episode,True
C015500,podcast_episode,False
C033651,song,True
C004648,song,False
C024422,song,True
C024936,song,False
C000948,album,True
C002774,song,True
C010574,song,False
C017340,album,False
C004530,song,False
C016629,song,True
C011400,song,False
C001351,song,False
C018085,podcast_episode,False
C015193,album,False
C017630,podcast_episode,True
C033751,song,False
C019664,podcast_episode,False
C018037,song,True
C017654,song,True
C032696,song,True
C033564,podcast_episode,True
C027152,song,True
C003591,song,False
C008588,song,False
C029203,song,True
C023418,song,True
C005529,podcast_episode,True
C014753,song,False
C028143,song,False
C019146,podcast_episode,True
C019617,podcast_episode,False
C012615,song,False
C018434,song,False
C017963,podcast_episode,False
C032001,song,False
C004453,song,True
C020286,song,False
C023778,podcast_episode,False
C013514,podcast_episode,True
C014734,song,True
C002325,podcast_episode,False
C018244,song,False
C018255,song,False
C004778,podcast_episode,False
C020895,audiobook,True
C003128,podcast_episode,False
C020045,song,True
C004941,song,False
C008866,song,False
C002274,song,False
C014436,song,False
C023873,podcast_episode,False
C002111,song,True
C013867,album,False
C003356,song,False
C022110,album,True
C008080,podcast_episode,False
C021067,album,False
C014240,podcast_episode,True
C013935,podcast_episode,False
C016307,song,True
C020001,audiobook,True
C005764,podcast_episode,False
C021384,song,False
C028267,song,False
C012457,song,False
C025799,podcast_episode,True
C009824,album,False
C011525,song,False
C025113,song,False
C003358,song,True
C024029,song,True
C028105,podcast_episode,False
C021827,song,False
C012448,song,False
C033470,song,False
C019777,album,False
C002429,song,False
C024521,podcast_episode,False
C026783,song,True
C021002,song,False
C001812,song,False
C007842,song,False
C015964,podcast_episode,True
C005165,song,True
C025237,podcast_episode,False
C023031,album,False
C004255,song,False
C027041,podcast_episode,False
C032887,song,True
C018329,song,False
C018127,song,False
C028282,album,True
C029978,song,False
C014548,podcast_episode,False
C027324,album,False
C018956,song,True
C006009,audiobook,False
C008750,song,False
C028476,podcast_episode,False
C008671,song,True
C003323,song,True
C013825,podcast_episode,True
C011472,audiobook,True
C004148,podcast_episode,False
C005369,album,False
C005061,album,False
C007398,podcast_episode,False
C021301,podcast_episode,False
C005292,podcast_episode,True
C011880,song,False
C031007,podcast_episode,True
C006178,podcast_episode,True
C028950,song,False
C030717,song,False
C001652,song,True
C027162,song,False
C013813,song,True
C026611,song,False
C033598,song,True
C023930,audiobook,True
C021946,song,False
C003051,podcast_episode,False
C027119,album,True
C016079,song,True
C021291,audiobook,False
C033830,podcast_episode,True
C028777,song,False
C009967,podcast_episode,False
C005473,podcast_episode,True
C002211,podcast_episode,False
C009404,album,True
C024117,song,False
C032907,podcast_episode,False
C026344,song,True
C019550,podcast_episode,False
C033405,song,True
C007517,song,True
C023164,podcast_episode,True
C009542,song,False
C012977,podcast_episode,False
C008465,podcast_episode,True
C010377,song,False
C009182,album,False
C021866,song,False
C012484,song,False
C021354,song,False
C028611,song,False
C008463,podcast_episode,True
C008783,song,True
C027144,song,True
C021415,song,True
C020907,song,False
C031276,podcast_episode,False
C000989,album,False
C025993,song,False
C008732,podcast_episode,False
C030386,album,True
C030607,song,False
C005969,song,True
C006912,song,False
C007611,song,False
C000567,podcast_episode,False
C032091,audiobook,False
C032898,podcast_episode,True
C033464,album,False
C022690,song,True
C027961,album,False
C000897,podcast_episode,True
C004661,song,True
C023130,podcast_episode,True
C012128,album,False
C016183,podcast_episode,False
C017392,podcast_episode,True
C024523,song,False
C019484,album,False
C006293,song,False
C029442,song,True
C015393,song,True
C031284,song,False
C000785,podcast_episode,False
C024634,song,True
C031337,podcast_episode,True
C007685,song,True
C010372,song,False
C027288,podcast_episode,False
C024755,song,True
C010731,podcast_episode,False
C033103,song,False
C000165,podcast_episode,False
C009408,podcast_episode,False
C024508,album,False
C017357,podcast_episode,False
C002640,podcast_episode,True
C026080,album,True
C026370,song,False
C004023,album,False
C025827,podcast_episode,True
C030101,song,False
C028776,song,False
C027383,song,False
C026372,song,False
C032103,song,False
C019122,podcast_episode,True
C028881,song,False
C005153,song,True
C000522,song,True
C010245,song,True
C005744,podcast_episode,True
C006347,song,True
C018371,podcast_episode,False
C015939,audiobook,True
C016440,song,False
C009644,album,False
C019272,song,True
C003840,podcast_episode,False
C019129,song,False
C021939,podcast_episode,False
C025994,song,True
C006901,podcast_episode,False
C001283,song,True
C018204,album,False
C030010,podcast_episode,False
C018217,song,False
C014675,song,True
C025349,podcast_episode,False
C028625,song,False
C023421,podcast_episode,False
C010828,podcast_episode,True
C019422,podcast_episode,True
C023498,song,False
C026681,podcast_episode,False
C024642,album,False
C009649,song,False
C012930,song,False
C019876,song,False
C012842,song,False
C032774,album,False
C014619,song,False
C005819,song,False
C008287,song,True
C025077,album,False
C026728,song,False
C018075,podcast_episode,True
C001376,song,True
C025752,song,False
C019801,song,False
C020349,song,False
C027333,song,False
C019214,album,True
C011267,song,False
C021958,song,True
C008021,song,True
C018736,podcast_episode,True
C001025,song,False
C002673,podcast_episode,False
C028829,song,True
C031479,podcast_episode,False
C024359,podcast_episode,False
C010389,song,False
C016614,album,False
C026105,song,True
C017922,song,True
C011857,song,False
C030254,podcast_episode,True
C003019,podcast_episode,True
C032248,song,False
C024193,audiobook,False
C001017,podcast_episode,False
C018670,podcast_episode,False
C004444,podcast_episode,False
C011023,song,False
C024563,podcast_episode,False
C027980,album,True
C032921,album,True
C024197,podcast_episode,False
C009318,song,False
C004503,podcast_episode,True
C025182,podcast_episode,False
C016653,podcast_episode,False
C017222,audiobook,False
C018350,podcast_episode,True
C006981,podcast_episode,False
C018387,podcast_episode,False
C031525,podcast_episode,False
C018297,song,True
C015834,album,False
C007299,song,False
C016892,podcast_episode,False
C023830,audiobook,True
C024746,song,False
C022302,podcast_episode,False
C025888,song,True
C020539,song,False
C013899,audiobook,True
C026562,podcast_episode,False
C007020,song,False
C032827,podcast_episode,False
C011038,song,False
C020247,song,False
C010409,album,True
C023530,podcast_episode,False
C017336,podcast_episode,False
C004385,album,False
C004968,song,True
C017889,album,True
C021850,podcast_episode,True
C010655,album,False
C015107,song,True
C008462,podcast_episode,True
C026414,podcast_episode,True
C028816,podcast_episode,False
C014238,song,False
C007722,song,True
C015835,song,False
C025279,song,False
C033261,song,False
C016893,album,False
C002155,song,False
C000396,song,True
C030259,podcast_episode,False
C031475,song,True
C014083,song,True
C026532,audiobook,False
C001259,audiobook,False
C029641,song,False
C029632,song,False
C016783,song,False
C009546,audiobook,True
C025729,song,False
C031180,podcast_episode,False
C012309,song,False
C005012,podcast_episode,False
C029466,song,False
C004731,song,False
C010444,song,False
C006547,album,False
C001918,podcast_episode,True
C001814,song,False
C021847,podcast_episode,False
C016883,song,True
C009741,album,True
C012189,podcast_episode,False
C016740,podcast_episode,False
C012086,podcast_episode,True
C001732,song,False
C010234,song,False
C007076,song,True
C016692,song,True
C017952,podcast_episode,False
C018456,podcast_episode,False
C020723,song,False
C005937,song,False
C001768,podcast_episode,False
C014480,song,True
C026412,audiobook,True
C025592,podcast_episode,False
C028928,podcast_episode,True
C031073,song,False
C030115,podcast_episode,False
C026510,song,True
C002900,song,True
C000547,song,False
C001070,song,False
C006022,song,False
C023591,podcast_episode,False
C002404,podcast_episode,False
C010833,podcast_episode,False
C019984,song,True
C001887,podcast_episode,False
C005807,song,True
C014103,podcast_episode,False
C016239,song,False
C029009,podcast_episode,False
C014113,album,False
C002459,song,True
C003520,song,False
C007974,album,False
C006649,song,False
C013893,audiobook,False
C024959,song,True
C005752,song,False
C006047,podcast_episode,True
C011764,song,False
C027434,podcast_episode,False
C025439,song,False
C019428,album,True
C017315,podcast_episode,False
C015899,song,False
C033677,song,True
C020397,song,False
C022789,song,False
C011985,podcast_episode,False
C012563,song,True
C001050,song,False
C006150,song,False
C018078,podcast_episode,True
C007823,song,False
C026990,song,False
C015296,song,True
C012235,song,False
C001190,song,False
C019235,song,False
C029736,song,True
C027317,podcast_episode,True
C000906,podcast_episode,True
C025236,album,False
C032678,song,True
C032758,song,False
C002832,album,False
C000481,podcast_episode,False
C031779,song,False
C016539,song,False
C033858,song,False
C031310,song,False
C030447,audiobook,False
C019149,audiobook,False
C006699,podcast_episode,False
C008982,podcast_episode,True
C020507,song,False
C025614,podcast_episode,True
C009275,song,False
C026748,song,False
C028999,song,False
C002393,song,True
C007292,audiobook,False
C029680,podcast_episode,False
C029879,song,False
C018072,podcast_episode,False
C005245,podcast_episode,False
C025854,song,False
C005831,podcast_episode,False
C014891,song,False
C016316,song,False
C004235,podcast_episode,False
C003470,podcast_episode,True
C026683,song,False
C018485,podcast_episode,False
C015462,song,True
C029074,album,True
C011077,song,False
C027540,podcast_episode,True
C033326,song,False
C027625,audiobook,False
C010678,podcast_episode,False
C032487,album,True
C030707,podcast_episode,True
C019632,album,False
C023902,song,False
C012594,podcast_episode,False
C021351,song,False
C010924,album,True
C017409,song,False
C024813,podcast_episode,True
C021507,song,False
C003883,song,False
C014128,song,False
C001822,song,False
C012680,song,False
C006973,podcast_episode,True
C000186,song,False
C023017,podcast_episode,True
C017976,song,False
C008777,album,False
C002096,audiobook,True
C008644,song,True
C025668,song,False
C013988,podcast_episode,False
C029617,song,True
C005612,album,False
C002831,song,False
C006943,podcast_episode,False
C009177,podcast_episode,False
C016679,album,False
C015884,podcast_episode,False
C007425,podcast_episode,False
C028318,song,False
C022370,album,False
C022435,song,False
C026804,podcast_episode,False
C023523,podcast_episode,False
C021610,podcast_episode,False
C003385,song,False
C009812,podcast_episode,True
C032208,song,True
C010646,song,False
C011062,song,False
C010712,song,False
C027808,podcast_episode,False
C014487,song,False
C022187,song,False
C014591,podcast_episode,False
C018970,song,True
C004249,podcast_episode,True
C004796,podcast_episode,True
C008069,podcast_episode,False
C015564,song,False
C017563,song,False
C012202,podcast_episode,False
C028882,podcast_episode,False
C003189,podcast_episode,False
C005988,song,False
C016633,podcast_episode,True
C025372,song,True
C005410,song,False
C009899,podcast_episode,False
C022093,song,False
C031750,song,False
C010363,song,True
C033159,podcast_episode,False
C017184,podcast_episode,False
C014708,podcast_episode,False
C017024,podcast_episode,False
C012698,song,False
C007072,audiobook,False
C000915,song,False
C019531,album,False
C010034,song,True
C015183,song,False
C016019,podcast_episode,False
C010355,song,False
C019429,song,False
C016991,song,True
C015214,audiobook,False
C003710,podcast_episode,False
C009874,song,False
C010252,album,False
C019022,song,False
C003884,song,False
C011299,song,True
C005714,song,False
C023816,song,False
C032947,podcast_episode,False
C024045,album,False
C021611,song,True
C023643,song,True
C012103,song,True
C028194,audiobook,False
C006609,song,False
C013680,podcast_episode,True
C008288,song,False
C020777,song,True
C014303,song,True
C014818,song,False
C010174,album,True
C009348,song,False
C003531,song,True
C021742,song,True
C023039,podcast_episode,True
C003672,song,False
C010518,podcast_episode,False
C009963,audiobook,True
C008033,song,False
C003877,podcast_episode,False
C020180,album,True
C002693,song,False
C008495,podcast_episode,False
C011032,song,True
C001706,song,True
C032860,song,True
C020581,audiobook,False
C032768,song,True
C025420,song,False
C029747,song,False
C005518,album,False
C027791,song,False
C000932,podcast_episode,False
C026876,song,False
C031117,album,True
C006036,song,False
C018410,podcast_episode,True
C012573,album,False
C028957,podcast_episode,True
C019158,podcast_episode,False
C019586,song,False
C010523,album,False
C001522,song,True
C003770,song,True
C026521,song,True
C017103,song,True
C026104,album,False
C032981,podcast_episode,False
C029111,song,False
C019437,song,False
C018285,podcast_episode,False
C002480,song,False
C033491,song,False
C032139,song,True
C013065,podcast_episode,True
C006708,podcast_episode,False
C016496,album,False
C015875,podcast_episode,False
C005690,song,True
C001483,song,True
C010756,podcast_episode,True
C017476,podcast_episode,False
C013624,song,True
C013193,song,False
C027740,song,True
C019362,song,False
C024745,song,False
C004048,song,True
C012061,song,False
C008442,podcast_episode,False
C022244,song,False
C011250,song,False
C018823,song,False
C032063,song,True
C008582,podcast_episode,True
C006260,podcast_episode,False
C025716,podcast_episode,False
C002150,album,False
C011761,podcast_episode,True
C000206,song,False
C023665,audiobook,False
C006315,song,False
C033059,album,True
C027927,podcast_episode,True
C022767,song,False
C020241,song,False
C014534,song,True
C016408,podcast_episode,True
C030926,song,True
C005630,song,False
C025007,song,False
C007145,song,False
C007188,song,False
C023505,podcast_episode,False
C023710,podcast_episode,False
C008014,album,False
C016972,album,False
C025303,podcast_episode,True
C010618,podcast_episode,False
C021325,audiobook,True
C008857,song,True
C006481,podcast_episode,False
C010359,song,True
C021327,podcast_episode,True
C016146,album,False
C011605,song,True
C004829,song,False
C001621,song,True
C020038,podcast_episode,False
C015412,song,False
C001057,podcast_episode,False
C009952,podcast_episode,False
C000535,podcast_episode,True
C012030,song,False
C006331,song,False
C007375,song,False
C006715,song,True
C007057,podcast_episode,True
C010331,song,False
C031734,song,False
C006337,podcast_episode,True
C005757,song,False
C001857,song,False
C016905,song,False
C030389,podcast_episode,False
C024537,song,False
C010983,song,False
C003312,song,True
C011730,podcast_episode,True
C022534,podcast_episode,True
C031820,song,True
C003875,song,False
C032058,podcast_episode,False
C021569,song,False
C026357,podcast_episode,False
C012749,song,True
C032440,song,False
C019754,song,True
C029821,album,False
C022469,song,False
C015863,song,False
C013194,podcast_episode,False
C019919,podcast_episode,False
C030100,song,True
C033351,audiobook,False
C000355,album,False
C015546,song,False
C012885,song,False
C010819,song,True
C027659,podcast_episode,False
C028732,podcast_episode,True
C014844,song,False
C000016,podcast_episode,False
C020930,song,False
C006721,song,False
C022574,podcast_episode,False
C004071,album,False
C011175,podcast_episode,False
C007131,podcast_episode,False
C022050,song,False
C022822,song,False
C008371,audiobook,True
C016652,audiobook,True
C012488,song,False
C008278,song,False
C016062,song,True
C000488,podcast_episode,False
C015793,podcast_episode,True
C032247,podcast_episode,False
C006229,podcast_episode,False
C028609,audiobook,True
C026548,audiobook,True
C006832,podcast_episode,True
C007463,song,False
C000698,podcast_episode,False
C002042,song,False
C017234,audiobook,False
C012063,song,True
C013743,song,False
C016936,song,False
C003979,song,True
C028452,audiobook,True
C004892,song,False
C015371,podcast_episode,True
C027404,album,True
C006039,song,True
C022501,podcast_episode,False
C027459,song,False
C015221,song,True
C012757,album,False
C003241,song,True
C022955,song,True
C029288,podcast_episode,False
C005851,song,False
C024690,song,True
C009590,song,True
C017842,album,False
C003698,song,False
C018343,song,True
C030554,audiobook,False
C016197,song,True
C030882,song,False
C026333,podcast_episode,False
C003564,album,True
C003224,song,False
C032900,song,False
C002681,song,False
C030310,song,False
C007039,song,False
C019561,album,False
C028952,song,True
C016656,podcast_episode,False
C031411,song,True
C009019,podcast_episode,False
C021662,podcast_episode,True
C011209,song,False
C001628,album,True
C026423,podcast_episode,False
C027047,podcast_episode,True
C019831,song,True
C009201,album,True
C020062,song,True
C004738,podcast_episode,False
C005175,podcast_episode,False
C021509,song,False
C033652,podcast_episode,False
C012371,song,False
C023646,song,False
C021750,song,False
C021238,song,True
C007341,audiobook,False
C032414,album,False
C026626,podcast_episode,True
C027914,song,True
C008548,podcast_episode,False
C019475,song,True
C002094,audiobook,True
C018364,song,False
C024716,song,True
C023967,song,True
C003150,song,True
C002927,podcast_episode,False
C000386,song,True
C032408,song,False
C020526,album,False
C030792,song,False
C012822,podcast_episode,True
C026582,podcast_episode,False
C029216,song,False
C006655,podcast_episode,False
C028972,song,False
C003234,song,False
C019340,song,False
C028713,song,True
C016814,song,False
C024924,podcast_episode,False
C021860,podcast_episode,False
C001378,song,True
C004837,song,False
C014819,song,True
C023247,podcast_episode,False
C002011,song,True
C021288,song,False
C019138,podcast_episode,True
C017636,song,True
C033786,song,True
C010016,podcast_episode,False
C009440,podcast_episode,False
C027987,song,True
C021965,podcast_episode,True
C014187,album,True
C013881,song,False
C028618,podcast_episode,True
C026555,podcast_episode,True
C015318,podcast_episode,False
C025032,podcast_episode,True
C001613,audiobook,True
C005050,song,True
C006800,audiobook,False
C023113,podcast_episode,False
C016684,song,False
C000413,song,False
C000909,album,False
C000866,song,True
C001758,album,False
C010938,podcast_episode,False
C011843,podcast_episode,True
C012770,podcast_episode,False
C014867,song,False
C011626,song,False
C004818,album,False
C026552,audiobook,False
C011802,song,False
C013423,song,False
C033451,song,False
C029507,podcast_episode,False
C015111,album,True
C026983,song,False
C033796,podcast_episode,False
C017128,album,False
C003627,audiobook,False
C030223,song,True
C031795,podcast_episode,True
C022196,album,False
C026039,podcast_episode,False
C016492,song,True
C002757,song,False
C016461,song,False
C020939,song,False
C018451,song,False
C028010,song,False
C024042,song,False
C030944,song,True
C029793,song,False
C029352,podcast_episode,True
C012245,song,False
C003232,song,False
C014777,song,False
C018793,song,False
C019232,song,False
C022718,album,True
C021163,song,True
C029876,song,True
C009636,audiobook,False
C021896,song,False
C004496,podcast_episode,True
C002210,song,True
C029047,song,True
C031299,song,False
C025706,podcast_episode,False
C006836,podcast_episode,True
C024444,album,False
C032190,song,True
C030590,podcast_episode,True
C012095,song,False
C005895,song,False
C021592,song,False
C023668,song,False
C031507,song,False
C023955,song,False
C026417,song,False
C001947,song,False
C017372,podcast_episode,False
C027950,song,True
C014749,album,True
C014736,podcast_episode,False
C003440,song,True
C018483,podcast_episode,False
C009369,song,False
C023147,audiobook,False
C020876,song,False
C011255,podcast_episode,False
C027462,song,True
C017612,podcast_episode,True
C026366,album,False
C017885,podcast_episode,False
C001716,podcast_episode,False
C007223,song,True
C001534,song,False
C001669,song,True
C033077,song,True
C004668,song,True
C012535,podcast_episode,False
C016108,podcast_episode,False
C025722,song,False
C031458,audiobook,False
C007327,song,False
C011415,song,False
C015248,podcast_episode,True
C013508,song,False
C031686,song,False
C007539,song,False
C004376,song,False
C001595,podcast_episode,False
C007857,podcast_episode,False
C030096,song,False
C015792,audiobook,True
C020604,song,True
C022281,song,True
C023583,podcast_episode,False
C025911,podcast_episode,False
C002689,podcast_episode,False
C004793,song,False
C015910,podcast_episode,False
C032351,song,True
C005262,podcast_episode,False
C023417,song,False
C004558,song,False
C012427,song,False
C017827,song,False
C025444,song,False
C021160,podcast_episode,False
C024007,podcast_episode,True
C030794,song,False
C008674,song,False
C030534,song,False
C019794,podcast_episode,False
C006332,song,False
C000598,song,False
C008945,song,True
C026322,podcast_episode,True
C006135,song,True
C012126,song,False
C031691,song,False
C009057,song,True
C007920,podcast_episode,False
C006275,song,False
C011698,podcast_episode,False
C003744,podcast_episode,True
C030556,song,False
C019487,album,False
C013750,podcast_episode,True
C030063,song,False
C000733,podcast_episode,False
C000385,song,True
C012170,album,True
C027510,song,False
C004745,podcast_episode,False
C009977,podcast_episode,False
C024158,song,False
C029688,podcast_episode,True
C020591,album,True
C026834,audiobook,False
C022530,podcast_episode,False
C033840,song,True
C026901,song,False
C028130,song,False
C020802,song,True
C020098,album,True
C016779,album,True
C016165,song,False
C004641,podcast_episode,False
C009392,podcast_episode,False
C017479,podcast_episode,False
C033650,podcast_episode,True
C004724,podcast_episode,False
C024296,song,False
C005900,song,True
C025923,song,False
C003772,song,False
C031111,podcast_episode,True
C002451,podcast_episode,False
C031100,podcast_episode,False
C009190,song,False
C025360,podcast_episode,True
C004846,podcast_episode,False
C019905,song,False
C010020,song,True
C030212,song,False
C016806,song,False
C002614,album,True
C033638,song,True
C021026,podcast_episode,False
C011768,album,False
C022488,song,True
C015915,podcast_episode,False
C014869,podcast_episode,False
C003817,podcast_episode,True
C027590,song,True
C031046,song,False
C003296,album,True
C010674,album,False
C004228,podcast_episode,True
C008178,album,False
C023111,song,True
C018647,album,False
C029589,podcast_episode,False
C009577,song,False
C008293,song,False
C005325,song,False
C009340,podcast_episode,False
C014966,podcast_episode,False
C003844,album,True
C027219,song,False
C001881,podcast_episode,True
C007797,song,True
C006113,song,True
C008621,song,False
C026320,podcast_episode,False
C022793,audiobook,True
C022145,podcast_episode,True
C013679,podcast_episode,False
C018845,album,True
C009328,audiobook,False
C012069,podcast_episode,True
C020778,song,False
C005717,podcast_episode,False
C019331,song,True
C003450,podcast_episode,False
C026938,podcast_episode,False
C013108,song,False
C023033,song,False
C027491,song,True
C027392,song,False
C005788,song,True
C020671,album,False
C018679,song,False
C006526,song,True
C013612,song,False
C001138,podcast_episode,True
C004972,song,False
C029384,song,True
C023294,podcast_episode,True
C015360,song,False
C012172,song,False
C024283,audiobook,False
C015745,podcast_episode,False
C015116,song,True
C031732,song,False
C018921,album,True
C011370,song,False
C020224,song,True
C009713,song,False
C018035,podcast_episode,False
C010502,audiobook,True
C002822,song,True
C020785,song,True
C004946,album,False
C015766,song,False
C000757,song,True
C014135,song,False
C029467,song,False
C031369,podcast_episode,False
C015373,song,False
C000521,album,True
C020070,podcast_episode,False
C002554,song,False
C000850,song,True
C009676,song,False
C031978,song,False
C002201,album,False
C032191,song,False
C029518,podcast_episode,False
C023854,song,True
C011584,podcast_episode,False
C030600,song,False
C018455,podcast_episode,True
C007545,song,False
C002639,song,False
C002340,podcast_episode,False
C022150,song,True
C005322,song,False
C025220,podcast_episode,False
C014465,song,False
C004390,podcast_episode,False
C010283,song,False
C018835,album,True
C020768,podcast_episode,False
C020719,song,False
C026361,audiobook,True
C024466,song,False
C028370,song,False
C031363,song,False
C019491,podcast_episode,False
C001906,podcast_episode,False
C027302,song,True
C012741,album,True
C011272,album,False
C032201,song,False
C021675,song,True
C020663,podcast_episode,False
C021491,song,False
C009303,song,False
C009988,podcast_episode,True
C014256,song,True
C033877,song,True
C019926,album,False
C020289,podcast_episode,True
C007843,song,True
C013714,podcast_episode,True
C021284,audiobook,True
C025274,song,False
C028397,podcast_episode,False
C015614,song,False
C027422,podcast_episode,False
C023894,album,False
C021445,audiobook,False
C019525,song,False
C019494,song,True
C028674,podcast_episode,False
C000860,song,False
C021259,podcast_episode,False
C015833,song,False
C009915,podcast_episode,True
C004825,song,False
C022290,podcast_episode,False
C024854,song,False
C006603,podcast_episode,False
C019961,podcast_episode,True
C028863,podcast_episode,True
C014330,podcast_episode,False
C012867,song,True
C007264,song,False
C028691,song,False
C030135,podcast_episode,False
C001433,song,False
C030809,podcast_episode,True
C017012,song,False
C009132,audiobook,True
C002732,podcast_episode,False
C011715,podcast_episode,False
C031568,song,False
C024739,album,False
C029063,song,True
C027453,song,False
C001568,song,False
C019338,audiobook,False
C007461,song,False
C015606,song,False
C021656,podcast_episode,True
C022411,song,True
C000619,song,True
C023736,song,False
C013234,song,False
C002745,song,False
C014000,song,False
C013407,podcast_episode,False
C016394,song,True
C014252,podcast_episode,True
C030126,song,True
C006186,song,True
C012052,podcast_episode,False
C001249,audiobook,False
C027477,podcast_episode,False
C004047,song,False
C026251,podcast_episode,True
C014719,podcast_episode,True
C008347,album,True
C001674,album,False
C024472,song,False
C018583,podcast_episode,True
C021918,song,False
C004468,podcast_episode,False
C032639,song,False
C023114,song,True
C024408,song,True
C031272,song,False
C021920,podcast_episode,False
C009409,song,True
C008359,album,False
C009826,podcast_episode,True
C022940,song,True
C010449,song,False
C011290,song,False
C013636,song,True
C014755,song,True
C004613,song,True
C023270,song,True
C023886,song,True
C033544,song,False
C023585,song,False
C004336,song,True
C021735,song,False
C016594,song,False
C024935,album,False
C011281,song,False
C027516,podcast_episode,False
C000928,audiobook,False
C004547,song,False
C024514,song,False
C011127,song,True
C015814,song,False
C031366,podcast_episode,True
C015903,song,False
C005528,podcast_episode,False
C007858,song,True
C017744,song,False
C018068,song,True
C023814,song,False
C008073,song,False
C010082,podcast_episode,False
C021365,song,False
C016528,podcast_episode,False
C001725,song,True
C033198,song,False
C025590,song,True
C011432,song,False
C029353,audiobook,True
C004189,song,False
C028493,song,False
C022296,song,True
C024179,audiobook,True
C019315,podcast_episode,False
C013291,song,True
C004026,podcast_episode,False
C020103,podcast_episode,False
C025609,song,False
C011595,song,False
C001995,song,True
C011539,podcast_episode,False
C017216,song,False
C026338,song,True
C004992,song,False
C019125,podcast_episode,False
C013980,podcast_episode,False
C007670,album,False
C008519,podcast_episode,True
C028791,podcast_episode,True
C002514,audiobook,True
C022207,song,True
C022650,podcast_episode,False
C000360,podcast_episode,False
C029155,song,False
C031615,song,False
C018507,song,False
C010056,podcast_episode,False
C016739,song,False
C016156,album,True
C031200,podcast_episode,False
C002007,podcast_episode,False
C029887,song,True
C025247,audiobook,False
C007450,audiobook,False
C028695,song,False
C011228,song,True
C016235,podcast_episode,False
C019242,song,True
C010601,podcast_episode,False
C018242,podcast_episode,False
C032783,song,False
C031386,album,True
C000390,song,False
C014664,album,True
C008247,song,False
C019743,song,False
C032318,song,False
C031944,song,False
C029435,song,True
C011441,song,False
C019265,song,False
C015888,song,False
C020159,podcast_episode,True
C019164,song,False
C007213,album,False
C011146,audiobook,False
C029331,podcast_episode,False
C033376,song,False
C000891,song,False
C027642,song,False
C033199,podcast_episode,True
C026835,song,False
C011736,song,True
C001940,song,False
C006026,song,False
C009859,song,False
C032578,song,False
C012656,song,True
C024684,song,True
C024496,song,False
C002004,song,True
C031947,song,False
C021114,podcast_episode,False
C030494,song,False
C032161,song,False
C018516,song,False
C007331,song,True
C012300,song,True
C026464,podcast_episode,False
C029613,song,False
C032606,podcast_episode,False
C021210,podcast_episode,True
C006326,podcast_episode,False
C026962,podcast_episode,False
C011893,song,False
C003965,album,True
C030511,song,False
C006495,podcast_episode,False
C030480,song,False
C021713,song,False
C027566,album,False
C018306,song,True
C008830,song,True
C024512,podcast_episode,False
C011148,podcast_episode,True
C021085,song,False
C002826,song,False
C029915,song,True
C012064,song,False
C028682,song,False
C003534,audiobook,True
C020452,song,False
C008243,podcast_episode,False
C024789,audiobook,False
C033308,song,True
C028277,song,True
C011269,song,False
C006971,album,False
C004765,song,True
C013552,song,False
C004101,song,False
C032608,song,True
C010831,song,True
C029149,song,False
C003814,song,True
C003166,podcast_episode,True
C031380,podcast_episode,False
C031942,song,True
C025112,podcast_episode,False
C019266,song,False
C007972,song,False
C022038,song,False
C032953,song,False
C015448,album,False
C017389,song,False
C023652,song,False
C033241,song,False
C000347,podcast_episode,False
C026585,podcast_episode,False
C007856,song,False
C019658,song,True
C006024,podcast_episode,True
C018518,podcast_episode,False
C015130,song,False
C028926,song,False
C005197,audiobook,False
C021642,audiobook,False
C012068,song,False
C007533,podcast_episode,False
C011158,podcast_episode,False
C028006,podcast_episode,False
C019676,podcast_episode,True
C031417,song,False
C032988,audiobook,False
C011328,podcast_episode,False
C003584,podcast_episode,False
C023276,audiobook,True
C020279,song,True
C002648,song,False
C031546,song,True
C025030,song,False
C018838,song,True
C022610,song,True
C008852,song,False
C026810,podcast_episode,True
C006257,album,False
C000270,song,False
C008910,album,False
C028458,album,False
C019640,podcast_episode,True
C012759,song,True
C001491,podcast_episode,True
C020730,audiobook,True
C031441,song,False
C010460,podcast_episode,False
C024271,album,True
C019948,song,False
C007193,podcast_episode,False
C005451,song,False
C028310,podcast_episode,False
C023762,song,False
C031878,podcast_episode,True
C022726,podcast_episode,False
C007840,song,False
C028231,song,False
C028343,podcast_episode,False
C032004,song,False
C018344,song,True
C023765,song,True
C009723,song,False
C033867,album,True
C024927,album,False
C000328,album,True
C010041,song,False
C028273,podcast_episode,False
C031396,song,False
C033466,podcast_episode,False
C008343,audiobook,True
C027765,song,True
C012051,song,True
C030971,song,False
C013117,song,False
C028415,song,False
C021295,podcast_episode,True
C000254,album,True
C000672,album,False
C023951,song,True
C027583,podcast_episode,False
C001543,song,True
C000654,song,False
C000500,podcast_episode,False
C008273,album,False
C004127,song,True
C016531,podcast_episode,True
C006121,song,True
C000019,podcast_episode,False
C012306,song,True
C003438,song,False
C020677,song,False
C007884,song,False
C004962,podcast_episode,False
C024090,song,False
C028058,song,False
C026803,song,False
C002130,song,False
C018269,song,True
C000486,podcast_episode,True
C026794,song,True
C026864,song,False
C032146,song,False
C024895,song,False
C023250,song,False
C009730,song,False
C028566,podcast_episode,False
C009970,song,True
C005899,podcast_episode,False
C025015,song,True
C009848,song,False
C007179,podcast_episode,True
C006506,podcast_episode,False
C002276,song,False
C029306,audiobook,False
C000675,podcast_episode,False
C026001,song,True
C012696,podcast_episode,True
C023900,song,False
C026024,song,False
C022738,audiobook,False
C026359,song,False
C003561,song,True
C000296,album,False
C002679,song,True
C016369,song,False
C002087,song,False
C016386,podcast_episode,True
C021077,song,False
C023469,podcast_episode,False
C031155,audiobook,True
C018716,song,False
C002537,song,False
C027842,song,False
C026685,song,False
C028268,podcast_episode,False
C028920,album,False
C008157,audiobook,False
C000391,song,False
C022543,song,True
C012934,song,False
C025204,podcast_episode,True
C000758,song,False
C018602,podcast_episode,False
C007633,podcast_episode,False
C001717,song,True
C009748,podcast_episode,True
C029387,song,False
C005535,song,True
C031791,audiobook,False
C015470,podcast_episode,True
C025010,podcast_episode,True
C023243,song,False
C001610,song,True
C005801,song,True
C024165,song,False
C027117,song,False
C005125,song,False
C005697,song,False
C002914,song,True
C012021,podcast_episode,False
C021100,song,True
C005758,podcast_episode,False
C032356,podcast_episode,True
C021882,song,False
C008325,podcast_episode,False
C024411,song,False
C011215,song,True
C007439,song,False
C014963,podcast_episode,True
C001420,song,False
C011100,song,True
C006450,song,False
C025572,song,False
C029448,song,False
C029944,album,False
C012487,podcast_episode,True
C029072,album,False
C025940,podcast_episode,False
C031677,song,False
C010592,podcast_episode,False
C018686,song,True
C027371,song,False
C030249,song,False
C028589,song,False
C013862,song,True
C001776,audiobook,False
C026193,podcast_episode,False
C021308,song,False
C003381,podcast_episode,False
C000982,podcast_episode,False
C016577,song,False
C003393,album,True
C000305,podcast_episode,True
C015720,podcast_episode,False
C005503,song,False
C030723,audiobook,False
C006374,podcast_episode,False
C011599,podcast_episode,True
C006083,song,False
C004298,song,False
C003507,podcast_episode,True
C006581,podcast_episode,False
C022340,album,True
C005223,song,False
C027482,song,False
C002923,song,False
C001880,song,True
C019890,song,False
C033543,song,True
C027138,podcast_episode,True
C005511,album,False
C017453,song,True
C017056,song,True
C008174,podcast_episode,True
C007092,audiobook,True
C033446,song,False
C006967,song,True
C026243,podcast_episode,False
C017379,podcast_episode,True
C003454,song,False
C001593,album,False
C018735,song,False
C018042,song,False
C002486,podcast_episode,False
C028259,song,False
C029535,song,False
C017057,song,False
C007802,song,False
C004569,song,False
C009738,song,True
C020072,podcast_episode,True
C018711,song,False
C014371,song,False
C000753,song,False
C029301,song,False
C004847,podcast_episode,True
C011574,audiobook,True
C021542,album,False
C027973,podcast_episode,False
C020307,song,False
C003823,song,False
C009857,podcast_episode,False
C000329,song,False
C027605,song,True
C019480,podcast_episode,True
C004080,song,False
C032108,song,False
C000031,podcast_episode,True
C019391,podcast_episode,False
C002620,song,True
C026830,song,False
C030840,song,False
C022293,song,True
C006352,song,False
C001927,song,False
C006692,song,True
C015129,song,False
C024182,podcast_episode,False
C005363,song,False
C016678,song,False
C013515,podcast_episode,False
C020104,song,True
C008756,song,True
C001635,song,False
C001203,song,False
C028279,album,True
C005357,podcast_episode,True
C026209,album,True
C010151,podcast_episode,False
C022252,song,True
C018791,song,False
C024842,podcast_episode,True
C019409,audiobook,True
C028387,audiobook,False
C029679,podcast_episode,True
C017583,song,True
C002856,song,True
C010635,song,True
C021523,song,False
C002586,song,False
C033795,song,False
C017743,song,True
C027581,podcast_episode,True
C009607,podcast_episode,True
C000664,podcast_episode,False
C005349,podcast_episode,False
C019787,podcast_episode,False
C017524,song,False
C014562,podcast_episode,False
C003905,audiobook,True
C020531,song,False
C008956,song,True
C020933,song,True
C016533,podcast_episode,True
C025534,song,True
C021205,album,False
C008249,song,False
C032134,song,True
C003087,podcast_episode,False
C005481,podcast_episode,True
C018967,podcast_episode,False
C026668,song,True
C012155,podcast_episode,False
C014893,album,False
C014942,song,False
C001008,song,False
C032258,album,False
C014110,podcast_episode,False
C029685,podcast_episode,False
C029656,podcast_episode,True
C028530,album,True
C019085,podcast_episode,False
C032523,song,False
C000608,song,True
C008308,podcast_episode,False
C029367,podcast_episode,True
C007274,podcast_episode,True
C030666,song,False
C019673,podcast_episode,False
C029337,song,False
C021956,song,False
C024300,song,False
C026481,song,False
C008123,podcast_episode,False
C013374,song,False
C026013,podcast_episode,True
C016640,song,False
C025421,song,False
C003071,song,False
C017983,album,False
C004373,song,False
C023192,podcast_episode,False
C032807,song,True
C021166,song,True
C026779,song,False
C033287,album,False
C001388,song,True
C021994,podcast_episode,False
C005628,podcast_episode,True
C004901,podcast_episode,True
C010083,album,True
C002804,song,False
C011614,podcast_episode,False
C010432,podcast_episode,True
C025238,song,False
C023753,podcast_episode,True
C004149,song,False
C002663,song,True
C011601,song,True
C032579,album,False
C021258,song,False
C002013,song,False
C014989,podcast_episode,True
C021970,song,False
C028146,audiobook,False
C002568,podcast_episode,False
C012264,song,False
C001911,song,False
C006434,song,False
C014031,album,False
C020517,song,True
C018074,song,True
C030095,song,False
C005760,album,False
C011660,album,True
C006299,song,False
C031719,song,False
C025635,song,False
C008686,audiobook,True
C008466,podcast_episode,False
C024322,song,False
C030751,podcast_episode,False
C018437,album,False
C029648,album,False
C024075,song,False
C016916,song,True
C008180,audiobook,False
C027733,song,False
C016210,song,False
C030471,song,False
C002310,audiobook,True
C030517,podcast_episode,False
C031605,song,True
C017779,album,False
C028408,podcast_episode,True
C001512,song,False
C019936,album,True
C013049,song,False
C030715,podcast_episode,False
C029492,audiobook,False
C031896,podcast_episode,False
C013847,podcast_episode,False
C029177,album,False
C019013,song,False
C006297,podcast_episode,False
C008426,song,False
C030208,song,True
C023905,podcast_episode,True
C014382,song,False
C011368,song,False
C017926,album,False
C022634,song,False
C009783,song,True
C013757,podcast_episode,True
C009895,song,True
C015038,podcast_episode,True
C007464,song,False
C006267,podcast_episode,False
C025037,album,True
C018929,song,False
C008171,podcast_episode,False
C005427,song,False
C002416,podcast_episode,False
C013060,song,False
C029920,song,True
C017033,audiobook,False
C018962,song,False
C005976,song,True
C008643,song,False
C014748,song,True
C004083,song,False
C021013,album,True
C017793,song,True
C011475,podcast_episode,False
C008005,song,False
C023792,podcast_episode,False
C020263,song,True
C024036,song,False
C003600,song,False
C025124,song,False
C006860,podcast_episode,True
C026299,podcast_episode,False
C033256,song,False
C031561,song,True
C008676,song,False
C028446,song,False
C024351,song,False
C018393,podcast_episode,False
C006955,podcast_episode,True
C017567,song,False
C016769,podcast_episode,False
C015924,podcast_episode,False
C022620,album,True
C017078,song,True
C009083,song,False
C012778,song,False
C016618,podcast_episode,False
C027942,song,False
C005600,song,False
C001096,song,True
C009632,song,False
C032929,song,True
C001660,podcast_episode,False
C022327,podcast_episode,True
C032111,podcast_episode,False
C018863,song,False
C009472,podcast_episode,True
C010955,audiobook,True
C029422,song,True
C027591,podcast_episode,True
C025447,song,False
C028573,album,False
C023102,podcast_episode,False
C031195,podcast_episode,True
C025791,audiobook,True
C018391,album,True
C027720,podcast_episode,False
C001159,song,False
C000175,song,False
C024664,song,True
C021617,song,True
C006733,song,True
C032183,song,False
C023208,song,False
C002175,podcast_episode,False
C001925,song,False
C016089,album,True
C004782,song,False
C001287,song,True
C026206,song,False
C000609,album,True
C006799,album,True
C018429,song,False
C019751,album,False
C030972,album,False
C003658,song,False
C028478,song,False
C001949,song,False
C024438,album,True
C012854,song,True
C008620,song,True
C008239,album,True
C028337,song,True
C020986,song,False
C028290,song,False
C007444,song,True
C006115,song,True
C023408,audiobook,True
C003111,podcast_episode,False
C019971,album,False
C023754,song,True
C007557,song,False
C001115,podcast_episode,True
C001055,song,False
C033535,song,True
C003281,podcast_episode,True
C015445,audiobook,True
C011899,song,False
C007835,podcast_episode,True
C010105,album,False
C015713,song,True
C026729,album,False
C020171,podcast_episode,False
C009945,podcast_episode,False
C002868,album,True
C030791,podcast_episode,False
C027182,song,False
C031616,podcast_episode,False
C001729,podcast_episode,True
C017584,podcast_episode,False
C016780,song,False
C019467,podcast_episode,False
C029236,audiobook,False
C031474,song,False
C030226,podcast_episode,False
C032867,podcast_episode,True
C031671,song,False
C010565,podcast_episode,False
C029277,song,False
C030741,song,False
C014482,song,True
C028422,song,True
C012754,audiobook,False
C025973,album,True
C018719,song,False
C006364,podcast_episode,False
C006239,podcast_episode,True
C016573,podcast_episode,True
C014407,album,False
C029151,song,False
C000483,song,False
C030821,song,True
C030596,song,True
C009161,song,True
C023375,song,True
C017932,song,True
C027130,song,False
C017937,song,False
C002165,song,False
C031389,song,False
C025302,podcast_episode,True
C019748,song,True
C016056,song,True
C010854,album,False
C018710,audiobook,False
C002115,song,True
C013865,album,False
C032845,podcast_episode,True
C001665,podcast_episode,False
C024599,song,False
C011271,song,False
C019760,song,True
C006157,song,False
C011086,podcast_episode,False
C032245,song,True
C033437,song,True
C005462,podcast_episode,False
C027349,song,False
C032510,podcast_episode,True
C007891,podcast_episode,False
C019208,song,True
C016444,song,False
C006855,podcast_episode,False
C008020,song,True
C006903,song,False
C009134,song,False
C000299,song,False
C015718,audiobook,False
C006512,song,True
C007318,song,False
C018441,song,False
C033013,podcast_episode,False
C003566,song,False
C003682,song,False
C020993,podcast_episode,False
C010351,song,False
C021580,song,True
C012053,podcast_episode,False
C018414,podcast_episode,False
C013801,audiobook,False
C028082,song,False
C003109,podcast_episode,True
C016452,album,False
C029376,audiobook,True
C011492,song,True
C028097,song,False
C002113,song,False
C009515,song,False
C015127,podcast_episode,False
C022148,podcast_episode,False
C002182,song,False
C032167,song,False
C017073,audiobook,True
C022779,song,False
C031279,album,False
C013368,song,False
C023138,podcast_episode,False
C024884,song,True
C007262,song,False
C014948,song,False
C029587,album,False
C000151,song,False
C024396,song,True
C021935,song,False
C012129,song,True
C006263,song,True
C029411,song,True
C019239,audiobook,True
C024982,song,False
C005269,album,True
C033593,podcast_episode,False
C007482,podcast_episode,False
C027577,audiobook,False
C025594,song,True
C008986,song,False
C033690,song,False
C029722,song,False
C029214,podcast_episode,False
C027390,podcast_episode,False
C002198,podcast_episode,False
C033813,song,True
C014123,song,False
C007427,song,True
C022000,song,False
C001300,song,False
C030757,podcast_episode,False
C033223,audiobook,False
C009758,podcast_episode,False
C011636,song,False
C011611,podcast_episode,True
C014636,song,False
C030687,song,False
C005171,podcast_episode,False
C022359,song,True
C033181,song,False
C000203,song,False
C001251,song,True
C009394,podcast_episode,False
C025307,song,False
C021216,song,False
C000936,podcast_episode,False
C012273,album,False
C023697,song,False
C029690,song,False
C002064,song,False
C017354,album,True
C012349,podcast_episode,True
C018522,podcast_episode,False
C002700,podcast_episode,False
C005299,song,False
C019416,song,False
C030355,podcast_episode,False
C009805,podcast_episode,False
C025345,song,True
C000852,song,True
C015971,album,True
C008896,podcast_episode,True
C017109,song,False
C014770,podcast_episode,False
C003168,song,True
C024950,podcast_episode,False
C016904,podcast_episode,True
C017784,podcast_episode,True
C001384,song,False
C014686,podcast_episode,False
C024707,audiobook,False
C022624,song,False
C018532,podcast_episode,False
C030869,song,False
C023190,song,False
C005015,podcast_episode,True
C021324,song,True
C024369,podcast_episode,False
C007371,podcast_episode,False
C002608,audiobook,False
C029455,podcast_episode,False
C018760,song,False
C012456,podcast_episode,False
C005767,song,False
C027646,album,False
C009900,audiobook,True
C026966,podcast_episode,False
C025283,song,False
C009324,podcast_episode,True
C029900,song,True
C031099,podcast_episode,False
C001778,song,False
C004244,album,True
C033186,podcast_episode,False
C007708,song,False
C018055,podcast_episode,False
C009779,song,False
C025332,podcast_episode,False
C006803,podcast_episode,False
C032835,podcast_episode,False
C001369,song,True
C012238,song,False
C020905,song,False
C021991,podcast_episode,True
C013783,song,False
C017815,song,False
C025096,song,False
C020594,song,False
C006893,podcast_episode,True
C025376,podcast_episode,True
C018137,song,False
C025891,album,False
C008550,song,False
C000297,podcast_episode,False
C032896,song,True
C002666,podcast_episode,False
C021955,song,False
C012811,song,False
C022833,song,False
C032211,song,False
C017971,song,False
C012325,podcast_episode,False
C026305,album,False
C024220,song,False
C023501,song,False
C029765,song,False
C001065,song,True
C031240,album,False
C020090,album,False
C023189,song,False
C031127,podcast_episode,False
C000044,podcast_episode,True
C024340,podcast_episode,False
C022585,song,False
C010414,podcast_episode,True
C008904,song,False
C000374,podcast_episode,True
C033542,album,True
C013460,podcast_episode,False
C015203,podcast_episode,False
C020137,song,False
C028724,song,False
C018256,podcast_episode,True
C025146,song,False
C007476,song,False
C023068,album,True
C028955,audiobook,False
C020854,song,True
C007306,song,False
C022423,podcast_episode,False
C011329,album,False
C027061,audiobook,False
C009089,album,True
C009791,podcast_episode,False
C007841,song,False
C025383,song,True
C025660,podcast_episode,False
C000934,song,False
C031694,podcast_episode,False
C010671,podcast_episode,False
C014653,song,False
C025958,album,False
C010212,song,False
C020022,podcast_episode,True
C000513,audiobook,False
C000879,audiobook,False
C013209,song,False
C033032,podcast_episode,True
C001414,podcast_episode,False
C002125,audiobook,True
C004436,song,True
C029596,song,False
C030031,song,False
C016077,podcast_episode,False
C028284,song,False
C018234,song,False
C027643,podcast_episode,False
C033561,song,False
C006153,podcast_episode,True
C010690,song,False
C008418,podcast_episode,True
C022832,song,True
C026615,song,True
C001704,song,False
C029460,podcast_episode,False
C003363,song,True
C026972,song,False
C008204,song,True
C021408,album,True
C014787,album,False
C031842,song,True
C018976,podcast_episode,False
C000755,song,False
C012752,song,False
C012219,podcast_episode,True
C018769,podcast_episode,False
C032759,song,False
C014791,album,True
C006501,song,False
C024961,song,False
C017456,song,True
C029268,album,False
C024279,song,False
C031747,podcast_episode,True
C006375,song,False
C015575,audiobook,False
C015587,podcast_episode,False
C024737,podcast_episode,False
C014001,song,False
C000990,song,True
C004427,album,False
C031724,audiobook,True
C027247,song,False
C014438,podcast_episode,False
C029062,song,False
C029235,album,False
C016351,song,False
C016404,song,False
C012788,podcast_episode,True
C006834,podcast_episode,False
C031091,podcast_episode,False
C030864,song,False
C033047,song,True
C017017,album,True
C016650,album,True
C020582,audiobook,False
C013057,song,False
C003869,song,False
C031570,song,True
C024474,song,False
C008175,song,False
C025661,podcast_episode,False
C029982,podcast_episode,False
C013962,album,False
C026345,podcast_episode,False
C000341,song,False
C016890,song,True
C027473,podcast_episode,True
C019332,song,False
C026760,song,False
C002304,song,False
C014210,album,False
C018557,podcast_episode,False
C020091,podcast_episode,False
C011342,song,False
C029856,song,False
C024723,song,False
C009148,album,True
C009450,song,False
C010750,song,False
C012035,song,True
C002313,song,False
C003062,podcast_episode,False
C032863,podcast_episode,False
C000694,album,False
C018491,podcast_episode,False
C000076,album,False
C013764,song,False
C032590,song,False
C025002,audiobook,False
C015408,song,False
C033166,song,False
C011072,album,True
C021870,song,True
C022819,song,False
C005018,podcast_episode,True
C007328,podcast_episode,False
C018673,song,False
C021407,album,True
C023632,album,False
C017725,album,True
C018453,podcast_episode,False
C021919,podcast_episode,False
C001027,podcast_episode,False
C032268,podcast_episode,True
C010642,podcast_episode,False
C001349,song,True
C006629,podcast_episode,False
C024378,song,False
C022454,audiobook,True
C009796,song,True
C031545,podcast_episode,False
C019671,song,False
C017176,song,False
C024686,song,True
C024277,podcast_episode,False
C022556,song,False
C006307,song,True
C022486,song,False
C005024,podcast_episode,False
C006728,song,False
C020353,song,False
C009581,audiobook,False
C010513,song,True
C025749,podcast_episode,False
C001886,audiobook,False
C000202,song,False
C024535,song,True
C032420,podcast_episode,True
C017956,album,False
C005863,song,False
C005719,song,False
C027098,album,False
C027200,song,False
C013580,song,False
C019655,song,True
C023364,podcast_episode,False
C009856,song,True
C008476,song,False
C011540,song,False
C012596,song,False
C022857,song,False
C025976,song,True
C029635,podcast_episode,False
C032822,podcast_episode,True
C026904,song,True
C001023,audiobook,False
C011363,podcast_episode,True
C027847,song,False
C033521,album,True
C023596,song,False
C019559,song,False
C010552,album,True
C013213,song,False
C018725,podcast_episode,True
C001546,album,False
C022325,song,False
C030811,song,False
C005991,podcast_episode,False
C002901,song,False
C032763,song,False
C026216,song,False
C023703,song,False
C000115,podcast_episode,True
C011610,podcast_episode,True
C031968,audiobook,False
C004982,song,False
C030475,song,True
C004534,song,False
C018144,podcast_episode,True
C005411,audiobook,True
C010168,song,False
C020772,song,False
C006679,song,True
C017072,album,True
C010198,audiobook,False
C000759,song,True
C001255,song,True
C011765,song,True
C017546,podcast_episode,True
C033800,audiobook,False
C009661,podcast_episode,True
C019575,song,False
C011162,song,False
C022019,song,False
C021179,song,False
C029270,song,False
C026380,album,False
C019246,podcast_episode,True
C026998,song,False
C014425,audiobook,False
C018287,audiobook,False
C027090,song,False
C000747,song,False
C023041,song,True
C004012,podcast_episode,False
C012310,song,False
C000688,podcast_episode,True
C006234,podcast_episode,False
C021853,song,False
C010997,song,True
C006890,song,False
C022004,podcast_episode,False
C019043,song,False
C018271,song,True
C028671,podcast_episode,True
C000517,album,False
C012762,podcast_episode,True
C003685,album,False
C006356,album,True
C031291,album,False
C023008,song,False
C028873,song,False
C015457,song,False
C030705,audiobook,False
C023773,podcast_episode,False
C000837,podcast_episode,False
C001256,podcast_episode,True
C026419,podcast_episode,True
C032855,album,False
C006085,audiobook,False
C007465,album,False
C008010,album,True
C000475,song,True
C007498,podcast_episode,False
C024752,podcast_episode,True
C008811,song,True
C024931,podcast_episode,False
C003929,podcast_episode,True
C031258,song,False
C006761,song,False
C008116,audiobook,False
C028148,podcast_episode,False
C018201,song,True
C017550,podcast_episode,False
C033121,song,False
C020613,album,False
C030675,song,True
C030874,podcast_episode,True
C011769,song,False
C030316,podcast_episode,False
C030184,podcast_episode,False
C004054,podcast_episode,False
C012624,song,True
C005406,podcast_episode,False
C009543,album,False
C018497,song,False
C011875,song,True
C006731,podcast_episode,True
C024943,song,False
C000255,song,False
C024366,podcast_episode,False
C023558,song,True
C010746,song,False
C002806,audiobook,False
C030605,song,False
C001222,podcast_episode,False
C002292,podcast_episode,True
C012143,album,False
C022816,song,False
C003085,audiobook,True
C004706,song,False
C016865,album,False
C013135,podcast_episode,True
C025805,album,False
C032704,album,False
C005479,album,False
C002188,podcast_episode,False
C004251,song,True
C002956,album,False
C029165,song,False
C008601,podcast_episode,False
C004091,podcast_episode,False
C023496,song,False
C006403,song,True
C024093,audiobook,True
C033475,podcast_episode,False
C016592,song,True
C017170,song,False
C008489,audiobook,False
C004312,podcast_episode,False
C026534,podcast_episode,False
C011995,album,True
C018955,podcast_episode,False
C032065,podcast_episode,False
C010332,song,True
C025825,podcast_episode,False
C027545,song,False
C027599,song,True
C002171,album,False
C028223,song,False
C021321,song,False
C028605,podcast_episode,True
C031590,podcast_episode,False
C011586,podcast_episode,False
C008987,podcast_episode,False
C024603,album,False
C028359,song,False
C021440,podcast_episode,False
C002682,podcast_episode,False
C031280,podcast_episode,False
C005814,song,False
C015187,song,False
C013195,song,True
C006583,song,False
C003044,album,False
C002444,podcast_episode,True
C030346,podcast_episode,False
C018750,podcast_episode,False
C013492,audiobook,True
C026770,song,True
C015693,podcast_episode,False
C006210,podcast_episode,False
C022769,song,True
C029831,podcast_episode,True
C009992,song,True
C007271,podcast_episode,True
C021892,song,False
C000887,song,True
C016069,song,True
C000537,audiobook,False
C009334,audiobook,True
C019656,podcast_episode,True
C021396,podcast_episode,False
C008067,podcast_episode,True
C015415,podcast_episode,False
C017211,song,True
C024984,song,False
C004338,song,True
C017934,song,False
C020798,song,False
C009686,podcast_episode,True
C004864,podcast_episode,True
C010258,audiobook,False
C029463,song,False
C024175,podcast_episode,False
C001842,podcast_episode,False
C020457,album,True
C011089,podcast_episode,False
C007474,album,False
C021080,song,False
C017400,song,False
C008354,song,False
C029441,podcast_episode,False
C020399,podcast_episode,True
C021352,song,True
C021400,podcast_episode,True
C025840,song,False
C033296,podcast_episode,False
C000553,podcast_episode,False
C000112,album,False
C004884,podcast_episode,False
C016882,song,False
C026580,song,False
C029888,podcast_episode,False
C015662,podcast_episode,True
C026955,audiobook,False
C012992,podcast_episode,True
C019268,song,False
C024957,podcast_episode,True
C002683,podcast_episode,True
C010190,song,True
C023660,podcast_episode,True
C027628,album,True
C002588,song,False
C011206,song,False
C000465,song,False
C032729,song,True
C011182,podcast_episode,False
C008524,song,True
C025168,song,True
C024883,podcast_episode,False
C029019,album,True
C029354,song,True
C022467,song,True
C022666,podcast_episode,True
C013452,album,False
C016096,podcast_episode,False
C030566,podcast_episode,False
C005915,song,False
C008575,song,False
C027580,audiobook,False
C003610,song,False
C021503,album,False
C003068,song,False
C010014,song,False
C020626,song,False
C021885,song,False
C031157,song,False
C026304,album,False
C006529,audiobook,False
C018375,song,False
C023473,song,False
C001167,song,False
C025154,audiobook,True
C011387,song,False
C005225,song,False
C006370,podcast_episode,False
C025666,song,False
C026111,audiobook,False
C023540,album,True
C021607,podcast_episode,False
C033868,podcast_episode,True
C007932,podcast_episode,False
C011333,podcast_episode,False
C004515,podcast_episode,False
C016643,album,True
C006219,podcast_episode,False
C025147,podcast_episode,False
C024721,podcast_episode,False
C001478,album,True
C016286,podcast_episode,True
C005533,podcast_episode,True
C020676,album,False
C001921,song,False
C020283,audiobook,True
C001815,podcast_episode,False
C032473,song,False
C027014,song,False
C013303,song,True
C021470,podcast_episode,False
C005694,song,False
C010605,album,False
C022294,podcast_episode,False
C003625,album,False
C000020,podcast_episode,False
C010098,song,False
C019981,song,True
C011040,song,True
C030783,song,False
C010200,song,False
C001948,song,False
C006034,song,False
C028638,audiobook,False
C023167,song,True
C019218,album,False
C010242,song,False
C030481,album,False
C011147,song,False
C019118,podcast_episode,False
C024840,podcast_episode,True
C031112,song,False
C002364,podcast_episode,True
C025058,podcast_episode,False
C018500,song,False
C032794,album,False
C016034,podcast_episode,False
C029158,song,False
C029970,song,False
C026071,song,True
C003132,song,True
C018101,song,False
C003663,song,False
C030622,podcast_episode,True
C003595,podcast_episode,True
C004399,album,False
C020641,song,True
C015184,song,False
C026756,song,True
C023734,podcast_episode,True
C010856,album,False
C002226,song,False
C001684,podcast_episode,False
C019997,podcast_episode,True
C025910,song,False
C015797,song,False
C009642,song,True
C001239,song,False
C026597,podcast_episode,False
C001700,podcast_episode,False
C010296,podcast_episode,True
C025241,song,False
C009081,podcast_episode,False
C013211,song,False
C007689,podcast_episode,False
C017947,song,False
C019511,song,True
C000349,song,False
C011714,song,True
C021821,song,True
C030602,podcast_episode,False
C025908,album,False
C017860,podcast_episode,False
C008835,song,False
C021113,podcast_episode,False
C007844,podcast_episode,False
C009821,song,False
C020902,song,True
C000900,album,True
C028350,song,False
C020379,song,True
C012197,audiobook,False
C024447,song,False
C004416,song,False
C032320,audiobook,False
C008586,song,False
C008735,song,False
C030588,song,False
C018240,podcast_episode,False
C019183,podcast_episode,False
C030528,song,False
C002931,album,False
C031116,song,True
C015821,podcast_episode,False
C018961,podcast_episode,True
C029761,song,False
C033617,song,False
C024919,song,False
C031557,album,False
C008077,song,False
C001755,song,True
C020041,song,False
C033120,song,True
C025917,song,False
C031543,song,False
C002050,song,False
C016756,song,False
C032529,song,False
C030283,album,False
C028502,song,False
C015249,song,True
C004720,podcast_episode,True
C001750,song,True
C003841,song,False
C012036,podcast_episode,True
C024171,song,True
C014739,song,True
C001145,song,False
C004293,album,True
C019520,podcast_episode,False
C018652,podcast_episode,False
C033477,podcast_episode,False
C026467,album,False
C024123,song,False
C020991,song,False
C003478,song,False
C018446,album,False
C018934,song,False
C000065,podcast_episode,False
C019434,song,True
C014253,song,False
C024443,song,False
C021261,podcast_episode,False
C018986,album,False
C020978,podcast_episode,False
C012332,song,False
C027073,podcast_episode,False
C024386,podcast_episode,True
C006578,podcast_episode,True
C001930,song,False
C032168,podcast_episode,True
C011799,song,False
C016680,audiobook,False
C011140,song,False
C010781,song,False
C023422,song,True
C007466,podcast_episode,False
C021880,song,True
C021769,song,False
C005142,song,True
C001202,song,False
C012527,song,False
C029829,podcast_episode,False
C008780,song,False
C007093,album,False
C028272,song,False
C001643,song,False
C018570,podcast_episode,True
C021613,podcast_episode,False
C013897,podcast_episode,True
C015953,song,True
C003353,song,False
C009226,podcast_episode,False
C006298,podcast_episode,True
C004988,song,True
C032976,podcast_episode,False
C002324,album,False
C020004,song,False
C018015,song,True
C000615,song,True
C002194,podcast_episode,False
C011335,podcast_episode,True
C008642,song,False
C031066,song,False
C030442,album,True
C012256,album,True
C032765,song,False
C009144,song,True
C014651,podcast_episode,False
C008205,podcast_episode,False
C007253,song,False
C028975,album,False
C014363,podcast_episode,False
C028069,song,False
C029425,song,False
C005784,song,False
C028670,podcast_episode,False
C009620,song,False
C019796,song,True
C014204,song,True
C015407,album,False
C025139,album,True
C004021,podcast_episode,True
C012014,podcast_episode,True
C022719,song,False
C026934,podcast_episode,False
C018995,podcast_episode,False
C032738,song,False
C031222,song,False
C007826,song,True
C019287,podcast_episode,False
C026717,song,True
C026502,song,False
C004302,song,True
C030930,song,True
C007103,song,True
C033763,song,False
C005347,podcast_episode,False
C024146,song,False
C033550,podcast_episode,False
C026422,song,False
C002563,podcast_episode,False
C007618,podcast_episode,False
C027502,song,False
C017037,podcast_episode,False
C007347,podcast_episode,False
C001299,audiobook,True
C016850,podcast_episode,False
C011232,song,False
C014559,song,True
C009935,song,True
C013674,song,False
C003734,podcast_episode,False
C001824,album,False
C009700,podcast_episode,True
C022060,song,True
C019993,song,False
C009946,podcast_episode,False
C008420,song,False
C009514,song,False
C018521,podcast_episode,True
C001892,album,True
C019196,song,False
C031871,song,False
C030730,podcast_episode,False
C027457,podcast_episode,False
C012635,song,True
C000809,podcast_episode,False
C005890,song,True
C018855,song,False
C006093,song,False
C023484,song,False
C008941,podcast_episode,False
C027277,album,True
C005367,podcast_episode,False
C023882,podcast_episode,False
C005373,song,False
C014054,podcast_episode,True
C005536,song,False
C012225,album,True
C007367,song,False
C023884,song,False
C021104,podcast_episode,False
C033516,album,True
C004379,song,False
C028098,audiobook,True
C012395,album,True
C012422,song,True
C010962,song,False
C026455,podcast_episode,False
C027658,podcast_episode,True
C026125,podcast_episode,False
C031221,podcast_episode,True
C024246,audiobook,False
C030908,song,True
C009710,podcast_episode,True
C018257,song,True
C020576,song,False
C025436,podcast_episode,True
C026869,song,False
C013778,song,True
C005396,song,False
C005196,song,False
C027947,podcast_episode,True
C011198,song,False
C020858,podcast_episode,True
C013180,song,False
C022192,podcast_episode,True
C016525,song,False
C016880,podcast_episode,False
C023069,podcast_episode,False
C023556,audiobook,False
C015893,song,False
C010889,podcast_episode,False
C019476,podcast_episode,True
C031987,audiobook,False
C010407,audiobook,True
C024946,song,False
C032057,song,False
C004504,album,False
C025833,album,False
C000271,podcast_episode,True
C033709,song,False
C026383,song,True
C004806,song,False
C027211,podcast_episode,False
C018924,podcast_episode,False
C030253,podcast_episode,True
C006975,song,False
C018631,song,False
C030515,song,False
C004017,podcast_episode,False
C024320,song,False
C020037,audiobook,True
C007621,song,False
C029571,podcast_episode,False
C023433,song,True
C025111,song,False
C015467,podcast_episode,False
C016437,podcast_episode,False
C019788,song,True
C008221,podcast_episode,False
C013904,song,False
C030467,album,False
C007010,song,False
C010751,song,False
C020857,album,False
C014236,podcast_episode,False
C006645,podcast_episode,False
C008122,song,False
C032780,podcast_episode,False
C014828,song,True
C018341,album,True
C013203,podcast_episode,True
C022629,podcast_episode,False
C025644,podcast_episode,False
C000607,song,False
C010282,song,True
C025264,podcast_episode,False
C021971,audiobook,True
C004112,album,True
C004004,song,True
C026851,podcast_episode,True
C032413,podcast_episode,True
C005124,song,False
C026610,album,False
C021702,song,False
C025150,podcast_episode,False
C018428,song,True
C017607,audiobook,True
C020461,podcast_episode,False
C020729,podcast_episode,True
C008557,song,False
C004346,album,False
C007411,song,False
C001240,album,False
C013645,podcast_episode,False
C018590,song,False
C003956,podcast_episode,True
C026995,song,True
C021376,podcast_episode,True
C015545,podcast_episode,False
C012949,song,True
C004471,podcast_episode,False
C014516,album,True
C007109,podcast_episode,False
C032432,audiobook,True
C009578,podcast_episode,False
C008432,song,True
C010762,song,False
C020565,song,False
C010182,song,False
C009498,podcast_episode,False
C026690,song,False
C008373,podcast_episode,False
C001338,song,False
C026186,song,False
C031595,audiobook,True
C006737,song,False
C009745,podcast_episode,False
C008290,podcast_episode,False
C032505,song,True
C014805,audiobook,False
C002000,song,False
C020956,song,False
C015434,podcast_episode,False
C024658,song,False
C020328,album,False
C023004,song,False
C009602,album,False
C022704,podcast_episode,False
C016348,album,True
C001110,song,False
C011646,song,False
C016349,song,False
C012088,podcast_episode,True
C013964,song,False
C032310,song,True
C004115,song,False
C008352,podcast_episode,True
C026709,song,False
C032665,song,False
C004096,song,False
C027582,album,False
C030993,podcast_episode,True
C029418,song,True
C000896,podcast_episode,True
C032270,album,False
C027490,podcast_episode,True
C028271,song,True
C016635,song,False
C032644,album,False
C002733,song,False
C016519,podcast_episode,False
C028841,song,False
C001000,podcast_episode,True
C013908,song,False
C028209,song,False
C009623,podcast_episode,False
C030180,song,False
C016768,podcast_episode,False
C003899,song,True
C032557,podcast_episode,False
C026833,podcast_episode,False
C010596,podcast_episode,True
C013898,podcast_episode,False
C017059,podcast_episode,True
C033595,album,False
C028940,song,False
C006872,podcast_episode,False
C033746,song,False
C023962,song,False
C008767,song,False
C024487,audiobook,False
C019764,podcast_episode,True
C000438,podcast_episode,True
C017902,song,False
C020618,podcast_episode,False
C009720,album,False
C012644,podcast_episode,False
C012796,podcast_episode,True
C000242,song,False
C024635,podcast_episode,False
C007206,song,True
C011380,podcast_episode,False
C026659,podcast_episode,False
C026378,audiobook,True
C014855,podcast_episode,False
C012392,podcast_episode,True
C013434,podcast_episode,False
C003061,podcast_episode,False
C033321,album,False
C021459,song,True
C008684,song,False
C016331,song,True
C019666,podcast_episode,False
C013602,song,False
C003963,song,True
C025629,podcast_episode,True
C010843,album,True
C009225,song,False
C013803,podcast_episode,True
C017148,podcast_episode,True
C027260,podcast_episode,True
C029880,podcast_episode,False
C029612,podcast_episode,False
C031564,podcast_episode,False
C031265,podcast_episode,False
C033226,podcast_episode,True
C015623,song,False
C023381,song,False
C011965,song,False
C021787,song,True
C019065,song,False
C032739,song,True
C013420,podcast_episode,True
C009591,podcast_episode,True
C011079,podcast_episode,True
C029733,song,True
C024392,podcast_episode,True
C013149,podcast_episode,False
C010109,song,False
C020863,song,False
C014556,podcast_episode,False
C019501,song,False
C003380,podcast_episode,False
C012983,song,False
C022859,podcast_episode,False
C017069,audiobook,False
C029528,song,False
C010640,audiobook,False
C031869,audiobook,False
C018454,song,False
C005098,podcast_episode,False
C015000,podcast_episode,True
C015504,podcast_episode,False
C015172,song,False
C007298,song,False
C002986,audiobook,False
C002797,song,False
C018628,song,False
C030641,song,False
C033342,podcast_episode,False
C018439,song,False
C020168,song,True
C000674,song,True
C002306,podcast_episode,False
C032479,album,True
C021587,song,True
C009430,album,False
C022129,song,False
C010318,podcast_episode,False
C016999,album,False
C005366,podcast_episode,False
C016976,song,False
C024032,podcast_episode,False
C001837,song,True
C024380,song,True
C021471,song,True
C007385,song,True
C003417,song,False
C011362,song,False
C007283,album,False
C008104,podcast_episode,True
C020401,audiobook,False
C024618,podcast_episode,False
C001429,album,False
C003504,song,False
C014909,podcast_episode,False
C022720,song,False
C001424,podcast_episode,True
C000625,audiobook,False
C005997,podcast_episode,False
C024903,song,False
C023478,song,True
C004823,podcast_episode,False
C033669,podcast_episode,False
C004832,podcast_episode,False
C017117,podcast_episode,False
C018132,song,False
C019790,podcast_episode,True
C012613,podcast_episode,True
C028118,song,False
C016124,song,False
C029129,song,False
C002380,podcast_episode,False
C021290,podcast_episode,False
C032688,song,False
C021180,song,False
C002167,song,True
C025076,podcast_episode,False
C019634,song,True
C013974,song,False
C018808,song,True
C030764,podcast_episode,True
C009525,album,False
C026131,song,False
C018680,song,False
C014475,song,False
C028008,song,False
C013890,podcast_episode,False
C028084,song,False
C012020,podcast_episode,False
C013476,song,True
C014447,podcast_episode,True
C022915,album,False
C011314,audiobook,False
C020167,song,True
C026141,audiobook,True
C010205,song,False
C023181,song,True
C002399,podcast_episode,False
C017246,song,False
C019795,song,False
C000826,album,False
C016965,song,False
C023411,song,False
C024522,song,False
C025102,podcast_episode,False
C009691,song,False
C012617,podcast_episode,True
C021829,song,False
C016691,podcast_episode,False
C019916,audiobook,True
C028114,song,True
C014048,podcast_episode,True
C011151,song,True
C023787,audiobook,False
C015121,podcast_episode,True
C005022,song,False
C022913,song,False
C004205,song,True
C001988,album,False
C022103,song,True
C027534,song,False
C006304,song,True
C021771,album,True
C005114,song,False
C007655,song,False
C032153,song,False
C018477,song,True
C022876,song,False
C009863,podcast_episode,False
C021339,song,False
C019692,song,False
C031053,song,False
C030709,song,False
C001678,song,False
C025987,song,False
C002999,podcast_episode,False
C006099,song,False
C026196,song,True
C002513,album,False
C016122,song,False
C025732,podcast_episode,True
C018419,podcast_episode,False
C023534,podcast_episode,False
C006145,album,False
C028734,audiobook,True
C019946,song,True
C005964,song,False
C019615,song,False
C022158,song,False
C011722,song,False
C018752,song,True
C007390,song,False
C019392,song,True
C030724,podcast_episode,False
C003766,song,False
C017562,song,True
C001470,podcast_episode,True
C025081,podcast_episode,False
C015603,song,False
C018526,podcast_episode,True
C010986,song,False
C001250,album,True
C008003,song,False
C029414,podcast_episode,False
C019783,album,False
C030403,song,True
C029325,song,False
C026097,podcast_episode,False
C021082,podcast_episode,False
C014633,song,True
C006940,song,False
C024305,song,False
C012528,podcast_episode,False
C001481,song,False
C011161,song,False
C019991,song,True
C016269,podcast_episode,False
C016363,song,False
C002674,song,False
C013586,album,True
C015310,album,True
C007604,song,True
C033100,song,False
C015106,song,True
C002192,song,True
C007301,song,False
C015630,song,False
C022674,song,False
C021342,podcast_episode,False
C033798,song,False
C020377,podcast_episode,False
C021715,podcast_episode,False
C000273,song,False
C001135,song,True
C023046,podcast_episode,True
C033158,song,True
C023239,song,False
C012564,song,True
C015179,song,False
C016012,song,False
C028112,audiobook,True
C028522,podcast_episode,True
C021185,song,False
C022227,podcast_episode,False
C015510,song,False
C023305,song,False
C018659,song,False
C027350,podcast_episode,False
C020352,podcast_episode,True
C022235,podcast_episode,False
C033500,song,False
C024181,song,True
C002311,song,False
C009319,podcast_episode,False
C004006,podcast_episode,True
C006105,podcast_episode,True
C004667,song,True
C028205,song,False
C016443,song,False
C020333,song,False
C002044,song,False
C030698,podcast_episode,True
C029823,song,True
C014951,album,False
C002953,song,False
C009065,song,True
C031303,song,False
C003119,album,False
C018621,song,True
C027981,song,False
C013797,song,True
C020096,podcast_episode,True
C030023,podcast_episode,False
C020672,podcast_episode,False
C028551,album,True
C017250,podcast_episode,False
C006458,song,False
C013729,song,False
C021510,song,False
C005459,podcast_episode,False
C019074,song,False
C008871,podcast_episode,False
C020553,song,False
C029385,audiobook,True
C019014,song,False
C032881,song,True
C003574,song,True
C014279,song,True
C018767,podcast_episode,False
C027092,song,False
C002283,song,False
C000676,song,False
C030252,podcast_episode,False
C001061,podcast_episode,True
C007284,album,False
C023089,podcast_episode,True
C025340,song,True
C027527,song,False
C003735,podcast_episode,False
C022236,song,False
C030321,song,False
C026554,song,False
C012990,album,False
C003400,podcast_episode,True
C029962,audiobook,True
C006165,podcast_episode,True
C026474,podcast_episode,False
C005437,song,False
C031999,podcast_episode,True
C002447,podcast_episode,True
C029118,song,False
C010869,album,False
C002765,song,True
C027910,podcast_episode,False
C013285,song,False
C021071,song,False
C016990,song,True
C015313,audiobook,False
C027298,album,False
C013570,song,False
C010608,song,False
C016053,song,False
C017432,song,True
C018677,podcast_episode,True
C013741,song,False
C016611,song,False
C009084,song,False
C013220,song,False
C017535,song,True
C010529,podcast_episode,True
C001913,podcast_episode,True
C025513,podcast_episode,False
C021974,podcast_episode,True
C028597,song,False
C014581,song,False
C033729,audiobook,False
C008159,album,False
C019526,podcast_episode,False
C001223,song,False
C000969,song,True
C025795,podcast_episode,False
C003090,song,False
C032951,album,False
C010793,song,False
C009545,podcast_episode,True
C021334,audiobook,True
C023079,song,False
C027592,album,False
C000810,album,False
C001874,podcast_episode,True
C031602,album,False
C023463,podcast_episode,False
C010291,podcast_episode,False
C028998,album,True
C027136,podcast_episode,False
C020855,podcast_episode,False
C029618,podcast_episode,True
C032804,audiobook,False
C010539,song,False
C031377,podcast_episode,False
C009659,podcast_episode,True
C030295,song,False
C014304,song,True
C022627,song,False
C006786,podcast_episode,False
C024421,podcast_episode,False
C030589,song,True
C011000,audiobook,False
C017709,podcast_episode,False
C001032,podcast_episode,False
C019106,song,False
C014568,podcast_episode,False
C004687,song,True
C002152,song,False
C003913,song,True
C027230,song,False
C014245,song,False
C012533,song,False
C031855,song,False
C002280,podcast_episode,False
C004809,podcast_episode,True
C016074,audiobook,False
C017105,podcast_episode,False
C027544,song,False
C017552,song,False
C014822,song,False
C006585,song,False
C018753,song,False
C006129,song,False
C005974,album,False
C012873,audiobook,False
C014440,podcast_episode,True
C008413,podcast_episode,False
C008490,song,True
C004306,podcast_episode,False
C006670,song,False
C002039,song,False
C002819,song,True
C026900,song,True
C031382,album,False
C015297,album,True
C025382,podcast_episode,False
C029598,song,True
C004525,album,False
C001188,podcast_episode,True
C012352,song,False
C007376,podcast_episode,False
C019773,album,False
C008458,audiobook,False
C004113,song,False
C033616,audiobook,False
C014493,song,False
C014374,song,True
C003112,song,False
C008932,song,False
C002345,podcast_episode,True
C019397,audiobook,False
C002728,song,False
C004576,album,False
C026946,song,False
C011505,song,True
C014378,song,False
C001354,audiobook,False
C009090,audiobook,True
C009876,song,True
C025337,song,True
C025877,album,False
C005924,album,True
C020244,podcast_episode,False
C009647,audiobook,False
C006648,podcast_episode,False
C012449,song,False
C001659,podcast_episode,False
C011865,album,False
C019454,podcast_episode,False
C007084,song,False
C000047,podcast_episode,True
C014637,podcast_episode,False
C011142,podcast_episode,True
C015014,song,False
C030492,song,True
C028546,podcast_episode,True
C003741,song,False
C021809,audiobook,True
C007217,album,True
C028180,song,False
C028265,song,False
C000323,song,False
C022553,song,False
C031578,song,False
C013934,podcast_episode,False
C008344,podcast_episode,False
C027257,song,True
C019473,podcast_episode,False
C018715,song,True
C013362,song,False
C003838,album,True
C010805,song,True
C029934,song,False
C016702,song,False
C011383,podcast_episode,False
C019394,song,True
C026950,song,False
C028886,album,True
C013372,podcast_episode,False
C004138,song,True
C014296,song,False
C030879,podcast_episode,False
C000188,podcast_episode,True
C033160,podcast_episode,False
C026446,song,False
C006929,song,True
C030736,audiobook,True
C020660,audiobook,False
C010321,podcast_episode,False
C002048,album,False
C002214,podcast_episode,False
C000141,song,False
C000985,album,True
C022443,song,True
C020024,song,True
C006407,podcast_episode,False
C030286,song,False
C003768,song,False
C016345,podcast_episode,False
C029519,song,False
C023850,song,False
C005986,song,False
C013958,album,False
C018820,podcast_episode,False
C000036,podcast_episode,True
C033108,song,True
C019353,song,True
C022799,song,False
C016268,album,True
C008338,audiobook,False
C018167,song,False
C011011,song,False
C002892,podcast_episode,False
C020911,album,True
C000363,song,False
C014638,podcast_episode,True
C008860,podcast_episode,True
C003632,podcast_episode,False
C017529,song,False
C028322,album,False
C002762,song,True
C023106,song,False
C000575,song,False
C018515,album,False
C017255,podcast_episode,False
C015126,song,True
C008715,song,True
C012679,song,True
C002549,song,False
C024451,song,True
C012554,song,False
C006248,song,False
C009363,song,False
C015005,song,False
C009131,audiobook,False
C006168,song,False
C006606,song,True
C007577,podcast_episode,True
C030489,song,False
C025742,podcast_episode,False
C007081,podcast_episode,True
C004267,podcast_episode,True
C004283,song,True
C019672,song,False
C013565,podcast_episode,False
C010469,podcast_episode,False
C014332,podcast_episode,False
C004587,song,False
C010264,podcast_episode,True
C029037,album,True
C023045,podcast_episode,True
C016757,song,False
C023793,podcast_episode,False
C027897,podcast_episode,False
C025757,podcast_episode,True
C028331,podcast_episode,False
C018951,song,True
C004032,album,False
C004152,album,True
C026512,song,False
C009699,song,True
C007349,song,False
C023122,podcast_episode,False
C002526,podcast_episode,False
C028093,song,False
C012146,album,False
C019023,podcast_episode,False
C001733,song,True
C007929,song,False
C009872,song,False
C025210,song,False
C018895,song,False
C011853,song,False
C021861,audiobook,False
C018683,podcast_episode,False
C032923,song,False
C015068,song,False
C010177,song,False
C009175,audiobook,False
C033033,song,True
C001391,song,False
C004210,song,False
C026350,song,True
C027076,song,True
C013830,podcast_episode,True
C003144,song,True
C005182,album,True
C005345,song,True
C007658,album,False
C002960,audiobook,False
C005157,song,True
C017884,song,True
C022311,podcast_episode,False
C001157,song,False
C024026,song,False
C024948,song,True
C007583,podcast_episode,False
C015508,song,False
C009531,song,False
C009810,podcast_episode,False
C021600,audiobook,False
C006243,song,False
C001868,audiobook,False
C022485,song,True
C031188,song,False
C020161,song,False
C003990,song,False
C008997,song,False
C016359,song,False
C025564,song,True
C023645,song,True
C011615,song,False
C001657,song,True
C012608,song,True
C011502,song,False
C024335,album,True
C032070,podcast_episode,False
C014398,song,False
C015123,song,False
C030134,song,False
C026140,song,True
C012145,song,False
C005754,song,False
C017845,song,False
C008993,song,True
C032720,song,True
C029300,album,False
C032679,song,True
C025284,audiobook,True
C024147,song,False
C009211,song,True
C012879,song,True
C008683,podcast_episode,False
C025893,audiobook,False
C017084,song,False
C003530,podcast_episode,False
C032230,podcast_episode,False
C017663,song,False
C031098,album,False
C000087,song,False
C004031,podcast_episode,False
C013939,podcast_episode,False
C013125,podcast_episode,False
C006136,song,False
C021131,song,False
C016128,song,True
C000629,podcast_episode,False
C004287,song,False
C030579,song,False
C029749,podcast_episode,False
C020092,podcast_episode,False
C007721,podcast_episode,False
C031384,podcast_episode,True
C007829,album,False
C032249,podcast_episode,False
C002342,podcast_episode,True
C030038,podcast_episode,False
C011222,album,True
C029136,audiobook,False
C013661,album,False
C029769,song,False
C033431,podcast_episode,False
C013011,song,False
C006088,song,False
C020504,song,False
C006793,podcast_episode,True
C006909,podcast_episode,False
C021135,song,True
C018579,song,True
C029554,song,True
C003541,album,False
C032367,song,False
C019193,song,False
C015350,song,False
C032850,audiobook,False
C017984,song,False
C005738,song,False
C028269,song,True
C015826,podcast_episode,False
C010134,podcast_episode,False
C018586,podcast_episode,True
C015396,song,True
C018498,audiobook,False
C020545,song,False
C019367,podcast_episode,True
C001649,album,False
C023228,podcast_episode,False
C030509,podcast_episode,False
C025105,song,False
C033700,song,False
C016174,podcast_episode,False
C004556,song,False
C026271,podcast_episode,False
C021888,song,False
C023948,song,True
C025527,album,False
C008264,song,False
C006069,song,False
C011433,song,False
C021364,song,False
C025605,song,False
C027214,podcast_episode,False
C030294,album,False
C008864,song,False
C015948,song,False
C022138,song,True
C000583,song,False
C018004,song,True
C021801,album,False
C031807,song,True
C008744,audiobook,False
C001146,podcast_episode,False
C010124,song,False
C016571,song,True
C008039,album,True
C031443,song,False
C031575,song,False
C000838,song,True
C004024,song,False
C032080,song,False
C026838,podcast_episode,False
C028630,song,False
C026100,song,False
C019724,song,False
C003706,song,False
C023524,podcast_episode,False
C003596,song,True
C020762,podcast_episode,False
C001757,song,True
C013577,album,True
C012996,song,False
C020700,song,True
C025434,song,True
C025071,song,False
C004877,song,True
C019711,podcast_episode,False
C007046,podcast_episode,False
C010437,song,False
C005805,audiobook,False
C024281,song,False
C009631,song,False
C013708,podcast_episode,False
C019669,song,False
C030578,podcast_episode,False
C003374,podcast_episode,True
C026405,song,False
C015844,song,False
C018943,song,True
C031141,song,True
C010170,song,False
C018196,song,False
C006756,audiobook,False
C024636,song,True
C013181,podcast_episode,True
C027225,podcast_episode,False
C031059,song,False
C000192,song,False
C015175,song,False
C001966,song,False
C031232,song,False
C033109,audiobook,False
C000507,song,False
C030919,podcast_episode,False
C011776,audiobook,True
C008668,podcast_episode,True
C023542,song,False
C023528,podcast_episode,True
C012259,podcast_episode,True
C028342,album,True
C024879,podcast_episode,False
C004212,podcast_episode,True
C003729,song,True
C012713,podcast_episode,False
C015280,album,True
C018422,song,False
C001910,podcast_episode,True
C003165,audiobook,False
C004111,song,False
C031426,song,False
C016194,song,False
C007265,song,False
C018313,album,True
C028326,song,False
C010989,audiobook,True
C025373,podcast_episode,False
C022905,song,False
C000851,album,False
C024258,audiobook,False
C027452,podcast_episode,True
C014317,album,False
C030287,song,False
C013459,song,False
C007939,song,False
C033499,song,False
C027356,podcast_episode,False
C006154,podcast_episode,False
C028833,podcast_episode,True
C000944,song,False
C019066,podcast_episode,False
C011737,podcast_episode,False
C031252,song,False
C007492,song,False
C016212,audiobook,False
C011163,song,False
C005825,audiobook,True
C022048,song,False
C020962,song,False
C031445,podcast_episode,False
C020251,song,False
C010528,song,False
C002656,podcast_episode,False
C012121,song,False
C004406,album,False
C007798,podcast_episode,True
C033492,song,True
C012802,song,False
C010686,song,True
C017942,song,True
C013136,podcast_episode,False
C016488,song,False
C029250,podcast_episode,False
C014645,podcast_episode,True
C025466,song,False
C003598,song,False
C005139,song,False
C007339,podcast_episode,False
C028775,song,False
C031089,podcast_episode,True
C033097,song,False
C033046,album,False
C008517,song,False
C029549,song,False
C025823,song,False
C001294,song,True
C032912,song,False
C014323,song,True
C018514,song,False
C033821,podcast_episode,False
C008788,podcast_episode,False
C009608,song,True
C007087,podcast_episode,False
C018786,song,True
C030900,song,True
C018363,song,False
C016873,podcast_episode,True
C004443,song,True
C004146,song,True
C018121,podcast_episode,False
C001257,song,False
C014670,podcast_episode,False
C027571,song,True
C025181,audiobook,False
C033670,podcast_episode,True
C031034,podcast_episode,False
C032350,album,False
C015198,podcast_episode,False
C032147,song,True
C007194,podcast_episode,True
C011122,podcast_episode,False
C011324,song,True
C019706,podcast_episode,True
C004285,song,True
C000375,podcast_episode,False
C000411,song,False
C026028,podcast_episode,False
C024081,audiobook,False
C012040,podcast_episode,False
C009295,song,True
C014582,podcast_episode,True
C032053,podcast_episode,False
C023456,song,False
C026519,song,False
C023491,song,True
C029291,song,False
C007074,song,False
C011172,song,True
C004831,podcast_episode,False
C000211,audiobook,False
C024495,podcast_episode,False
C022409,audiobook,False
C000181,song,False
C009423,podcast_episode,False
C015077,podcast_episode,True
C005078,song,True
C021953,song,False
C013942,podcast_episode,False
C025282,podcast_episode,False
C001647,podcast_episode,True
C029634,podcast_episode,True
C009683,podcast_episode,False
C005141,song,False
C011388,song,True
C017110,album,False
C027756,podcast_episode,False
C010840,song,False
C032864,album,False
C025510,song,False
C021436,album,False
C015968,podcast_episode,True
C015836,podcast_episode,False
C006181,song,True
C027801,song,False
C030014,podcast_episode,False
C030343,podcast_episode,False
C010568,song,False
C005998,song,False
C022389,podcast_episode,False
C002389,song,False
C018108,song,False
C008057,song,False
C002431,song,True
C026574,album,True
C019534,podcast_episode,False
C008314,podcast_episode,True
C016478,song,False
C007629,song,False
C031069,song,False
C023990,podcast_episode,False
C023598,song,False
C029379,podcast_episode,False
C031926,song,False
C023901,podcast_episode,False
C027179,podcast_episode,False
C006696,song,True
C033023,song,True
C016913,song,True
C033643,album,True
C005903,audiobook,False
C025158,song,False
C012586,album,False
C015167,album,False
C027623,song,True
C032374,song,True
C027338,podcast_episode,True
C020181,song,True
C011608,song,True
C027738,audiobook,False
C023742,song,False
C000004,song,True
C030961,song,True
C006215,song,False
C005735,podcast_episode,False
C018407,song,False
C023538,song,False
C023711,song,False
C027494,podcast_episode,False
C017542,album,False
C031664,song,False
C002164,song,False
C022315,song,False
C026493,podcast_episode,True
C008938,song,False
C028946,song,True
C005083,song,False
C004568,song,True
C005823,song,False
C024358,song,False
C015009,podcast_episode,False
C009927,song,False
C030918,podcast_episode,False
C001818,song,False
C002912,song,False
C002963,album,True
C005296,podcast_episode,False
C021172,audiobook,False
C027839,song,True
C030087,podcast_episode,False
C017823,podcast_episode,False
C000673,song,True
C015714,album,False
C025145,album,False
C019320,podcast_episode,False
C013342,song,True
C014967,song,False
C032632,album,True
C003731,song,False
C005517,album,False
C033183,podcast_episode,True
C032358,song,True
C030307,song,True
C022166,podcast_episode,False
C018901,song,True
C006953,album,True
C015236,podcast_episode,False
C030784,podcast_episode,False
C013244,song,True
C024192,podcast_episode,False
C003747,song,False
C011083,podcast_episode,False
C007448,song,True
C015042,song,False
C003015,audiobook,True
C021448,song,False
C029921,song,False
C007698,song,True
C005450,podcast_episode,False
C033154,song,False
C009507,album,False
C013226,podcast_episode,True
C006868,podcast_episode,True
C032274,song,False
C023513,podcast_episode,False
C003159,song,True
C003181,song,False
C003410,podcast_episode,False
C023893,song,False
C017162,song,False
C002711,podcast_episode,False
C031282,song,True
C013610,song,False
C026438,podcast_episode,False
C009117,song,True
C031035,song,False
C032833,podcast_episode,True
C011785,song,False
C029185,album,False
C019896,song,True
C016992,podcast_episode,False
C020808,album,True
C011391,song,False
C016149,audiobook,False
C020357,song,False
C001432,audiobook,True
C015099,audiobook,False
C014499,podcast_episode,True
C019126,song,True
C006170,album,False
C030273,song,False
C025776,podcast_episode,True
C014679,song,False
C017829,song,False
C022415,song,False
C002016,song,False
C003213,song,True
C004322,song,False
C009227,song,True
C019379,song,False
C003388,song,False
C027070,album,True
C025990,song,True
C032619,podcast_episode,False
C022230,song,False
C014085,podcast_episode,False
C019300,album,False
C001318,song,True
C032232,song,False
C007578,album,False
C029923,song,False
C011256,song,True
C020422,song,True
C006486,song,False
C027492,song,True
C008366,song,False
C005909,podcast_episode,False
C005927,song,False
C025684,song,False
C033873,podcast_episode,False
C002988,podcast_episode,False
C002157,song,False
C031873,song,True
C018427,audiobook,False
C028642,song,False
C015260,audiobook,False
C025428,song,True
C006179,song,False
C031288,song,False
C004555,song,False
C007365,song,False
C027695,song,False
C033163,song,True
C033176,podcast_episode,False
C024663,song,True
C010634,podcast_episode,True
C015617,song,True
C001006,podcast_episode,True
C024688,song,True
C015032,album,False
C012050,song,True
C002714,podcast_episode,True
C013400,album,False
C020219,podcast_episode,True
C027907,song,False
C024113,song,False
C017395,song,True
C026439,song,True
C030039,album,False
C002796,song,False
C026937,album,False
C013869,audiobook,True
C018868,song,False
C012973,song,False
C017197,audiobook,False
C020156,song,False
C011063,song,False
C032246,podcast_episode,False
C023895,song,False
C002974,song,False
C030951,song,False
C006700,song,True
C012391,podcast_episode,False
C003246,song,True
C020759,song,False
C012884,song,False
C019977,song,False
C015282,podcast_episode,False
C033560,album,False
C029952,song,False
C002692,song,False
C028224,podcast_episode,True
C022104,podcast_episode,False
C010023,album,False
C032628,song,False
C029357,podcast_episode,False
C001581,podcast_episode,False
C004608,album,False
C010443,song,False
C016248,podcast_episode,False
C008176,song,True
C033549,album,False
C009139,song,True
C013979,song,True
C028552,song,True
C022961,song,False
C000090,song,False
C004997,song,True
C031470,album,False
C002543,song,True
C008271,podcast_episode,True
C009361,song,False
C023593,song,True
C031810,song,False
C001862,album,True
C009734,album,False
C009965,song,False
C025050,song,False
C028970,song,False
C028182,song,True
C024964,podcast_episode,True
C032683,audiobook,False
C024248,song,False
C026487,song,False
C013690,song,False
C024733,song,False
C014774,song,False
C026181,album,False
C026023,podcast_episode,True
C023553,podcast_episode,False
C025334,podcast_episode,True
C027031,song,True
C006225,song,False
C022484,song,False
C009345,song,True
C022736,podcast_episode,True
C011027,song,False
C026772,song,False
C024413,song,False
C004593,song,False
C005554,podcast_episode,False
C011728,audiobook,True
C021250,album,False
C015905,song,False
C031990,song,True
C002552,song,False
C006580,podcast_episode,True
C028053,song,False
C026475,audiobook,False
C024205,song,False
C021513,podcast_episode,True
C023548,song,False
C004284,song,False
C018263,song,True
C007487,song,True
C019261,podcast_episode,True
C019393,song,True
C003186,podcast_episode,False
C022658,podcast_episode,False
C029550,song,False
C019595,song,False
C021422,podcast_episode,False
C004600,song,False
C005561,podcast_episode,False
C017416,audiobook,False
C014439,audiobook,True
C011704,song,False
C016169,song,False
C032878,album,False
C019542,album,False
C030992,podcast_episode,False
C017452,song,False
C011507,album,False
C014992,podcast_episode,True
C028161,podcast_episode,False
C031865,song,True
C023515,album,False
C028009,song,True
C028253,song,True
C032930,podcast_episode,False
C027137,podcast_episode,False
C029319,audiobook,False
C023860,song,True
C005306,song,False
C022267,song,False
C028813,song,True
C013280,song,True
C021814,podcast_episode,True
C006436,song,False
C032112,podcast_episode,True
C030780,song,False
C019414,album,True
C007889,podcast_episode,False
C015389,song,False
C014761,song,True
C019502,song,False
C008544,album,False
C030718,song,True
C008320,podcast_episode,False
C019288,podcast_episode,False
C003895,song,False
C010599,podcast_episode,False
C023988,podcast_episode,False
C031012,podcast_episode,True
C022953,song,False
C027984,audiobook,True
C002236,song,False
C029865,song,False
C029075,song,False
C018476,podcast_episode,False
C030051,podcast_episode,False
C032075,album,False
C033468,song,False
C032385,podcast_episode,False
C004987,song,False
C024384,podcast_episode,False
C025523,audiobook,False
C023174,song,False
C033283,song,True
C013202,audiobook,False
C021263,song,True
C013768,song,False
C002284,song,True
C022954,song,False
C028071,song,False
C021559,song,False
C032789,song,True
C018461,song,False
C026046,audiobook,False
C022108,song,False
C015595,podcast_episode,False
C027600,podcast_episode,True
C023084,podcast_episode,True
C010543,album,True
C008618,song,False
C029520,podcast_episode,False
C022382,song,False
C014214,podcast_episode,True
C020924,podcast_episode,True
C026098,song,True
C019945,song,False
C010536,song,False
C002027,song,True
C017177,song,False
C025104,song,True
C032104,song,True
C006173,song,False
C000862,album,False
C009925,podcast_episode,False
C008027,album,True
C016663,podcast_episode,True
C025763,audiobook,False
C014092,podcast_episode,False
C003898,song,False
C003276,song,False
C006463,podcast_episode,False
C031110,podcast_episode,True
C007958,song,False
C012090,song,False
C016018,song,True
C018857,song,True
C020207,song,True
C015782,song,False
C008876,song,False
C018323,song,True
C004141,podcast_episode,False
C024433,podcast_episode,True
C012247,podcast_episode,False
C008510,podcast_episode,False
C008677,song,False
C026712,song,False
C032271,song,True
C016598,podcast_episode,False
C000536,song,True
C032046,song,True
C002401,podcast_episode,False
C018043,audiobook,False
C031206,album,True
C009414,song,False
C026855,song,False
C023260,album,False
C003288,song,True
C005933,podcast_episode,False
C010254,podcast_episode,False
C018806,podcast_episode,False
C024749,song,True
C023024,song,False
C014037,song,False
C008297,song,True
C011852,audiobook,False
C027199,song,False
C028445,album,True
C002202,podcast_episode,True
C007573,song,True
C016925,song,False
C017466,song,False
C003702,song,True
C023101,song,False
C010159,song,False
C000227,song,False
C027045,podcast_episode,False
C019933,podcast_episode,False
C027439,audiobook,False
C028629,podcast_episode,False
C020444,audiobook,False
C021948,song,True
C022580,album,True
C017734,song,True
C001743,album,False
C017408,song,False
C033712,audiobook,False
C010178,song,False
C013981,audiobook,False
C020575,song,False
C006070,song,False
C015387,podcast_episode,False
C026745,podcast_episode,False
C002032,song,False
C001238,podcast_episode,False
C016025,podcast_episode,True
C015493,podcast_episode,False
C012892,song,True
C024010,album,False
C007211,podcast_episode,True
C027712,song,False
C032444,song,False
C000373,podcast_episode,False
C016181,podcast_episode,False
C005913,album,False
C028078,album,False
C003708,song,False
C002185,podcast_episode,False
C005886,song,True
C011566,song,False
C028877,podcast_episode,True
C023332,song,True
C012720,song,True
C010175,podcast_episode,False
C008654,podcast_episode,True
C031508,album,True
C013345,audiobook,True
C032035,song,False
C010681,song,False
C020834,song,True
C003552,song,False
C019701,song,True
C028391,album,True
C025057,podcast_episode,False
C008848,audiobook,False
C018821,song,False
C009766,podcast_episode,False
C029242,podcast_episode,True
C003569,song,True
C001836,song,False
C015351,song,False
C004744,album,False
C029478,song,True
C005177,song,False
C001031,song,False
C024012,song,False
C015252,song,False
C007270,song,False
C012601,podcast_episode,True
C010825,podcast_episode,False
C010307,podcast_episode,False
C028274,album,True
C025424,song,False
C029902,song,True
C010800,song,True
C016981,song,True
C032096,song,False
C006582,song,False
C014540,song,False
C014405,podcast_episode,True
C010068,song,False
C005541,podcast_episode,False
C010106,song,False
C022073,song,True
C006875,song,False
C018743,podcast_episode,False
C006420,song,False
C027201,song,False
C012614,song,True
C013902,audiobook,False
C016648,song,True
C007967,album,False
C022014,song,True
C005178,album,False
C005821,podcast_episode,False
C000881,audiobook,False
C013944,podcast_episode,False
C029255,song,True
C022981,song,True
C008949,song,True
C017782,song,False
C013774,album,True
C012443,podcast_episode,True
C024509,podcast_episode,False
C033697,song,False
C007965,song,True
C031193,podcast_episode,False
C005710,podcast_episode,False
C020400,album,False
C026368,song,False
C021161,audiobook,False
C017702,song,True
C026034,song,True
C015684,podcast_episode,False
C011771,song,False
C029988,song,True
C031704,song,False
C029705,song,True
C007159,song,True
C008622,song,False
C007138,song,False
C015621,podcast_episode,False
C025690,podcast_episode,True
C006698,song,True
C010848,song,False
C015492,song,False
C002748,podcast_episode,True
C008451,song,False
C027677,album,True
C024273,album,False
C012386,song,False
C027912,song,False
C007418,song,True
C033808,album,False
C011397,song,False
C028103,podcast_episode,True
C015640,song,False
C003503,podcast_episode,False
C013615,album,True
C003295,song,False
C009993,podcast_episode,True
C023862,podcast_episode,True
C016658,podcast_episode,False
C018977,song,False
C033606,song,True
C007586,song,True
C002876,audiobook,True
C019870,audiobook,False
C028250,song,False
C005883,podcast_episode,False
C027617,podcast_episode,False
C024065,song,False
C024651,podcast_episode,False
C023177,song,False
C017838,song,True
C027147,audiobook,False
C023678,song,False
C020605,album,False
C006769,song,True
C014871,song,True
C013960,song,False
C015144,podcast_episode,False
C013592,song,True
C009785,song,False
C030656,song,True
C033531,song,True
C031201,song,False
C001440,song,False
C031817,podcast_episode,False
C015045,podcast_episode,False
C018113,podcast_episode,False
C003483,podcast_episode,False
C030465,song,False
C022405,podcast_episode,False
C023780,podcast_episode,False
C002473,song,True
C025080,song,False
C026809,album,False
C032206,song,False
C000526,podcast_episode,True
C021084,song,False
C013332,song,False
C000444,song,False
C028503,podcast_episode,False
C032416,album,False
C000054,song,True
C002817,song,True
C004380,song,False
C002220,song,False
C015478,album,False
C029590,song,True
C020310,audiobook,False
C027364,podcast_episode,False
C019647,song,False
C027506,podcast_episode,False
C023075,song,False
C005545,song,False
C017869,audiobook,False
C016185,audiobook,True
C013575,podcast_episode,False
C031210,song,False
C006534,song,False
C029997,podcast_episode,False
C031160,audiobook,False
C014463,song,True
C021297,song,False
C002235,song,False
C027301,audiobook,False
C031275,song,False
C001950,podcast_episode,True
C025818,song,False
C025585,song,False
C008304,podcast_episode,False
C032538,song,False
C022071,song,False
C021755,podcast_episode,True
C013445,podcast_episode,False
C026637,song,False
C014837,song,False
C008198,song,False
C001454,song,True
C015728,audiobook,True
C013669,song,True
C020497,song,False
C027635,podcast_episode,False
C027455,podcast_episode,False
C030538,song,True
C027687,song,False
C033246,podcast_episode,True
C010305,podcast_episode,False
C023565,song,False
C020847,podcast_episode,False
C027889,podcast_episode,False
C031067,song,False
C028468,podcast_episode,True
C007760,song,False
C002994,song,False
C021337,song,True
C016360,podcast_episode,True
C013361,album,True
C008065,song,True
C017985,podcast_episode,True
C002676,album,False
C032380,song,False
C011307,podcast_episode,True
C012177,song,False
C012493,song,False
C025861,song,True
C018254,song,False
C009311,podcast_episode,False
C012025,song,False
C000196,song,False
C027397,song,False
C003292,album,True
C015164,song,True
C003681,song,False
C009964,podcast_episode,False
C019806,podcast_episode,False
C030006,podcast_episode,True
C004779,podcast_episode,False
C016673,song,True
C019622,podcast_episode,False
C019853,song,False
C020039,podcast_episode,True
C014889,song,True
C021283,song,True
C002129,album,False
C004120,podcast_episode,False
C024168,song,False
C016055,podcast_episode,False
C009416,podcast_episode,True
C032561,song,False
C023611,podcast_episode,False
C003972,audiobook,False
C015215,song,False
C017005,song,True
C028034,podcast_episode,True
C021972,podcast_episode,False
C007576,audiobook,False
C009359,podcast_episode,False
C008481,album,False
C003008,audiobook,False
C024064,podcast_episode,True
C026750,song,False
C007362,song,True
C023273,song,True
C022992,audiobook,False
C029899,podcast_episode,False
C016008,song,True
C022410,podcast_episode,False
C027375,podcast_episode,False
C031966,song,False
C029907,song,False
C024558,podcast_episode,True
C022881,song,False
C021073,audiobook,False
C014950,song,False
C033530,podcast_episode,False
C012032,podcast_episode,True
C013261,podcast_episode,True
C012791,podcast_episode,False
C008522,podcast_episode,True
C011309,album,False
C000563,podcast_episode,False
C023613,podcast_episode,False
C003106,song,False
C015064,album,False
C000461,song,True
C024875,song,True
C012637,song,False
C008227,song,False
C026473,album,False
C009788,song,True
C032637,podcast_episode,False
C021922,album,False
C031286,podcast_episode,False
C017958,song,True
C028375,song,False
C032289,song,False
C013055,podcast_episode,False
C009898,podcast_episode,False
C006496,podcast_episode,False
C010435,album,False
C029343,audiobook,False
C024253,album,False
C026527,song,False
C002420,song,False
C024465,song,True
C017363,podcast_episode,False
C004895,album,False
C021500,song,True
C026944,podcast_episode,False
C006209,song,False
C021145,song,False
C005249,song,False
C010481,song,True
C026226,song,True
C023842,album,True
C023188,podcast_episode,False
C010117,song,True
C021494,song,False
C032551,album,False
C017653,song,False
C005876,song,True
C017811,album,False
C000460,song,False
C009747,podcast_episode,False
C014715,song,True
C031153,podcast_episode,False
C025663,song,True
C014566,song,False
C027325,song,False
C010920,song,False
C030759,audiobook,False
C007628,song,True
C028389,song,False
C013415,podcast_episode,False
C018213,podcast_episode,False
C024244,podcast_episode,False
C002688,song,False
C032650,podcast_episode,False
C001492,podcast_episode,False
C023635,song,False
C004638,podcast_episode,True
C023020,song,True
C030586,song,False
C010303,song,True
C018216,song,True
C025616,song,True
C008377,podcast_episode,False
C004075,song,True
C026634,podcast_episode,True
C012175,song,True
C002252,song,True
C025270,audiobook,False
C000605,song,True
C003250,song,True
C014195,song,False
C024692,album,False
C017565,song,False
C025696,song,False
C028828,song,True
C014010,song,True
C003959,song,False
C009818,song,True
C021078,song,True
C007957,podcast_episode,False
C026268,album,True
C025141,song,False
C003556,song,True
C026082,song,False
C019774,song,False
C015322,song,False
C027518,song,False
C013686,song,True
C031243,podcast_episode,False
C012730,song,False
C003480,podcast_episode,True
C022413,podcast_episode,False
C001777,audiobook,False
C005716,podcast_episode,False
C016980,song,False
C033131,song,False
C015673,podcast_episode,True
C032984,song,False
C006747,song,False
C030002,podcast_episode,True
C017628,song,False
C024434,album,False
C015040,podcast_episode,False
C021309,song,False
C014656,song,True
C004451,podcast_episode,True
C007415,song,True
C028372,song,False
C027312,song,True
C025548,podcast_episode,False
C024747,podcast_episode,True
C031597,song,False
C024485,podcast_episode,False
C018662,song,False
C025239,podcast_episode,False
C023310,song,False
C032682,podcast_episode,True
C018642,song,True
C014589,audiobook,True
C022214,song,False
C024662,podcast_episode,True
C021208,song,False
C002925,song,False
C001600,song,True
C025495,podcast_episode,False
C013992,song,False
C033380,podcast_episode,False
C026899,album,False
C030070,podcast_episode,True
C015461,podcast_episode,False
C006600,song,False
C020330,podcast_episode,True
C002089,song,False
C028002,song,True
C004554,song,True
C011543,song,False
C004179,podcast_episode,True
C033771,song,True
C020100,podcast_episode,True
C032531,song,True
C004656,song,False
C021128,song,False
C024050,song,False
C030585,album,False
C003668,podcast_episode,False
C021558,song,False
C031434,podcast_episode,False
C000924,song,False
C006250,song,False
C012574,song,True
C002499,song,True
C012363,podcast_episode,True
C032755,podcast_episode,False
C023135,song,False
C028665,song,False
C026311,podcast_episode,False
C027996,podcast_episode,False
C015891,song,True
C033596,song,False
C006081,podcast_episode,False
C016956,podcast_episode,True
C023590,podcast_episode,True
C021237,podcast_episode,True
C029346,song,False
C003337,podcast_episode,False
C014192,song,True
C012751,album,False
C011393,podcast_episode,False
C003514,song,False
C028381,song,False
C030146,podcast_episode,True
C003009,song,False
C001541,song,False
C021152,song,True
C004296,song,False
C029178,podcast_episode,False
C030438,audiobook,True
C019048,song,False
C008385,song,False
C002839,song,False
C020121,audiobook,False
C032713,podcast_episode,False
C017679,song,True
C021215,song,True
C008093,song,False
C015158,audiobook,False
C014171,song,False
C023413,song,False
C002332,song,False
C014887,song,False
C019062,album,False
C012085,song,True
C020866,album,True
C029927,podcast_episode,False
C018881,podcast_episode,False
C012597,song,False
C020859,album,False
C022901,song,True
C017339,album,False
C005791,podcast_episode,False
C021830,song,False
C026096,song,False
C005201,podcast_episode,False
C013330,song,True
C031013,song,False
C033696,song,True
C005766,album,False
C017588,song,False
C015825,album,True
C007702,podcast_episode,False
C021984,song,False
C021658,podcast_episode,False
C028518,song,True
C002105,song,False
C029724,podcast_episode,False
C006947,song,True
C026535,song,True
C018908,podcast_episode,False
C015757,song,True
C031788,song,False
C006790,song,False
C000301,podcast_episode,True
C014793,song,False
C033769,podcast_episode,False
C012454,podcast_episode,False
C024287,song,False
C014281,album,False
C021676,album,False
C013390,podcast_episode,False
C007740,song,True
C021851,song,True
C033228,song,True
C008983,podcast_episode,False
C007500,song,False
C008768,podcast_episode,True
C031961,song,False
C017138,song,True
C000779,song,False
C004394,audiobook,False
C003757,podcast_episode,True
C026806,song,False
C027701,song,False
C021040,podcast_episode,False
C029558,podcast_episode,True
C004050,song,False
C033573,podcast_episode,False
C015012,podcast_episode,True
C013859,song,False
C013526,song,True
C029099,podcast_episode,False
C003033,song,False
C013885,podcast_episode,False
C021724,song,False
C006240,song,False
C029028,song,False
C016717,song,False
C015838,podcast_episode,True
C009252,song,False
C027011,podcast_episode,True
C005864,podcast_episode,True
C028417,podcast_episode,False
C006979,song,True
C032846,podcast_episode,False
C028057,podcast_episode,False
C031165,song,False
C023899,podcast_episode,False
C025699,podcast_episode,False
C028409,song,True
C021819,song,False
C017805,song,True
C018641,podcast_episode,False
C008712,podcast_episode,False
C002773,podcast_episode,True
C009179,song,False
C003036,song,True
C008305,podcast_episode,False
C021355,song,False
C022924,album,True
C019983,song,True
C013924,podcast_episode,False
C030384,song,False
C027121,song,False
C018568,song,True
C009276,song,False
C001244,song,True
C014648,podcast_episode,False
C014922,audiobook,False
C023165,song,False
C006830,album,False
C014228,song,True
C006224,podcast_episode,True
C012483,audiobook,False
C000157,song,False
C028578,song,False
C017345,song,False
C023975,song,False
C033041,audiobook,False
C001426,song,False
C009990,podcast_episode,True
C033249,album,False
C003910,song,True
C015759,album,False
C025701,album,False
C018174,podcast_episode,True
C013941,song,True
C016819,song,False
C027320,song,True
C022949,song,False
C011261,podcast_episode,False
C025016,song,False
C007875,song,True
C018755,podcast_episode,False
C000420,podcast_episode,True
C020510,podcast_episode,False
C021857,song,True
C006867,song,False
C032044,song,True
C024055,podcast_episode,False
C010095,album,False
C032613,podcast_episode,True
C028633,podcast_episode,False
C019351,podcast_episode,True
C014020,song,True
C012865,song,False
C018379,podcast_episode,False
C016803,song,False
C016303,podcast_episode,False
C007392,song,False
C024106,song,False
C021804,album,False
C023467,song,False
C020135,song,False
C031933,audiobook,False
C001217,podcast_episode,True
C025291,song,True
C017496,audiobook,False
C012218,song,True
C016502,audiobook,False
C013793,podcast_episode,False
C004118,podcast_episode,True
C013506,podcast_episode,False
C000683,song,False
C032238,song,False
C005006,podcast_episode,False
C012872,song,False
C004482,song,False
C032397,podcast_episode,True
C023818,album,False
C031048,podcast_episode,False
C033378,song,False
C021228,song,True
C000051,audiobook,True
C018033,song,False
C028899,podcast_episode,False
C012526,song,True
C010880,song,True
C023382,album,False
C024626,album,True
C009388,song,False
C019900,song,False
C022329,song,True
C006994,audiobook,False
C001562,podcast_episode,True
C014380,podcast_episode,False
C023623,podcast_episode,True
C000021,song,False
C002685,song,False
C001532,podcast_episode,True
C007824,song,False
C033865,song,True
C002355,audiobook,False
C004093,podcast_episode,False
C003097,song,False
C019025,song,False
C018761,album,True
C007904,album,True
C033806,song,True
C007195,podcast_episode,False
C017256,song,False
C016817,song,False
C018305,song,False
C014390,podcast_episode,True
C014368,podcast_episode,False
C004185,audiobook,True
C006852,podcast_episode,True
C007605,song,False
C024668,podcast_episode,False
C009379,audiobook,False
C033304,album,False
C019589,podcast_episode,True
C020348,album,True
C026922,song,False
C019463,podcast_episode,False
C015342,podcast_episode,False
C009483,song,True
C032818,song,False
C025760,song,True
C003783,podcast_episode,False
C027306,song,True
C006577,song,False
C032241,song,True
C020619,podcast_episode,False
C010741,podcast_episode,False
C010038,song,False
C003210,audiobook,False
C030396,song,False
C015082,podcast_episode,False
C019745,podcast_episode,False
C000893,song,True
C020688,album,True
C000008,song,False
C030520,podcast_episode,True
C033068,podcast_episode,True
C017694,song,False
C003917,album,True
C024806,podcast_episode,True
C032156,song,True
C011009,song,False
C017672,album,True
C011427,podcast_episode,False
C014901,album,False
C030617,song,False
C022807,song,False
C017690,song,False
C031063,song,False
C018539,song,False
C019369,podcast_episode,False
C023594,song,False
C023989,song,False
C025608,album,True
C020278,song,False
C032447,song,False
C024617,song,False
C003028,podcast_episode,False
C011351,song,False
C007399,song,False
C019544,podcast_episode,False
C022615,song,False
C017270,audiobook,True
C022665,podcast_episode,False
C026837,song,True
C024087,podcast_episode,True
C021590,album,False
C008704,podcast_episode,False
C011607,song,False
C010870,audiobook,False
C031511,podcast_episode,False
C027672,audiobook,True
C013133,podcast_episode,False
C020992,song,False
C016595,song,False
C013196,song,True
C033303,podcast_episode,False
C023199,song,True
C011440,podcast_episode,False
C014388,song,True
C029530,podcast_episode,False
C024729,podcast_episode,True
C005568,song,False
C020624,podcast_episode,True
C033732,song,True
C020019,podcast_episode,False
C003459,song,True
C030712,audiobook,False
C006814,album,False
C021211,song,False
C024786,podcast_episode,True
C005826,song,False
C017040,album,False
C011095,song,False
C027541,song,False
C001015,song,True
C008335,song,False
C002206,podcast_episode,True
C027595,song,False
C016886,audiobook,True
C013315,song,True
C029122,song,False
C018442,song,False
C022298,podcast_episode,False
C029985,song,True
C023799,podcast_episode,False
C032700,podcast_episode,True
C007742,song,False
C020833,song,True
C027972,podcast_episode,False
C001843,song,True
C011128,song,False
C015216,song,False
C001355,song,False
C012127,podcast_episode,False
C022146,song,False
C024374,podcast_episode,False
C010704,song,False
C026283,song,True
C011797,podcast_episode,False
C021150,song,False
C013008,podcast_episode,False
C000817,song,False
C003836,album,False
C030108,podcast_episode,False
C029676,song,False
C012282,song,False
C002720,song,False
C001667,album,False
C006061,podcast_episode,True
C000677,song,False
C024011,album,False
C024490,song,False
C015933,podcast_episode,True
C020845,podcast_episode,False
C025862,podcast_episode,False
C004274,podcast_episode,True
C024450,song,True
C008234,song,True
C011451,song,False
C008276,album,True
C004650,podcast_episode,True
C015003,song,True
C010871,album,False
C032757,podcast_episode,False
C006359,song,False
C029197,song,True
C021109,song,False
C014095,song,True
C018457,podcast_episode,True
C003870,podcast_episode,True
C027885,song,True
C016603,song,True
C018980,podcast_episode,False
C031054,podcast_episode,False
C009119,song,True
C018648,album,True
C031980,song,True
C018215,podcast_episode,False
C001295,song,False
C006071,song,False
C015555,song,False
C005377,song,True
C012394,song,True
C020571,podcast_episode,False
C030406,podcast_episode,False
C016538,podcast_episode,False
C030125,podcast_episode,False
C021239,song,True
C026939,album,False
C020968,podcast_episode,True
C032546,podcast_episode,False
C019130,album,False
C019154,podcast_episode,True
C025561,podcast_episode,False
C010488,song,True
C017283,podcast_episode,False
C025806,song,True
C008406,album,False
C028797,song,False
C026538,podcast_episode,True
C005180,song,False
C023355,song,False
C004223,album,False
C032756,podcast_episode,False
C021206,song,False
C021844,podcast_episode,True
C013873,podcast_episode,True
C026873,album,False
C019099,album,False
C032137,song,True
C005817,song,False
C027905,song,False
C026633,album,False
C011436,song,False
C022945,audiobook,True
C032657,song,True
C023600,song,False
C023343,song,True
C009217,song,False
C021430,song,True
C030672,song,False
C030742,album,False
C029568,song,False
C005445,song,False
C023533,podcast_episode,True
C015151,podcast_episode,False
C016984,song,False
C009371,song,False
C011496,podcast_episode,False
C021307,song,True
C021625,podcast_episode,False
C017443,song,False
C017190,podcast_episode,False
C010421,podcast_episode,False
C000617,song,True
C027921,podcast_episode,False
C006933,song,False
C021945,podcast_episode,True
C009825,song,True
C021795,podcast_episode,False
C032427,song,False
C030954,song,False
C032640,song,True
C021119,album,True
C011558,podcast_episode,False
C016186,audiobook,False
C005574,podcast_episode,True
C023438,song,False
C009341,song,False
C011819,song,False
C013796,song,False
C006661,podcast_episode,False
C001605,podcast_episode,False
C001141,song,True
C009855,album,False
C015672,song,False
C010547,audiobook,True
C012813,podcast_episode,False
C004437,podcast_episode,False
C021070,song,False
C003017,audiobook,True
C003075,audiobook,False
C028706,podcast_episode,True
C000246,song,False
C001792,song,False
C001912,song,False
C012478,album,False
C026310,podcast_episode,False
C016879,podcast_episode,False
C017455,album,True
C018337,podcast_episode,False
C017717,song,False
C011485,podcast_episode,True
C017666,song,False
C006478,album,True
C015583,song,True
C003832,song,False
C009326,song,True
C009112,song,False
C002735,song,False
C025892,song,True
C024751,song,False
C032401,podcast_episode,False
C000121,song,True
C002327,song,True
C001315,song,True
C031254,podcast_episode,False
C012950,podcast_episode,True
C024581,song,False
C000150,podcast_episode,False
C021556,song,False
C009242,song,False
C025456,podcast_episode,True
C026053,podcast_episode,False
C031513,song,False
C019343,song,True
C024027,podcast_episode,False
C005965,song,True
C031491,podcast_episode,True
C024896,song,False
C009775,song,False
C029553,song,False
C016121,audiobook,False
C010517,album,False
C033314,song,True
C002112,song,False
C012760,song,False
C013260,podcast_episode,True
C022140,song,False
C020021,song,False
C004563,song,True
C018611,song,False
C002606,song,False
C017291,album,True
C025914,song,False
C007609,song,False
C025738,album,True
C028030,song,False
C010743,podcast_episode,False
C009501,song,False
C026614,podcast_episode,True
C006334,podcast_episode,True
C028689,song,False
C030665,song,True
C027597,podcast_episode,True
C022324,song,True
C022529,podcast_episode,True
C030436,podcast_episode,False
C027238,audiobook,False
C011103,song,True
C009181,song,True
C013621,song,False
C020602,song,False
C001227,podcast_episode,False
C008110,song,True
C016243,song,False
C018501,song,False
C033113,podcast_episode,False
C017541,song,False
C026123,song,False
C019678,album,False
C000722,song,True
C012681,song,False
C022082,album,False
C022928,podcast_episode,False
C021921,podcast_episode,False
C029859,podcast_episode,False
C017669,song,False
C004218,song,False
C008448,album,False
C005949,audiobook,True
C003274,podcast_episode,True
C014502,song,False
C009053,song,True
C022621,podcast_episode,False
C031081,song,False
C032469,song,True
C017164,podcast_episode,False
C007828,album,False
C019852,song,True
C019608,song,True
C000308,podcast_episode,False
C015689,song,False
C032933,song,False
C008313,audiobook,False
C007750,song,False
C011618,song,False
C032885,podcast_episode,False
C028004,song,False
C008289,podcast_episode,False
C028099,song,True
C028846,album,False
C029098,podcast_episode,True
C018905,song,False
C026119,podcast_episode,False
C010339,podcast_episode,False
C014259,song,False
C000729,song,True
C007530,podcast_episode,True
C019032,song,True
C032348,song,True
C002749,podcast_episode,True
C006074,album,False
C021394,song,False
C012437,album,False
C006365,song,True
C011160,song,True
C019282,album,True
C032575,podcast_episode,False
C023949,song,False
C027380,song,False
C007354,album,True
C029324,podcast_episode,False
C018076,podcast_episode,True
C016966,song,False
C018299,podcast_episode,False
C019594,song,False
C020035,album,False
C018942,song,False
C029338,podcast_episode,True
C006112,song,False
C004516,album,False
C008405,song,False
C009681,song,False
C004960,audiobook,False
C012804,song,False
C006322,song,False
C018099,podcast_episode,False
C020650,podcast_episode,True
C003286,song,True
C014892,podcast_episode,True
C024097,song,False
C029356,song,False
C024647,song,False
C013176,song,True
C005147,song,False
C022763,podcast_episode,True
C029410,song,False
C005031,podcast_episode,False
C026559,album,False
C016059,podcast_episode,False
C030853,song,False
C028895,song,False
C020883,song,False
C032022,podcast_episode,True
C024539,song,False
C031400,podcast_episode,False
C009386,song,True
C016843,song,False
C015283,song,False
C021679,podcast_episode,False
C022032,album,True
C014312,song,False
C013033,song,False
C000168,song,False
C005402,song,False
C022386,song,False
C010465,album,True
C018377,song,False
C006258,song,True
C024505,song,False
C018829,podcast_episode,True
C021998,song,False
C027481,podcast_episode,False
C003349,song,False
C031271,podcast_episode,False
C022709,song,True
C007993,audiobook,True
C029816,podcast_episode,False
C016236,podcast_episode,False
C029594,song,False
C025828,podcast_episode,True
C015409,song,False
C014268,song,False
C007753,podcast_episode,False
C006084,podcast_episode,True
C006615,song,False
C024619,album,True
C017343,podcast_episode,True
C022804,song,False
C012139,song,False
C001933,podcast_episode,True
C029714,podcast_episode,False
C013665,podcast_episode,False
C025808,podcast_episode,False
C015055,podcast_episode,False
C003474,song,True
C001095,podcast_episode,False
C006208,audiobook,True
C019569,song,False
C029361,song,False
C030435,song,False
C007468,song,False
C006395,podcast_episode,False
C006876,song,False
C000326,podcast_episode,False
C026369,song,False
C033247,song,False
C002775,song,False
C018573,song,False
C009196,audiobook,True
C031171,podcast_episode,True
C028506,podcast_episode,False
C029737,podcast_episode,True
C011921,song,False
C005888,audiobook,True
C005656,podcast_episode,False
C001319,song,False
C024295,song,False
C008889,song,True
C006319,song,True
C013585,album,True
C017068,song,False
C032750,album,False
C022595,podcast_episode,True
C026598,song,False
C032489,song,False
C032691,podcast_episode,True
C014032,song,True
C032383,song,True
C006363,podcast_episode,False
C027686,song,False
C000084,audiobook,False
C029538,podcast_episode,False
C000594,song,True
C013732,podcast_episode,False
C009557,album,False
C027596,song,False
C003871,audiobook,True
C029476,podcast_episode,False
C011420,song,False
C023834,song,False
C030609,song,False
C002852,song,True
C001375,podcast_episode,True
C033347,podcast_episode,True
C002874,album,True
C012519,song,False
C027511,song,False
C025774,podcast_episode,False
C031881,podcast_episode,False
C032849,podcast_episode,False
C003907,song,False
C027085,podcast_episode,False
C002006,album,False
C015876,podcast_episode,True
C032902,podcast_episode,True
C019804,song,False
C010461,podcast_episode,True
C019030,song,False
C008929,audiobook,True
C031580,song,True
C015894,audiobook,False
C007616,song,True
C030463,podcast_episode,False
C004159,podcast_episode,False
C022373,song,False
C002390,song,False
C027783,album,False
C021544,song,False
C001368,album,False
C018597,song,True
C004199,album,True
C005934,album,False
C007027,podcast_episode,False
C005283,podcast_episode,True
C013446,song,False
C029152,podcast_episode,False
C021226,album,True
C022588,podcast_episode,True
C004761,song,False
C013265,podcast_episode,False
C007314,podcast_episode,False
C033201,song,False
C024554,song,True
C026874,podcast_episode,False
C011818,song,False
C023097,song,False
C023371,song,False
C024541,podcast_episode,False
C003204,song,False
C029691,podcast_episode,True
C019455,song,False
C016123,podcast_episode,False
C011993,song,False
C010349,song,False
C018319,song,True
C007140,song,False
C021636,song,True
C013973,song,True
C015125,podcast_episode,False
C014985,song,False
C025872,podcast_episode,True
C018561,song,False
C020837,podcast_episode,False
C015046,song,False
C022749,audiobook,False
C009027,song,True
C032154,song,True
C006427,song,False
C008656,podcast_episode,True
C027744,podcast_episode,True
C025739,song,False
C008803,podcast_episode,False
C028984,song,False
C007085,song,False
C019999,audiobook,False
C015535,album,False
C004543,song,False
C007872,song,False
C010838,song,False
C008337,podcast_episode,True
C019635,song,False
C033517,song,True
C023115,song,False
C001278,song,False
C001452,podcast_episode,False
C031618,song,True
C026702,song,True
C009489,song,False
C032031,song,False
C019010,song,False
C022631,podcast_episode,True
C008838,song,False
C001494,album,True
C024606,song,True
C007686,song,False
C029957,song,False
C025375,song,True
C016572,song,False
C002156,song,False
C004016,podcast_episode,True
C031757,podcast_episode,False
C017945,song,False
C005289,podcast_episode,False
C006221,podcast_episode,True
C012912,song,False
C028726,song,True
C022894,song,True
C018276,podcast_episode,False
C028663,podcast_episode,False
C013886,song,False
C028989,podcast_episode,False
C008685,song,False
C033328,song,False
C011506,song,False
C025803,song,False
C018224,song,True
C012555,podcast_episode,False
C009367,podcast_episode,False
C022952,podcast_episode,False
C018744,song,True
C027711,podcast_episode,False
C002347,podcast_episode,False
C015146,album,True
C024920,song,True
C025069,podcast_episode,False
C018610,podcast_episode,False
C021468,song,False
C010261,song,True
C027116,podcast_episode,False
C028749,album,False
C002209,song,False
C006652,podcast_episode,False
C003298,podcast_episode,False
C004221,podcast_episode,True
C021439,podcast_episode,True
C025305,podcast_episode,False
C033340,album,True
C014718,song,True
C008649,podcast_episode,True
C013437,song,False
C012556,song,False
C027619,song,False
C014066,song,True
C026227,song,False
C029397,podcast_episode,True
C002456,song,False
C018809,album,False
C015761,song,False
C028410,song,False
C023576,podcast_episode,False
C003617,podcast_episode,True
C029002,song,True
C019173,album,False
C022768,song,False
C006798,podcast_episode,False
C017437,podcast_episode,False
C021292,song,True
C028432,podcast_episode,True
C018490,song,False
C022772,podcast_episode,True
C021393,audiobook,True
C012855,podcast_episode,False
C024334,podcast_episode,False
C004035,audiobook,False
C015682,album,False
C005887,song,False
C004671,song,False
C025083,song,False
C021241,podcast_episode,True
C001739,podcast_episode,False
C032565,podcast_episode,False
C020530,song,True
C001559,song,False
C011856,song,False
C007668,podcast_episode,False
C011966,song,False
C016281,song,False
C010012,audiobook,False
C025618,song,True
C011373,album,True
C027440,podcast_episode,False
C016704,song,True
C019121,song,False
C020281,song,False
C021585,song,False
C029413,song,True
C018403,podcast_episode,True
C003878,song,True
C031151,song,False
C027774,song,True
C022482,song,False
C016812,audiobook,False
C002871,song,False
C009192,song,False
C008396,song,True
C003666,song,True
C032176,podcast_episode,False
C003900,song,True
C013093,song,False
C008822,podcast_episode,False
C028201,podcast_episode,True
C006233,song,True
C007881,song,True
C025313,song,True
C014372,song,False
C024233,podcast_episode,False
C008184,song,True
C001275,podcast_episode,False
C001770,audiobook,True
C012648,album,False
C014827,podcast_episode,True
C027790,podcast_episode,True
C007275,song,True
C024780,podcast_episode,False
C002378,podcast_episode,False
C011998,podcast_episode,False
C030427,album,True
C009906,song,False
C026441,song,False
C006771,song,False
C006067,song,True
C008955,song,False
C016510,song,False
C000038,song,False
C028042,song,True
C023926,song,True
C030293,song,True
C020653,podcast_episode,False
C007565,podcast_episode,False
C020554,song,True
C005496,song,True
C026126,song,False
C023547,audiobook,True
C001976,song,False
C023717,podcast_episode,False
C030084,podcast_episode,False
C032524,song,False
C022116,album,False
C033505,song,True
C011659,song,False
C000644,song,True
C027561,podcast_episode,False
C014471,song,True
C023170,podcast_episode,True
C001558,song,False
C026248,album,False
C021036,song,False
C001243,song,True
C009864,song,False
C031095,podcast_episode,False
C031548,song,False
C026710,audiobook,True
C016166,podcast_episode,False
C007808,song,True
C008223,song,False
C001030,song,True
C008818,song,False
C006122,song,True
C030060,album,False
C021053,song,True
C005578,song,True
C010718,song,False
C025001,song,True
C007216,podcast_episode,True
C019019,song,False
C029202,podcast_episode,False
C001858,song,False
C016928,podcast_episode,True
C009458,song,True
C022808,podcast_episode,False
C014946,song,True
C000749,podcast_episode,False
C007874,album,False
C031844,audiobook,True
C021234,album,True
C011289,song,False
C029772,song,True
C014294,song,False
C005034,song,False
C011493,podcast_episode,False
C020245,song,False
C015824,song,True
C021272,podcast_episode,False
C025673,song,True
C028031,song,False
C015516,song,False
C024672,song,True
C029950,audiobook,False
C012026,song,True
C015122,album,False
C014387,song,True
C005824,song,False
C008882,song,False
C025478,song,True
C029704,song,False
C002043,song,False
C005684,podcast_episode,False
C011110,podcast_episode,False
C028588,album,False
C027894,album,False
C014554,album,False
C028073,song,False
C024862,song,False
C009799,song,False
C005360,song,False
C007279,song,False
C015957,song,False
C027519,podcast_episode,False
C000865,song,True
C006306,podcast_episode,False
C005617,song,False
C032169,podcast_episode,False
C004909,podcast_episode,False
C011417,song,False
C017412,podcast_episode,True
C001821,song,False
C030013,song,False
C016094,album,False
C001882,podcast_episode,False
C023504,song,False
C028056,song,False
C010835,song,True
C000441,audiobook,False
C009442,song,True
C027971,song,False
C029217,podcast_episode,False
C012287,song,False
C011030,song,False
C019517,audiobook,True
C024262,album,True
C013909,song,False
C029256,album,False
C024680,song,False
C002729,song,False
C004194,podcast_episode,True
C017723,song,False
C016199,podcast_episode,False
C006014,song,True
C011960,podcast_episode,False
C003889,song,False
C018136,podcast_episode,False
C005672,song,True
C022851,song,False
C017446,podcast_episode,False
C001888,song,False
C015949,song,False
C004225,song,True
C028672,song,False
C006212,podcast_episode,False
C003857,song,False
C018008,song,False
C003153,song,False
C015985,song,True
C020387,song,False
C024609,podcast_episode,False
C028657,song,False
C030327,song,False
C010535,song,True
C029699,podcast_episode,False
C002814,song,False
C011458,podcast_episode,False
C008771,album,False
C029419,song,True
C015433,song,False
C013248,song,False
C025582,podcast_episode,False
C009663,podcast_episode,False
C001218,song,False
C016761,song,False
C000743,album,True
C010817,song,False
C010453,song,False
C000642,song,True
C030277,song,False
C006471,album,False
C021836,song,False
C023554,album,False
C020117,album,True
C026395,song,False
C011477,song,False
C025185,audiobook,False
C001637,podcast_episode,False
C008673,song,False
C016870,song,True
C004566,podcast_episode,True
C009250,podcast_episode,False
C027467,song,True
C007281,song,True
C011371,song,False
C026865,album,False
C023974,album,True
C019342,podcast_episode,False
C004670,song,True
C018021,song,False
C025504,song,False
C014069,song,True
C009957,podcast_episode,False
C015561,song,True
C020731,podcast_episode,False
C019285,podcast_episode,True
C030114,song,False
C021266,podcast_episode,False
C029729,song,True
C003511,album,False
C007900,song,True
C023168,podcast_episode,False
C001385,album,True
C024863,album,False
C002394,album,False
C011613,podcast_episode,False
C032909,song,False
C010006,song,False
C012599,song,True
C028650,song,True
C028792,song,True
C001301,podcast_episode,False
C012165,song,False
C032293,song,False
C025419,song,False
C013173,song,False
C004501,song,False
C024464,album,False
C010071,song,True
C024270,song,False
C016014,audiobook,False
C010250,album,False
C010933,song,False
C033809,podcast_episode,False
C011293,podcast_episode,True
C015912,song,True
C008381,song,True
C007222,podcast_episode,True
C032585,podcast_episode,False
C005321,song,False
C003618,podcast_episode,False
C009513,podcast_episode,True
C019061,podcast_episode,False
C000490,song,True
C023640,song,False
C024208,song,False
C008700,song,False
C031367,podcast_episode,False
C020499,podcast_episode,False
C016535,podcast_episode,False
C021306,podcast_episode,False
C011675,song,False
C023057,song,False
C022542,song,False
C008022,podcast_episode,True
C025377,song,True
C000660,song,False
C033518,song,False
C031839,podcast_episode,False
C026841,podcast_episode,False
C001427,podcast_episode,True
C013574,song,False
C024589,song,True
C004688,song,False
C022672,album,False
C032210,song,True
C028821,song,True
C024188,song,False
C032076,song,True
C012543,song,False
C009220,song,False
C019593,podcast_episode,True
C006851,album,False
C010830,audiobook,True
C008142,song,False
C031528,song,False
C013081,song,False
C010115,podcast_episode,False
C005499,podcast_episode,True
C000596,song,False
C022363,song,False
C000147,audiobook,True
C022357,podcast_episode,True
C008943,song,False
C011628,song,True
C021749,song,True
C031626,song,False
C021397,song,True
C033413,podcast_episode,False
C004544,song,True
C012125,podcast_episode,False
C002558,album,False
C009293,song,False
C029315,song,False
C025566,podcast_episode,False
C033503,podcast_episode,True
C026630,song,False
C030139,podcast_episode,False
C026020,album,False
C018508,song,False
C004332,song,False
C001871,podcast_episode,False
C007925,audiobook,True
C008624,song,False
C004388,song,True
C020792,album,True
C013622,song,False
C009566,podcast_episode,False
C026133,album,False
C004343,song,False
C012000,podcast_episode,False
C003911,song,False
C021725,podcast_episode,False
C000772,album,False
C032428,audiobook,False
C016338,song,False
C008602,song,False
C020509,song,True
C008292,podcast_episode,False
C006273,song,False
C026724,podcast_episode,True
C004537,podcast_episode,True
C032721,album,True
C027488,song,False
C029070,song,True
C016190,song,False
C030657,podcast_episode,True
C001175,song,False
C020074,album,True
C006604,song,False
C018365,song,False
C015943,podcast_episode,False
C018482,song,False
C003528,album,False
C029265,song,False
C031895,podcast_episode,True
C022790,podcast_episode,True
C015404,album,False
C025132,podcast_episode,True
C027051,song,False
C008659,podcast_episode,False
C007681,podcast_episode,False
C017041,song,True
C019290,song,False
C022149,podcast_episode,False
C022355,song,False
C003116,album,True
C016337,podcast_episode,True
C010559,podcast_episode,False
C012847,song,False
C004973,podcast_episode,False
C001672,audiobook,False
C032663,podcast_episode,False
C010104,song,True
C030057,song,True
C025458,song,True
C031248,podcast_episode,False
C015973,podcast_episode,False
C031712,song,False
C005333,song,False
C029107,podcast_episode,False
C029112,song,True
C018551,podcast_episode,False
C026456,album,True
C006308,song,False
C000569,album,True
C017915,song,True
C022168,podcast_episode,False
C005593,podcast_episode,True
C031370,album,False
C019901,podcast_episode,True
C001003,song,False
C014690,song,False
C014620,song,False
C009137,song,False
C033133,podcast_episode,False
C015627,song,False
C007221,song,False
C000835,song,True
C030997,podcast_episode,False
C031022,song,False
C015946,podcast_episode,False
C008902,audiobook,False
C010398,podcast_episode,False
C028736,song,False
C007475,album,True
C030077,song,False
C020016,audiobook,True
C004550,song,True
C003290,song,False
C027700,podcast_episode,False
C031527,song,False
C009984,song,False
C012933,song,False
C016896,song,False
C009447,audiobook,False
C020839,podcast_episode,False
C002286,song,False
C019352,podcast_episode,False
C015326,podcast_episode,True
C018005,podcast_episode,False
C004820,podcast_episode,True
C033118,podcast_episode,False
C023213,song,False
C021548,podcast_episode,False
C007501,song,False
C015294,album,False
C028909,song,False
C008990,song,False
C021582,podcast_episode,True
C025573,song,False
C012405,song,True
C012945,song,False
C022387,song,False
C031259,song,False
C031168,podcast_episode,False
C008467,podcast_episode,True
C026150,song,True
C008464,podcast_episode,True
C033087,song,True
C011622,song,False
C026393,podcast_episode,True
C006948,song,True
C006927,song,False
C018543,song,False
C011682,podcast_episode,True
C023612,podcast_episode,False
C023064,song,False
C028346,podcast_episode,True
C004851,song,False
C012276,song,False
C014366,album,True
C005312,song,False
C022238,song,False
C026134,album,True
C029434,album,False
C031945,song,True
C030545,podcast_episode,True
C001656,song,False
C020985,album,False
C028369,song,True
C008573,podcast_episode,False
C010611,song,False
C028433,audiobook,False
C009520,album,False
C030214,song,False
C013348,podcast_episode,True
C017798,song,True
C028987,album,False
C014918,podcast_episode,False
C000118,song,False
C028470,song,True
C020679,song,True
C007848,song,False
C012442,song,True
C009908,song,False
C015025,song,True
C032722,podcast_episode,False
C019507,song,True
C025875,song,False
C028966,song,False
C010598,podcast_episode,True
C001335,podcast_episode,False
C009206,album,False
C031293,podcast_episode,False
C009434,song,False
C028132,song,False
C025610,song,True
C021664,song,False
C020402,song,False
C004863,podcast_episode,False
C023443,podcast_episode,False
C014627,album,False
C010726,podcast_episode,True
C005080,podcast_episode,True
C020118,album,False
C027866,song,False
C018637,podcast_episode,False
C020231,album,True
C029684,song,True
C024227,song,False
C033686,audiobook,False
C000482,song,False
C029935,podcast_episode,True
C016216,podcast_episode,True
C025807,album,False
C033747,song,True
C005336,song,True
C004461,audiobook,True
C032059,podcast_episode,True
C023763,song,True
C001905,song,False
C033835,song,False
C008640,album,True
C002336,song,False
C019026,song,True
C000018,audiobook,False
C020864,song,False
C020498,song,True
C031228,podcast_episode,True
C025018,song,False
C019571,podcast_episode,False
C011774,song,True
C022764,podcast_episode,False
C014888,podcast_episode,False
C014050,song,True
C000875,song,True
C030758,song,True
C030660,song,True
C033205,song,False
C001080,album,True
C022506,song,False
C019171,song,True
C012659,podcast_episode,False
C005855,podcast_episode,False
C010953,podcast_episode,False
C028266,song,False
C027975,song,False
C017472,album,False
C016942,song,False
C004060,song,True
C014830,song,False
C013978,song,True
C018171,song,False
C030923,album,False
C025427,podcast_episode,False
C029884,song,False
C033694,podcast_episode,False
C025591,audiobook,False
C025289,song,False
C026826,audiobook,False
C014576,song,True
C017727,song,False
C031622,song,True
C024807,podcast_episode,False
C019108,podcast_episode,False
C033312,podcast_episode,False
C013814,podcast_episode,False
C002849,podcast_episode,False
C018175,podcast_episode,True
C019880,podcast_episode,False
C029591,song,False
C026757,podcast_episode,True
C004407,audiobook,True
C016754,album,False
C021810,podcast_episode,True
C032886,song,False
C000744,song,False
C006677,album,False
C011511,song,False
C000001,podcast_episode,False
C010878,podcast_episode,False
C003343,album,False
C000765,song,True
C019413,song,False
C009213,podcast_episode,True
C029344,song,True
C012674,song,True
C003646,album,True
C000364,podcast_episode,True
C030422,song,False
C029496,podcast_episode,False
C027879,song,True
C030658,song,False
C025160,podcast_episode,False
C033407,song,False
C014104,podcast_episode,False
C004286,song,True
C027680,podcast_episode,True
C025685,podcast_episode,False
C016010,song,False
C028149,podcast_episode,True
C024722,song,False
C000484,song,False
C025703,podcast_episode,True
C007268,podcast_episode,True
C010919,podcast_episode,False
C012412,song,False
C014432,song,False
C028659,podcast_episode,False
C019543,song,True
C023670,album,True
C022813,song,True
C000825,podcast_episode,True
C017703,podcast_episode,False
C016895,podcast_episode,False
C011873,podcast_episode,False
C002836,song,False
C013068,podcast_episode,True
C015496,song,False
C004222,song,False
C027002,song,True
C033727,audiobook,True
C007164,podcast_episode,False
C030068,podcast_episode,False
C018138,album,False
C024051,song,False
C007228,podcast_episode,True
C003495,podcast_episode,False
C023367,song,True
C016708,podcast_episode,True
C012642,podcast_episode,False
C026102,song,False
C029056,album,True
C019497,song,True
C013013,podcast_episode,False
C002422,album,False
C028756,song,False
C033837,podcast_episode,True
C027395,album,False
C025089,song,True
C026427,song,False
C014051,podcast_episode,False
C029221,podcast_episode,True
C016221,song,True
C013346,song,False
C010025,song,False
C019363,album,False
C032530,song,False
C000224,song,True
C032145,song,False
C019973,podcast_episode,False
C006664,podcast_episode,True
C013041,podcast_episode,False
C020850,podcast_episode,False
C026159,song,False
C029390,song,False
C024138,podcast_episode,True
C002985,song,True
C018373,podcast_episode,False
C022135,song,False
C001172,podcast_episode,True
C014191,podcast_episode,False
C010005,podcast_episode,True
C009704,album,True
C031031,song,True
C031885,podcast_episode,False
C022361,song,False
C004460,song,False
C003524,song,False
C032603,podcast_episode,False
C022853,podcast_episode,False
C010259,song,True
C001807,podcast_episode,False
C006589,podcast_episode,False
C017640,podcast_episode,True
C031376,song,False
C019602,song,False
C004758,song,True
C000261,album,False
C008210,song,True
C007817,album,True
C007017,podcast_episode,True
C014452,audiobook,False
C013479,podcast_episode,False
C011547,song,True
C015882,song,False
C024221,song,True
C019495,song,True
C016749,album,False
C012004,podcast_episode,False
C015771,podcast_episode,False
C014082,podcast_episode,True
C025215,podcast_episode,False
C010866,album,False
C005596,song,True
C014768,song,False
C030230,album,False
C010609,podcast_episode,False
C014921,song,True
C012669,album,False
C010849,song,False
C009491,song,True
C023360,song,False
C033067,song,False
C003207,podcast_episode,False
C029911,song,False
C010732,podcast_episode,False
C007499,podcast_episode,False
C032597,song,True
C023987,song,False
C032711,podcast_episode,False
C009014,audiobook,True
C023335,song,False
C033423,podcast_episode,False
C012291,song,False
C024898,song,False
C013747,song,False
C027261,album,False
C018440,song,False
C024770,podcast_episode,False
C000158,song,True
C005300,podcast_episode,False
C011018,podcast_episode,True
C012342,album,False
C016294,song,False
C009548,song,True
C033454,song,False
C012393,audiobook,True
C032305,song,False
C008711,song,True
C007186,album,True
C017112,song,False
C014162,song,True
C030202,song,True
C033276,song,False
C016773,song,False
C014244,song,True
C017189,song,False
C010048,podcast_episode,False
C027784,song,True
C024830,podcast_episode,False
C029860,podcast_episode,False
C002002,song,False
C016164,podcast_episode,False
C012033,song,False
C010982,song,True
C016953,song,True
C018717,song,False
C028883,album,False
C016148,song,True
C028090,song,False
C010564,song,False
C024303,song,False
C005835,song,False
C025552,song,False
C000092,audiobook,False
C008345,song,True
C015716,podcast_episode,True
C016260,song,True
C020673,song,False
C010188,song,False
C027396,podcast_episode,False
C014975,song,False
C009891,podcast_episode,False
C013850,song,False
C010620,podcast_episode,False
C026707,podcast_episode,False
C025127,song,False
C002368,podcast_episode,False
C022057,album,False
C023566,podcast_episode,False
C024925,song,False
C030451,song,False
C008718,song,True
C008112,song,True
C014954,podcast_episode,False
C011897,song,False
C000769,song,False
C002249,song,True
C007999,song,False
C001285,song,True
C011330,podcast_episode,True
C026942,song,False
C027618,song,False
C022049,song,True
C019650,podcast_episode,False
C015721,podcast_episode,True
C024809,song,False
C021451,song,False
C007451,song,False
C017710,song,True
C001200,album,True
C026092,song,True
C033870,podcast_episode,False
C017751,song,False
C011450,song,False
C014845,song,False
C018592,song,True
C004979,album,False
C031821,song,True
C001784,podcast_episode,False
C024667,podcast_episode,False
C018900,song,False
C023745,song,False
C010416,song,False
C026187,song,False
C027203,podcast_episode,False
C033761,song,False
C002492,album,False
C013805,album,False
C008166,song,False
C002881,song,False
C033406,song,True
C007997,song,False
C008016,song,True
C016628,song,True
C005595,album,False
C024343,album,False
C022434,song,False
C028890,podcast_episode,True
C020242,podcast_episode,False
C014769,album,True
C013666,song,False
C004545,song,True
C005056,podcast_episode,False
C001869,album,False
C005433,song,False
C007773,podcast_episode,False
C012019,podcast_episode,False
C031134,album,False
C005848,song,False
C033286,song,False
C033233,song,False
C031940,song,True
C027229,audiobook,False
C032974,album,True
C003056,song,False
C027741,song,False
C005065,podcast_episode,False
C031672,song,False
C008675,podcast_episode,False
C030829,audiobook,False
C014802,podcast_episode,True
C012901,album,False
C023235,song,False
C026754,song,False
C016204,song,True
C028225,song,False
C022131,podcast_episode,True
C003619,song,False
C030800,podcast_episode,False
C033726,podcast_episode,False
C023776,song,False
C002992,podcast_episode,False
C003330,song,False
C021531,song,True
C013095,song,True
C003231,podcast_episode,False
C013772,song,False
C028505,song,False
C018866,song,True
C030182,album,False
C023828,song,False
C032455,podcast_episode,False
C021253,podcast_episode,True
C023187,podcast_episode,False
C019600,song,False
C019110,song,False
C007991,song,False
C017288,song,False
C027228,album,False
C007563,song,False
C022956,song,True
C016379,song,False
C014492,song,True
C001062,podcast_episode,False
C022494,podcast_episode,False
C005399,album,False
C024592,podcast_episode,False
C000604,song,False
C027178,song,False
C015678,song,False
C011047,song,False
C014592,podcast_episode,False
C014515,podcast_episode,False
C012414,song,True
C018133,song,False
C030710,podcast_episode,False
C009665,audiobook,True
C004280,song,True
C033005,podcast_episode,False
C002742,song,False
C025785,audiobook,True
C019374,song,False
C002899,song,False
C025067,song,False
C033259,podcast_episode,False
C005403,song,True
C009016,song,False
C007683,audiobook,False
C033239,song,False
C003944,album,False
C011199,album,False
C015488,podcast_episode,False
C001896,song,False
C023996,album,False
C002051,song,True
C027832,song,True
C004905,song,False
C001849,podcast_episode,False
C003425,audiobook,True
C001983,song,True
C013573,podcast_episode,False
C016786,podcast_episode,False
C018314,song,True
C013162,song,False
C015507,song,True
C010213,podcast_episode,False
C010135,podcast_episode,True
C024135,song,False
C009820,podcast_episode,False
C032521,song,True
C010926,album,True
C014470,podcast_episode,False
C029958,song,True
C021464,song,True
C000844,podcast_episode,False
C001570,song,False
C022691,podcast_episode,False
C028497,song,True
C024620,song,False
C018209,audiobook,True
C017467,song,False
C005149,podcast_episode,False
C012542,song,False
C010911,song,False
C010638,song,False
C019325,podcast_episode,True
C018239,song,False
C024577,song,True
C020408,album,False
C011425,song,False
C010047,song,False
C005776,song,False
C001488,podcast_episode,False
C026312,podcast_episode,False
C007671,song,True
C006346,song,False
C014459,song,False
C030341,album,True
C024909,song,False
C013099,podcast_episode,False
C018796,podcast_episode,False
C033397,song,False
C025798,podcast_episode,False
C017532,song,False
C011070,song,True
C011276,song,True
C030778,podcast_episode,True
C024035,song,True
C022289,song,True
C022705,song,False
C022788,podcast_episode,True
C018154,song,True
C024177,podcast_episode,False
C001873,podcast_episode,False
C015505,song,False
C032680,podcast_episode,False
C006993,song,True
C010379,song,True
C012220,song,True
C032148,song,False
C012319,album,False
C019800,song,False
C000739,podcast_episode,True
C012658,podcast_episode,False
C010666,song,True
C021508,song,False
C026773,audiobook,True
C023362,song,True
C012740,podcast_episode,False
C008946,album,False
C016778,song,False
C006160,song,False
C003822,album,False
C015276,song,True
C015079,song,True
C005963,song,False
C022628,song,False
C013639,podcast_episode,False
C025038,album,False
C007901,album,True
C012889,song,False
C013977,podcast_episode,True
C032198,song,False
C011125,podcast_episode,False
C021153,song,False
C030072,song,False
C030493,song,False
C033187,song,False
C000996,album,False
C006394,song,True
C027553,song,True
C008132,podcast_episode,True
C008535,album,True
C024484,podcast_episode,False
C019120,podcast_episode,False
C011538,podcast_episode,False
C008690,song,False
C025871,podcast_episode,False
C026139,podcast_episode,False
C015299,song,True
C003847,song,True
C021533,podcast_episode,True
C008855,song,False
C022696,song,True
C001051,song,False
C026618,song,False
C016555,song,False
C003725,podcast_episode,True
C022500,song,True
C008137,song,False
C000564,song,False
C008752,podcast_episode,True
C017761,album,False
C011996,album,False
C020894,podcast_episode,False
C005668,podcast_episode,False
C003439,song,True
C020878,song,False
C026811,podcast_episode,True
C022987,song,True
C032736,song,False
C000436,song,False
C008593,podcast_episode,True
C026121,song,False
C005550,podcast_episode,False
C031326,song,False
C024417,podcast_episode,True
C026746,podcast_episode,False
C009263,podcast_episode,False
C003545,song,True
C032622,song,True
C029689,song,True
C022099,album,True
C010925,podcast_episode,False
C007976,song,True
C010544,podcast_episode,True
C013866,podcast_episode,False
C022504,song,True
C014919,song,False
C004852,podcast_episode,False
C008207,song,False
C014021,podcast_episode,False
C004177,song,False
C030354,album,True
C014418,album,False
C018405,song,True
C033807,podcast_episode,False
C020814,song,True
C032051,podcast_episode,False
C009724,podcast_episode,True
C011831,podcast_episode,False
C030850,podcast_episode,False
C024336,album,False
C011246,audiobook,False
C011986,song,True
C015053,podcast_episode,False
C006939,song,False
C020793,podcast_episode,False
C029941,podcast_episode,True
C022907,podcast_episode,False
C032213,podcast_episode,True
C008578,album,False
C025321,podcast_episode,False
C009185,song,False
C014680,podcast_episode,True
C004333,song,False
C013232,song,False
C028286,podcast_episode,True
C025767,podcast_episode,False
C012340,song,False
C001525,song,True
C001974,song,False
C015152,podcast_episode,False
C019167,podcast_episode,False
C032552,podcast_episode,False
C002255,song,False
C026192,song,True
C029788,song,False
C023637,song,True
C003321,song,False
C025709,album,False
C022215,podcast_episode,False
C033277,song,True
C013681,podcast_episode,True
C001117,podcast_episode,False
C005323,song,True
C028227,song,True
C004053,podcast_episode,True
C025036,podcast_episode,True
C015529,podcast_episode,True
C010876,song,True
C002841,podcast_episode,False
C021960,song,False
C014999,song,False
C005571,album,False
C001991,audiobook,False
C020083,podcast_episode,False
C015438,song,False
C013959,podcast_episode,True
C012902,song,False
C003937,song,True
C004508,song,False
C005117,song,True
C024717,podcast_episode,False
C022991,podcast_episode,True
C023290,song,False
C020699,podcast_episode,False
C017052,song,True
C031392,podcast_episode,True
C009551,podcast_episode,True
C004672,audiobook,True
C021668,song,True
C013431,song,False
C014574,song,False
C024475,song,False
C009343,podcast_episode,True
C022297,song,False
C013323,song,True
C027321,song,False
C000142,podcast_episode,False
C033284,song,False
C019040,podcast_episode,False
C019233,podcast_episode,False
C003297,album,True
C022257,song,False
C022626,audiobook,False
C021433,song,True
C010980,song,True
C010457,song,False
C012304,podcast_episode,True
C011979,song,False
C021257,album,False
C004712,song,True
C014952,song,False
C025952,song,True
C024493,song,True
C016039,podcast_episode,False
C020449,song,True
C012883,song,False
C017420,podcast_episode,True
C032586,song,True
C003715,song,False
C011501,podcast_episode,True
C029218,song,True
C025045,song,False
C028401,song,False
C019877,audiobook,True
C026279,podcast_episode,False
C012288,song,False
C022151,podcast_episode,False
C011788,song,True
C011887,album,False
C023866,song,False
C025809,podcast_episode,False
C021568,podcast_episode,False
C023584,song,False
C013271,song,True
C031778,song,False
C008172,song,False
C010699,audiobook,False
C015560,song,False
C003476,song,True
C008324,podcast_episode,False
C013225,podcast_episode,False
C018198,song,False
C007166,song,False
C003233,song,True
C020739,song,False
C029328,song,False
C018782,podcast_episode,False
C008139,song,False
C015747,album,True
C001970,song,True
C002550,song,True
C015855,song,False
C010166,audiobook,False
C025907,song,False
C004739,song,False
C017646,song,False
C028230,song,False
C004213,song,False
C013667,album,False
C020805,podcast_episode,True
C010319,song,False
C003512,album,True
C011187,audiobook,False
C005268,podcast_episode,False
C024354,song,False
C003720,song,False
C027639,podcast_episode,True
C021627,podcast_episode,False
C026642,song,False
C005412,song,False
C019503,song,True
C020365,podcast_episode,False
C031442,podcast_episode,True
C017049,song,True
C026151,song,True
C000160,album,True
C025416,podcast_episode,True
C004856,song,False
C027334,song,False
C021403,song,True
C011452,song,False
C020459,song,False
C016840,audiobook,True
C001702,podcast_episode,False
C004522,song,True
C006605,song,True
C029904,podcast_episode,False
C029446,song,True
C025851,song,False
C018574,song,False
C029544,podcast_episode,False
C007377,song,True
C001791,song,False
C009770,song,True
C024772,song,True
C029016,song,False
C027621,podcast_episode,True
C018273,song,False
C001084,song,False
C031432,song,False
C013338,song,False
C030913,podcast_episode,False
C025476,song,False
C030793,song,False
C017759,podcast_episode,False
C006544,podcast_episode,True
C005395,song,True
C016476,song,False
C026892,podcast_episode,True
C031408,song,False
C028772,song,False
C015530,podcast_episode,False
C006570,song,False
C014799,podcast_episode,False
C005510,podcast_episode,False
C008491,song,True
C031827,podcast_episode,True
C019357,song,False
C010388,podcast_episode,False
C027787,song,False
C023912,podcast_episode,False
C027040,song,True
C000170,podcast_episode,False
C024304,song,True
C033206,podcast_episode,True
C007886,song,False
C005447,song,True
C029081,song,False
C017429,podcast_episode,True
C003580,song,False
C015001,song,False
C021937,album,False
C026495,album,True
C022378,album,True
C030914,podcast_episode,False
C006438,song,False
C004824,song,False
C006148,song,False
C010581,song,False
C015859,song,False
C001746,audiobook,False
C031072,song,False
C025631,song,False
C014689,podcast_episode,False
C027433,album,False
C021219,podcast_episode,True
C026789,song,False
C012186,song,False
C004875,song,False
C032319,song,True
C023574,podcast_episode,True
C004693,song,False
C009169,podcast_episode,False
C023653,song,True
C032018,podcast_episode,True
C017369,song,False
C018840,song,False
C008577,audiobook,False
C029840,podcast_episode,False
C025953,song,True
C006777,song,True
C024137,podcast_episode,False
C004918,song,False
C027991,podcast_episode,True
C000841,song,False
C031560,song,False
C005233,song,False
C028961,song,False
C032625,song,False
C032303,song,False
C023748,song,False
C017686,song,False
C020130,song,False
C012640,song,False
C026485,song,False
C024356,song,True
C017352,song,False
C021111,song,True
C026352,podcast_episode,False
C016388,album,False
C027335,song,False
C025192,album,False
C030990,song,False
C005185,audiobook,True
C032467,song,False
C012297,podcast_episode,False
C032107,podcast_episode,False
C015334,song,False
C014667,song,False
C007986,song,True
C033250,song,False
C030957,song,False
C019251,podcast_episode,False
C017862,song,False
C015062,audiobook,False
C026017,song,True
C022440,podcast_episode,False
C026431,album,False
C028643,podcast_episode,True
C028623,song,False
C016852,podcast_episode,False
C014772,song,True
C022322,podcast_episode,False
C032083,podcast_episode,False
C004493,song,False
C020351,album,True
C007550,song,False
C031124,song,False
C013166,song,False
C003614,song,False
C032379,podcast_episode,False
C005434,podcast_episode,False
C033640,song,False
C028905,song,True
C001372,song,False
C009344,podcast_episode,False
C029517,song,False
C002943,podcast_episode,False
C006749,song,True
C028107,podcast_episode,False
C030881,song,True
C004340,song,True
C025193,album,False
C004263,song,False
C013760,song,False
C001986,song,False
C019907,podcast_episode,False
C012089,audiobook,False
C026245,audiobook,False
C003386,song,True
C005317,song,False
C017598,album,False
C014991,podcast_episode,True
C017592,podcast_episode,False
C029838,album,False
C010477,podcast_episode,True
C029026,song,False
C002086,song,False
C028262,song,False
C005486,song,False
C008401,album,False
C011013,song,True
C031739,song,True
C028655,podcast_episode,True
C000637,song,True
C030891,song,False
C016939,song,False
C021711,podcast_episode,True
C006533,song,False
C033820,podcast_episode,False
C025540,song,True
C018289,song,False
C017615,podcast_episode,False
C019725,song,False
C027515,song,True
C007229,song,False
C006724,podcast_episode,True
C019720,podcast_episode,False
C001794,podcast_episode,True
C011190,song,False
C023719,song,False
C029156,album,False
C002798,song,True
C000670,song,False
C001155,album,False
C001056,podcast_episode,False
C008667,podcast_episode,True
C022758,podcast_episode,True
C032181,podcast_episode,False
C004819,podcast_episode,False
C024633,song,False
C006489,song,False
C024047,album,False
C001952,song,False
C000870,album,True
C023424,podcast_episode,False
C003431,podcast_episode,True
C031579,song,False
C023871,song,False
C028550,album,True
C003379,podcast_episode,False
C014184,song,True
C005097,song,False
C019553,song,False
C025298,song,True
C027336,song,True
C003819,song,False
C023924,podcast_episode,True
C022583,song,False
C007382,song,True
C027816,song,False
C015268,podcast_episode,True
C012082,audiobook,False
C031982,podcast_episode,False
C030816,podcast_episode,False
C008232,album,True
C026673,podcast_episode,False
C019716,podcast_episode,False
C025115,song,False
C007015,song,False
C022868,album,False
C019846,song,True
C030883,song,False
C029817,song,False
C028806,song,True
C013646,song,True
C007438,song,True
C014289,song,True
C027368,song,False
C016503,podcast_episode,False
C022531,song,True
C006676,podcast_episode,False
C024744,album,False
C017035,song,True
C012374,song,True
C022271,podcast_episode,False
C013880,audiobook,True
C008995,song,True
C000671,song,True
C011275,podcast_episode,False
C031798,song,False
C032675,song,False
C023614,song,False
C027406,song,False
C011302,podcast_episode,False
C012034,song,False
C023441,album,False
C025485,podcast_episode,False
C016087,song,False
C028658,song,True
C006705,song,False
C025604,audiobook,True
C031816,song,False
C015124,podcast_episode,False
C014711,song,True
C010202,album,False
C010058,song,False
C022351,song,False
C009973,podcast_episode,False
C029908,song,False
C011205,podcast_episode,True
C024033,song,False
C028631,song,False
C014243,audiobook,False
C007687,song,False
C000250,podcast_episode,False
C018911,song,False
C009696,song,True
C002432,song,False
C018058,song,False
C009662,album,False
C021593,song,False
C016111,podcast_episode,True
C026870,podcast_episode,False
C023588,audiobook,True
C019499,song,True
C015196,song,False
C023317,song,False
C031016,song,False
C021550,song,False
C001690,song,False
C022526,song,False
C005844,song,False
C026029,song,False
C005799,song,False
C006873,song,True
C003239,podcast_episode,False
C024861,song,True
C010156,song,False
C002633,song,True
C018600,song,False
C002821,audiobook,False
C006956,song,False
C006750,song,False
C028744,song,False
C001810,song,False
C006491,song,True
C011876,song,False
C006350,song,False
C019046,podcast_episode,False
C013875,album,True
C005146,album,False
C026987,podcast_episode,False
C023511,song,True
C011080,podcast_episode,False
C033070,song,False
C033341,song,False
C025539,podcast_episode,False
C002482,song,False
C029782,song,False
C020989,song,False
C030726,podcast_episode,False
C004498,audiobook,False
C000340,podcast_episode,False
C030906,song,False
C028947,podcast_episode,False
C018156,song,True
C001614,podcast_episode,True
C033534,song,False
C012988,song,False
C020392,podcast_episode,False
C004362,song,True
C006428,podcast_episode,True
C023212,song,False
C013352,song,True
C032240,audiobook,True
C030405,song,False
C026189,podcast_episode,True
C024266,song,False
C007570,podcast_episode,False
C023751,song,True
C017802,podcast_episode,True
C026035,album,False
C000505,album,False
C026075,song,False
C004494,song,False
C005741,podcast_episode,True
C006644,podcast_episode,False
C025821,song,True
C027250,song,False
C033597,podcast_episode,False
C003463,song,True
C006290,song,False
C010448,podcast_episode,True
C029567,audiobook,True
C001387,song,False
C023965,song,False
C014732,album,False
C023085,song,False
C006707,podcast_episode,False
C032304,song,True
C022331,album,False
C013240,podcast_episode,False
C015128,podcast_episode,False
C025063,audiobook,False
C005329,podcast_episode,False
C017515,song,True
C018833,song,False
C015295,song,True
C017254,song,False
C026632,song,False
C009162,song,False
C013289,album,False
C011571,song,False
C029436,podcast_episode,False
C020206,podcast_episode,False
C020747,song,False
C003368,song,True
C024115,album,False
C018275,podcast_episode,False
C012673,song,False
C025843,song,False
C016279,song,False
C004087,audiobook,False
C011881,podcast_episode,False
C013719,podcast_episode,False
C002527,song,False
C003579,song,True
C021637,song,True
C021633,song,True
C000108,podcast_episode,False
C023457,podcast_episode,True
C024552,song,True
C022200,song,True
C009141,audiobook,False
C033042,song,True
C032771,podcast_episode,False
C025277,song,False
C027610,album,False
C004058,song,True
C023820,song,True
C024151,podcast_episode,True
C012338,song,False
C007379,audiobook,True
C009325,song,True
C018218,song,False
C004145,audiobook,False
C015593,podcast_episode,False
C012024,song,True
C001122,song,False
C024459,podcast_episode,True
C024448,album,False
C000453,song,True
C020492,podcast_episode,False
C015970,audiobook,True
C028616,podcast_episode,False
C012651,song,False
C013633,podcast_episode,False
C009571,song,True
C021635,album,True
C027297,podcast_episode,False
C019688,podcast_episode,False
C010036,song,True
C010499,song,False
C031633,podcast_episode,False
C018511,song,False
C023105,song,True
C014365,podcast_episode,False
C012943,song,False
C006949,song,False
C010215,song,True
C009419,podcast_episode,False
C032404,song,True
C029872,podcast_episode,False
C016341,song,False
C033668,album,False
C005224,song,False
C031297,song,True
C008502,song,False
C006667,podcast_episode,False
C001444,song,False
C027823,song,False
C021657,song,False
C030500,song,True
C026596,song,False
C024885,song,False
C021832,song,False
C026130,song,False
C003268,song,False
C001601,song,True
C017955,song,False
C024499,song,True
C013489,song,False
C009628,podcast_episode,False
C008536,podcast_episode,True
C026677,album,False
C012313,song,False
C027344,podcast_episode,False
C023401,song,False
C033584,podcast_episode,True
C029671,song,False
C012691,song,False
C032480,song,True
C004151,song,True
C010289,podcast_episode,True
C021083,podcast_episode,True
C032019,podcast_episode,True
C006473,album,False
C020479,podcast_episode,True
C018134,song,True
C025975,song,False
C007883,song,False
C013505,song,True
C026692,song,True
C019011,song,True
C021990,song,True
C028489,song,False
C001793,song,False
C007363,song,False
C019328,song,True
C032773,song,False
C009509,song,True
C027772,song,True
C015200,song,False
C005371,song,True
C003060,podcast_episode,True
C028147,song,True
C032832,song,False
C032504,song,True
C014274,song,False
C019580,song,False
C023790,album,True
C029134,album,True
C031226,podcast_episode,False
C000820,podcast_episode,False
C027949,song,True
C032494,podcast_episode,False
C025820,podcast_episode,False
C012500,song,True
C011313,song,False
C017174,podcast_episode,False
C015013,podcast_episode,True
C028992,podcast_episode,False
C029608,song,False
C028459,song,False
C003461,song,True
C013231,song,True
C015850,song,False
C015135,song,False
C001840,song,True
C002262,podcast_episode,True
C003616,song,True
C009846,podcast_episode,False
C031135,song,False
C022930,song,False
C015526,song,True
C022855,song,True
C027500,podcast_episode,False
C031785,song,False
C003420,podcast_episode,False
C000159,podcast_episode,True
C012124,song,True
C015669,song,False
C021124,song,True
C015416,audiobook,True
C015758,song,False
C026665,podcast_episode,False
C027484,song,True
C003573,album,False
C000845,song,False
C033110,podcast_episode,True
C015952,song,False
C028594,song,True
C006360,song,False
C027952,song,False
C011879,song,True
C004557,song,False
C018830,song,True
C020157,song,False
C026302,audiobook,True
C006783,podcast_episode,True
C007029,podcast_episode,False
C031061,podcast_episode,False
C031083,album,False
C017848,audiobook,False
C011927,album,False
C002590,song,False
C020374,album,True
C001761,song,True
C006006,song,False
C001409,song,False
C019750,podcast_episode,True
C030250,audiobook,True
C027377,song,True
C010900,song,False
C008416,podcast_episode,False
C029238,song,False
C019935,album,False
C008471,podcast_episode,False
C033298,song,True
C009999,podcast_episode,False
C005452,podcast_episode,True
C026872,podcast_episode,False
C029601,song,False
C018776,song,True
C021907,podcast_episode,False
C004748,podcast_episode,False
C015635,album,False
C016566,podcast_episode,True
C017384,song,False
C025697,song,True
C010759,song,False
C002259,podcast_episode,True
C013034,podcast_episode,False
C002445,podcast_episode,False
C029342,album,True
C022162,song,False
C025922,song,True
C006261,audiobook,False
C017817,audiobook,False
C030368,song,True
C020563,song,False
C018119,song,False
C008224,audiobook,False
C020512,song,True
C030460,podcast_episode,False
C023398,song,False
C010615,podcast_episode,True
C004169,podcast_episode,False
C019187,podcast_episode,False
C025449,song,True
C023249,song,False
C009936,song,False
C013263,podcast_episode,False
C019322,song,True
C007446,song,False
C002653,podcast_episode,False
C030544,podcast_episode,True
C002863,audiobook,False
C016647,podcast_episode,False
C021357,song,False
C018871,song,False
C003216,song,True
C002078,song,True
C015428,song,False
C025342,song,False
C008254,podcast_episode,False
C002916,podcast_episode,True
C013664,podcast_episode,True
C008790,song,False
C009558,song,True
C028794,podcast_episode,True
C013299,podcast_episode,False
C017574,song,False
C009407,album,True
C017013,album,False
C008434,song,False
C002092,podcast_episode,True
C009116,audiobook,False
C022908,song,False
C024311,song,False
C004531,song,True
C028111,song,False
C019052,podcast_episode,True
C023211,song,True
C024824,song,False
C017242,song,True
C009030,podcast_episode,False
C006684,song,False
C002618,podcast_episode,False
C012869,album,False
C001714,podcast_episode,False
C031725,song,False
C023316,album,True
C022174,song,False
C014063,podcast_episode,False
C014426,audiobook,False
C019195,song,False
C003088,audiobook,True
C028019,song,True
C031516,song,False
C026965,podcast_episode,True
C013488,podcast_episode,False
C011760,song,True
C014043,album,True
C007942,podcast_episode,True
C015812,song,True
C009437,song,True
C018740,song,False
C006541,podcast_episode,False
C012848,podcast_episode,False
C020888,song,False
C017965,album,False
C017099,podcast_episode,True
C027193,song,False
C029380,song,True
C004684,podcast_episode,False
C003050,podcast_episode,False
C002623,song,True
C030632,podcast_episode,False
C019966,podcast_episode,False
C008940,song,True
C006510,song,True
C002387,podcast_episode,False
C012819,song,True
C016275,song,False
C013611,song,False
C025053,podcast_episode,True
C012507,podcast_episode,False
C007442,podcast_episode,True
C033245,song,True
C030216,podcast_episode,False
C013544,song,False
C013083,song,False
C013816,podcast_episode,False
C028560,song,True
C030169,song,True
C024086,song,True
C008851,song,False
C018060,song,False
C020908,podcast_episode,False
C028416,podcast_episode,False
C008616,song,False
C004957,song,True
C015153,podcast_episode,False
C004840,song,False
C031289,song,True
C009913,song,False
C000816,song,True
C030247,song,False
C003882,song,True
C025272,song,True
C009109,song,True
C024820,podcast_episode,True
C018416,podcast_episode,True
C007697,song,False
C000978,podcast_episode,True
C019326,song,False
C029597,song,True
C013482,song,True
C016912,podcast_episode,False
C030727,podcast_episode,True
C016402,audiobook,False
C030356,song,True
C005170,album,False
C005091,song,False
C003674,song,True
C020089,song,False
C027454,song,True
C024054,album,True
C007656,song,False
C019643,song,True
C025311,song,True
C016526,song,False
C011604,podcast_episode,False
C030053,song,False
C013350,song,False
C019259,podcast_episode,False
C007127,podcast_episode,False
C022216,song,False
C025909,song,True
C031074,song,False
C007882,podcast_episode,False
C020998,album,False
C010371,song,True
C027095,song,True
C028827,song,False
C007762,song,True
C001363,podcast_episode,False
C026324,podcast_episode,False
C011316,podcast_episode,False
C024368,song,False
C016495,podcast_episode,False
C019882,song,False
C033254,audiobook,False
C029461,podcast_episode,True
C028106,podcast_episode,False
C031804,album,True
C006005,song,False
C006398,podcast_episode,True
C002475,podcast_episode,True
C030189,song,True
C002573,song,False
C018237,podcast_episode,False
C024888,song,False
C000417,album,True
C015563,podcast_episode,False
C012919,song,False
C018589,audiobook,True
C028971,album,False
C006399,audiobook,False
C009744,song,False
C028786,song,False
C025224,audiobook,False
C014631,song,False
C009198,song,True
C020454,song,False
C000497,song,False
C006690,song,True
C001505,song,True
C019298,podcast_episode,False
C015356,album,False
C020909,song,False
C022095,audiobook,False
C033062,song,True
C013884,podcast_episode,False
C016259,podcast_episode,False
C026479,podcast_episode,False
C018832,podcast_episode,False
C024109,song,False
C012914,song,False
C021340,podcast_episode,True
C014039,podcast_episode,False
C000849,podcast_episode,True
C022284,album,False
C032884,podcast_episode,True
C016729,album,False
C014586,song,False
C026907,podcast_episode,True
C007023,song,False
C030671,song,False
C003954,podcast_episode,True
C014788,podcast_episode,True
C012303,podcast_episode,True
C013631,podcast_episode,False
C024876,song,True
C020620,podcast_episode,False
C012424,podcast_episode,False
C018070,song,False
C026620,audiobook,True
C028941,album,True
C033274,song,True
C031583,podcast_episode,False
C033125,song,True
C005653,album,False
C030113,song,True
C013473,album,True
C007538,song,False
C021992,podcast_episode,False
C015755,song,False
C010772,podcast_episode,False
C025681,podcast_episode,False
C021889,podcast_episode,True
C027569,podcast_episode,False
C012461,podcast_episode,True
C032431,album,False
C033569,song,True
C013010,song,False
C025986,podcast_episode,True
C016202,song,True
C023051,podcast_episode,False
C029484,podcast_episode,True
C030485,album,True
C016731,album,False
C014835,song,False
C028548,podcast_episode,True
C018443,podcast_episode,True
C003562,song,False
C003277,podcast_episode,True
C008831,song,False
C030314,podcast_episode,True
C027426,podcast_episode,True
C019082,song,True
C018517,song,False
C003508,song,True
C021840,song,True
C025516,song,False
C032098,song,False
C020271,song,False
C007810,podcast_episode,False
C030550,song,False
C006886,song,False
C018999,podcast_episode,True
C015854,song,False
C007556,album,True
C011384,podcast_episode,False
C011845,podcast_episode,False
C010939,song,False
C013765,song,False
C026849,song,True
C006784,podcast_episode,False
C023939,song,False
C008376,podcast_episode,False
C025143,album,False
C002436,podcast_episode,True
C021359,podcast_episode,False
C018780,song,False
C017398,podcast_episode,False
C007000,podcast_episode,False
C023494,song,False
C010747,song,False
C022002,song,True
C020935,podcast_episode,False
C014915,song,False
C014775,song,True
C003178,song,True
C017576,song,False
C023420,podcast_episode,False
C010116,podcast_episode,False
C005062,song,False
C012302,podcast_episode,False
C029775,song,True
C009393,song,True
C007136,song,False
C001510,podcast_episode,False
C024596,podcast_episode,False
C007711,song,False
C025367,song,True
C032959,song,False
C022468,podcast_episode,False
C009104,podcast_episode,False
C025927,podcast_episode,False
C008569,song,False
C031587,song,True
C024377,song,False
C002507,podcast_episode,True
C002990,album,False
C021102,album,False
C000807,song,False
C027109,song,True
C025409,song,False
C003922,song,False
C021389,podcast_episode,True
C026457,song,False
C012506,album,False
C023178,song,True
C020205,podcast_episode,False
C020332,album,False
C024846,song,True
C031372,album,False
C030630,song,False
C002391,song,True
C026968,podcast_episode,False
C016092,podcast_episode,False
C025902,album,False
C006899,song,False
C012398,podcast_episode,False
C023226,podcast_episode,False
C021516,song,False
C018227,podcast_episode,False
C000589,podcast_episode,False
C010430,song,True
C031698,podcast_episode,False
C013058,podcast_episode,False
C000931,podcast_episode,True
C012693,song,False
C024424,song,False
C029515,song,False
C011286,song,True
C031178,song,False
C021700,podcast_episode,True
C002833,song,False
C018550,podcast_episode,False
C018094,podcast_episode,True
C009320,podcast_episode,False
C011829,audiobook,False
C021450,song,True
C030081,song,False
C018533,song,False
C028278,song,False
C025044,podcast_episode,True
C007963,song,False
C024929,song,False
C033425,podcast_episode,False
C017335,podcast_episode,False
C002052,podcast_episode,False
C003360,song,False
C018506,song,False
C010100,song,False
C003175,song,True
C024548,podcast_episode,False
C003864,song,True
C027843,song,False
C009140,podcast_episode,False
C032676,song,False
C017601,song,True
C019624,podcast_episode,True
C028261,song,False
C025385,album,False
C001334,audiobook,True
C022569,podcast_episode,True
C027620,song,False
C005376,song,False
C003010,song,False
C006523,song,False
C028280,podcast_episode,False
C027461,song,True
C014102,song,True
C011915,song,False
C030082,song,False
C006595,podcast_episode,True
C021579,song,False
C032762,song,False
C032331,song,True
C013418,song,False
C029673,album,False
C021718,song,False
C003408,podcast_episode,False
C018214,song,True
C022464,podcast_episode,False
C031678,podcast_episode,True
C016063,song,True
C033619,podcast_episode,False
C005152,song,False
C008627,podcast_episode,True
C028752,song,True
C014700,song,False
C002750,podcast_episode,False
C024598,podcast_episode,False
C010019,podcast_episode,False
C009969,podcast_episode,False
C011667,podcast_episode,False
C031555,song,True
C030452,song,False
C015451,song,False
C006519,podcast_episode,True
C019034,song,False
C029125,song,False
C005064,song,True
C015466,song,True
C017360,song,False
C023789,song,False
C029333,song,True
C003248,song,False
C007562,song,True
C031225,podcast_episode,True
C025316,album,False
C004033,song,True
C029796,song,False
C021256,song,True
C020686,song,False
C023061,song,False
C011092,podcast_episode,False
C023649,song,False
C000730,album,True
C018691,song,False
C001954,podcast_episode,False
C019998,song,False
C006460,podcast_episode,True
C003285,album,True
C018238,song,False
C024289,podcast_episode,False
C015961,song,False
C007933,song,True
C005769,song,False
C028949,podcast_episode,False
C004575,podcast_episode,False
C011524,song,True
C026564,song,True
C026704,song,False
C016272,song,True
C031385,song,False
C007161,album,True
C007699,song,False
C007860,song,False
C008526,podcast_episode,True
C009789,song,False
C005156,song,False
C004245,song,True
C017837,album,False
C010600,song,True
C022664,song,True
C028329,podcast_episode,False
C005730,podcast_episode,False
C006050,song,True
C031428,song,False
C015685,audiobook,False
C000861,podcast_episode,True
C019726,audiobook,False
C013190,album,True
C019070,album,False
C032282,song,False
C002320,song,True
C017439,album,False
C024317,song,True
C001083,podcast_episode,False
C016676,podcast_episode,True
C024988,song,False
C004605,song,False
C002709,podcast_episode,True
C008796,album,True
C031656,audiobook,False
C026887,audiobook,False
C011474,podcast_episode,True
C011907,album,True
C025832,song,False
C017919,album,True
C031319,album,False
C012985,podcast_episode,True
C007124,podcast_episode,False
C011672,song,False
C011098,album,True
C010101,podcast_episode,True
C032642,song,False
C000562,song,False
C004400,song,False
C020912,podcast_episode,False
C001343,podcast_episode,True
C021779,podcast_episode,False
C004056,song,False
C025492,podcast_episode,False
C000573,podcast_episode,False
C027909,podcast_episode,True
C028195,song,True
C010771,podcast_episode,False
C016978,podcast_episode,True
C020528,song,False
C017627,audiobook,True
C024691,song,False
C025873,song,True
C008590,podcast_episode,False
C017675,podcast_episode,False
C020657,song,False
C004928,podcast_episode,True
C022220,song,True
C014642,song,True
C029969,podcast_episode,True
C010511,song,True
C009205,song,False
C027917,podcast_episode,False
C020801,song,True
C015259,song,False
C028361,song,False
C027033,podcast_episode,True
C000830,audiobook,False
C015338,song,True
C010338,song,False
C019859,song,False
C030845,song,False
C022794,song,False
C032518,song,False
C005365,song,False
C028150,song,False
C019210,song,False
C014057,podcast_episode,False
C012780,album,True
C030304,song,True
C031624,song,False
C012262,song,False
C017349,song,True
C009163,podcast_episode,False
C002425,song,False
C002617,song,True
C031902,song,False
C033622,song,True
C006281,song,True
C005166,song,True
C022564,song,False
C009547,song,False
C027240,song,True
C021329,album,False
C008952,podcast_episode,False
C014571,audiobook,True
C024630,podcast_episode,False
C026157,podcast_episode,False
C017575,song,True
C006309,podcast_episode,False
C032825,podcast_episode,True
C000376,song,True
C003525,podcast_episode,False
C016726,album,False
C022342,album,False
C023658,song,False
C006253,song,False
C029745,song,True
C027194,podcast_episode,False
C026653,audiobook,False
C033061,song,False
C031320,song,False
C023970,song,True
C030681,album,False
C023971,song,False
C016024,album,True
C009835,song,False
C008300,song,False
C010728,podcast_episode,False
C031004,song,False
C031029,album,False
C019292,album,True
C023471,podcast_episode,False
C007246,album,True
C015909,song,False
C002222,song,False
C015874,song,True
C026635,audiobook,False
C029740,song,False
C027598,song,False
C013021,album,True
C002708,audiobook,False
C006431,podcast_episode,False
C013269,podcast_episode,True
C025920,song,False
C025304,album,True
C019633,audiobook,False
C000429,song,False
C008433,podcast_episode,False
C006657,song,False
C000288,song,True
C023896,podcast_episode,False
C000955,song,False
C026800,album,False
C000951,song,True
C025815,podcast_episode,False
C014121,podcast_episode,False
C023350,song,False
C021420,song,True
C009459,podcast_episode,True
C003212,song,False
C031187,album,False
C021142,song,False
C033794,podcast_episode,False
C030255,album,True
C032437,album,False
C033151,song,False
C030524,song,False
C031185,podcast_episode,False
C017788,podcast_episode,False
C018471,podcast_episode,False
C005712,album,False
C018891,song,True
C019552,album,True
C012239,song,False
C006998,song,False
C030034,album,True
C017557,song,False
C016557,song,False
C014086,song,False
C016292,song,False
C010462,song,False
C002375,album,True
C002417,audiobook,False
C005378,podcast_episode,False
C015800,podcast_episode,True
C025049,album,False
C008678,podcast_episode,True
C015118,podcast_episode,False
C003188,podcast_episode,False
C004647,song,False
C017839,audiobook,False
C019941,song,True
C029893,song,False
C031062,song,True
C026091,podcast_episode,False
C013864,song,False
C015963,album,True
C033790,podcast_episode,False
C004588,song,False
C009887,audiobook,True
C000774,song,False
C014860,song,False
C032324,song,True
C022606,podcast_episode,True
C016497,song,False
C006381,song,True
C029090,song,True
C004318,song,True
C012657,song,False
C023052,song,True
C012410,album,False
C008049,song,False
C014614,song,False
C029901,song,False
C031567,podcast_episode,False
C024661,song,True
C001766,album,False
C000337,song,True
C014189,song,True
C014449,album,False
C001592,song,True
C006378,song,True
C033776,song,True
C011210,album,True
C005753,song,True
C003365,podcast_episode,False
C015311,podcast_episode,True
C000638,audiobook,False
C019833,song,False
C009302,podcast_episode,False
C003032,podcast_episode,True
C033649,song,False
C025740,song,False
C001939,song,True
C029459,audiobook,False
C008523,song,False
C001917,audiobook,False
C022466,podcast_episode,False
C010580,podcast_episode,True
C031075,song,False
C003810,podcast_episode,True
C024781,song,True
C023261,song,False
C033497,song,False
C005121,song,True
C013424,podcast_episode,False
C012774,podcast_episode,False
C012492,audiobook,False
C015774,audiobook,False
C028831,song,True
C001323,album,True
C023855,podcast_episode,True
C032584,song,False
C004108,podcast_episode,False
C001156,song,True
C001914,song,False
C003266,song,False
C032030,album,True
C014134,song,False
C013340,song,True
C025263,song,True
C003012,song,False
C033175,album,False
C015436,podcast_episode,False
C022548,song,False
C020665,song,False
C003602,audiobook,False
C003140,podcast_episode,False
C010755,podcast_episode,False
C029605,song,False
C009806,song,False
C014370,song,False
C002266,album,True
C026373,song,True
C015085,song,True
C029846,song,True
C027253,song,False
C019894,song,False
C002655,song,False
C023722,song,False
C028465,song,False
C026650,podcast_episode,False
C016347,podcast_episode,False
C000447,song,True
C018614,song,False
C012853,podcast_episode,False
C006766,song,False
C006380,album,False
C011623,song,True
C010214,audiobook,False
C013557,song,True
C014416,album,False
C010440,song,True
C013809,song,False
C011912,song,True
C002138,song,False
C005842,podcast_episode,False
C004476,song,True
C018145,song,True
C006421,album,True
C006504,song,False
C000201,song,False
C014691,podcast_episode,False
C014506,audiobook,False
C003407,album,False
C023224,song,True
C024344,podcast_episode,True
C005718,podcast_episode,True
C001247,song,False
C025267,podcast_episode,True
C032733,song,False
C015816,song,False
C021168,song,True
C031772,song,False
C031939,song,False
C000805,song,False
C003559,song,True
C014849,album,True
C013923,audiobook,False
C023318,album,False
C032978,podcast_episode,True
C032891,podcast_episode,True
C013052,song,False
C028155,song,False
C020194,podcast_episode,False
C028133,song,False
C019811,podcast_episode,False
C017808,song,True
C013243,song,True
C026093,podcast_episode,False
C008859,podcast_episode,True
C014460,podcast_episode,False
C000839,song,False
C029258,song,False
C000156,podcast_episode,False
C006199,podcast_episode,False
C015696,podcast_episode,False
C031410,podcast_episode,False
C024910,song,True
C027485,podcast_episode,False
C012503,song,False
C025916,audiobook,False
C018260,song,False
C029005,album,True
C022695,song,False
C011527,song,False
C015093,podcast_episode,False
C028799,song,False
C022011,song,True
C000265,podcast_episode,False
C018973,song,False
C001352,song,True
C024566,podcast_episode,False
C000923,podcast_episode,True
C014789,song,False
C005150,podcast_episode,False
C012213,song,False
C031906,song,False
C015538,podcast_episode,False
C021201,podcast_episode,False
C003548,song,True
C023231,song,False
C021549,song,False
C005303,song,False
C029176,podcast_episode,False
C022540,song,False
C006029,song,False
C031958,audiobook,False
C033224,audiobook,False
C001692,song,False
C000997,album,True
C006551,song,False
C005546,song,False
C021959,podcast_episode,False
C004358,album,False
C012120,podcast_episode,True
C031014,podcast_episode,False
C012568,podcast_episode,True
C025545,song,False
C006536,song,False
C009716,podcast_episode,False
C030395,song,False
C010952,song,True
C022728,podcast_episode,False
C022333,song,False
C020503,song,False
C019304,song,True
C015652,audiobook,False
C029758,album,False
C004694,podcast_episode,True
C029937,song,False
C022199,song,False
C004328,song,False
C001955,song,True
C032784,podcast_episode,True
C029499,album,True
C015585,podcast_episode,False
C012941,song,True
C002117,album,False
C008762,podcast_episode,False
C029182,audiobook,False
C011526,song,False
C019872,song,True
C002626,song,False
C025486,song,False
C002256,song,False
C024696,song,False
C024293,song,False
C005375,podcast_episode,True
C010974,song,False
C033063,song,False
C021772,song,False
C023196,song,False
C021303,podcast_episode,False
C014476,album,True
C006539,song,False
C001489,song,False
C019054,podcast_episode,False
C000060,song,False
C012280,album,False
C011394,podcast_episode,True
C003423,podcast_episode,False
C017623,podcast_episode,False
C027197,song,False
C022362,album,False
C000728,podcast_episode,False
C031172,podcast_episode,False
C026775,album,False
C013843,podcast_episode,False
C009883,song,True
C014900,podcast_episode,False
C025359,song,True
C002069,podcast_episode,True
C013409,podcast_episode,False
C003987,song,False
C030983,song,False
C005278,album,True
C024226,audiobook,False
C025323,podcast_episode,False
C022422,podcast_episode,False
C031105,podcast_episode,True
C032425,podcast_episode,False
C031888,song,False
C019107,song,False
C010834,song,False
C011498,song,False
C024071,podcast_episode,False
C022420,podcast_episode,False
C001680,song,True
C000330,song,True
C005739,song,False
C025967,podcast_episode,False
C030868,album,False
C017718,podcast_episode,True
C020936,audiobook,True
C031137,song,False
C010685,song,False
C021916,song,False
C021486,song,False
C016200,podcast_episode,False
C022282,song,False
C007594,audiobook,True
C015330,song,False
C003215,album,True
C012907,song,False
C011561,podcast_episode,True
C033600,podcast_episode,False
C002517,song,False
C001951,album,True
C025505,album,False
C013777,song,True
C012621,song,True
C025354,podcast_episode,False
C017631,song,False
C025656,song,False
C005352,song,False
C010086,song,False
C011725,audiobook,False
C010898,song,False
C010322,podcast_episode,False
C003699,song,True
C019540,song,False
C027305,podcast_episode,True
C005708,song,False
C023380,podcast_episode,True
C018950,podcast_episode,False
C029188,album,False
C032453,podcast_episode,False
C016902,song,False
C015829,audiobook,True
C001248,audiobook,False
C001443,song,False
C028508,podcast_episode,False
C031993,song,False
C023222,podcast_episode,False
C031467,album,True
C003190,podcast_episode,True
C014221,song,False
C024648,podcast_episode,False
C032802,song,False
C032197,song,False
C018844,song,False
C015695,song,False
C017478,podcast_episode,False
C020644,song,False
C005715,song,False
C026915,song,False
C020756,song,True
C004937,album,False
C016718,podcast_episode,False
C017351,song,False
C024952,album,False
C027994,audiobook,False
C013723,podcast_episode,False
C007134,song,False
C020486,song,True
C024907,song,True
C003532,song,False
C030636,song,False
C014096,podcast_episode,False
C017403,podcast_episode,False
C027734,song,True
C022565,podcast_episode,False
C020720,audiobook,False
C021095,podcast_episode,True
C019815,song,False
C002980,song,True
C007980,song,False
C030927,song,True
C009118,song,False
C010073,song,True
C016045,song,False
C015089,song,False
C008392,song,True
C003079,podcast_episode,False
C023237,song,False
C028474,podcast_episode,True
C014213,song,False
C005334,song,False
C023795,song,False
C023807,song,False
C028233,song,False
C027254,song,False
C007903,podcast_episode,False
C029096,podcast_episode,False
C019500,podcast_episode,False
C016357,song,False
C010387,podcast_episode,True
C014622,song,True
C032574,podcast_episode,False
C014019,album,False
C014011,podcast_episode,True
C023284,song,True
C029711,podcast_episode,True
C014848,song,True
C020494,song,True
C002468,audiobook,False
C020965,song,False
C002621,album,False
C005019,podcast_episode,False
C003211,podcast_episode,False
C018512,song,True
C029281,podcast_episode,True
C028464,audiobook,False
C022843,song,True
C001235,song,False
C022751,album,False
C024229,podcast_episode,True
C030152,audiobook,False
C014205,album,True
C000922,song,False
C028614,song,False
C003945,song,True
C008696,song,False
C007316,song,True
C025924,podcast_episode,False
C014692,song,True
C012512,song,False
C001736,song,False
C003067,song,True
C018666,podcast_episode,True
C025835,podcast_episode,False
C019359,song,False
C016241,podcast_episode,False
C020795,song,False
C005046,song,True
C012558,song,True
C010298,podcast_episode,False
C004785,song,False
C014435,song,True
C020040,album,True
C017825,podcast_episode,False
C018330,song,False
C014359,podcast_episode,False
C030328,song,False
C013533,song,False
C001358,song,False
C030692,podcast_episode,False
C000935,album,False
C015358,song,False
C011085,song,False
C020222,song,True
C032392,song,True
C017852,podcast_episode,False
C003544,song,False
C025327,album,False
C014972,podcast_episode,False
C020414,song,True
C018778,album,False
C019527,song,True
C001585,song,False
C004848,song,False
C016634,song,True
C025945,podcast_episode,False
C029287,podcast_episode,True
C001632,podcast_episode,True
C007852,song,False
C030425,song,True
C019207,podcast_episode,False
C033339,song,False
C029727,audiobook,True
C008364,podcast_episode,True
C001634,podcast_episode,False
C011781,song,False
C026060,song,True
C010442,podcast_episode,True
C018875,song,False
C011958,song,False
C022335,podcast_episode,False
C032221,album,True
C003244,song,False
C029068,song,True
C006176,song,False
C015447,song,True
C022673,song,False
C025966,song,False
C009800,album,False
C011317,song,True
C011700,song,False
C028599,podcast_episode,False
C031010,podcast_episode,False
C025388,song,False
C027123,podcast_episode,False
C008209,podcast_episode,False
C009838,song,True
C008694,song,True
C029482,audiobook,False
C020406,podcast_episode,False
C013369,song,True
C026605,song,True
C005665,song,False
C019835,song,False
C010577,audiobook,False
C007014,song,False
C017140,song,False
C012550,podcast_episode,True
C030886,podcast_episode,False
C028770,song,False
C025961,song,False
C030805,podcast_episode,False
C023043,song,False
C002213,song,True
C007728,song,False
C010906,podcast_episode,False
C014159,song,False
C022455,song,False
C015808,podcast_episode,False
C025676,song,True
C028521,song,False
C028258,podcast_episode,False
C022756,album,True
C011901,song,False
C002721,song,False
C004604,podcast_episode,False
C011815,song,True
C010984,song,False
C009550,song,False
C015379,podcast_episode,False
C012473,podcast_episode,True
C020017,song,False
C006642,song,False
C018161,podcast_episode,True
C029225,podcast_episode,False
C019090,song,False
C012531,podcast_episode,True
C024225,podcast_episode,False
C012444,song,False
C017930,podcast_episode,True
C028242,album,False
C029388,podcast_episode,True
C008494,song,True
C005918,song,True
C031324,song,False
C022102,song,True
C017756,song,True
C022630,podcast_episode,False
C015664,song,False
C001073,song,False
C023968,song,True
C023048,podcast_episode,False
C007710,podcast_episode,False
C016423,song,False
C014694,song,False
C028379,song,False
C006982,album,False
C021184,song,False
C010811,song,False
C016541,song,False
C016421,song,False
C004549,podcast_episode,False
C015577,album,False
C025948,podcast_episode,False
C019792,podcast_episode,True
C008877,podcast_episode,False
C003938,album,False
C007440,song,True
C006660,song,True
C013626,podcast_episode,False
C008500,song,False
C010977,song,False
C009399,podcast_episode,True
C026387,song,False
C014076,podcast_episode,False
C011325,song,False
C014877,song,False
C005181,song,False
C028365,song,False
C010942,podcast_episode,False
C030173,podcast_episode,False
C014668,album,True
C030083,podcast_episode,False
C023037,song,False
C015355,song,False
C033605,song,True
C028484,podcast_episode,True
C011157,song,False
C004978,song,True
C017528,podcast_episode,True
C012329,podcast_episode,False
C014674,song,False
C031140,song,True
C020000,podcast_episode,False
C004316,podcast_episode,True
C006785,podcast_episode,False
C013711,song,True
C005293,song,False
C014201,podcast_episode,False
C016924,song,True
C026449,podcast_episode,False
C000750,podcast_episode,False
C032009,song,False
C005602,song,True
C002055,album,False
C008702,podcast_episode,False
C009976,song,False
C018751,song,False
C015656,song,False
C009265,podcast_episode,True
C021369,album,True
C017828,audiobook,False
C027059,album,False
C026613,song,False
C010689,song,False
C008186,song,True
C023286,song,False
C007100,song,True
C012266,song,False
C028319,podcast_episode,True
C019746,album,False
C018278,podcast_episode,False
C018458,song,True
C014188,audiobook,True
C011280,album,False
C030647,song,False
C016636,podcast_episode,True
C020269,song,False
C005901,song,True
C005705,podcast_episode,False
C016515,song,False
C008367,song,False
C021442,podcast_episode,False
C002234,album,False
C008968,podcast_episode,True
C013442,song,True
C006461,song,False
C002166,podcast_episode,False
C005014,album,False
C007462,song,False
C021863,song,False
C013307,podcast_episode,True
C030144,song,True
C027025,album,False
C027021,podcast_episode,False
C012279,audiobook,False
C005261,podcast_episode,True
C006920,song,False
C009330,podcast_episode,True
C008094,song,False
C020557,podcast_episode,False
C008470,song,False
C015951,song,False
C020732,album,False
C029294,song,True
C002097,podcast_episode,False
C007514,podcast_episode,True
C005943,album,False
C021406,podcast_episode,False
C013206,song,True
C003499,album,False
C002918,podcast_episode,False
C007006,podcast_episode,False
C022971,song,False
C017032,song,False
C024965,song,False
C010763,podcast_episode,False
C012337,song,True
C011794,podcast_episode,False
C007287,song,False
C014216,podcast_episode,True
C004584,song,False
C011701,podcast_episode,False
C033150,podcast_episode,True
C017217,song,False
C006950,podcast_episode,True
C001034,album,False
C029787,song,True
C019072,podcast_episode,False
C005241,podcast_episode,False
C010527,album,False
C013677,song,True
C021721,song,True
C029768,album,True
C016308,audiobook,False
C012244,podcast_episode,False
C010879,song,False
C018669,song,False
C029126,podcast_episode,True
C007258,song,False
C015725,podcast_episode,True
C028386,podcast_episode,False
C023878,podcast_episode,False
C029545,song,False
C014902,song,False
C009650,podcast_episode,False
C030012,song,True
C002861,song,True
C024331,audiobook,True
C006196,song,False
C022518,podcast_episode,False
C030501,song,False
C013916,podcast_episode,False
C018475,song,True
C016342,song,False
C023139,song,True
C000721,podcast_episode,False
C012746,song,True
C007919,podcast_episode,False
C008708,podcast_episode,True
C008162,song,False
C004260,album,False
C029579,podcast_episode,False
C004927,song,True
C020953,song,False
C015169,song,False
C001272,song,True
C008721,song,True
C007644,song,False
C012747,song,False
C006218,song,True
C010080,audiobook,True
C000571,album,False
C022972,song,False
C005126,song,False
C012514,song,False
C008834,podcast_episode,True
C028276,song,False
C021421,song,False
C004481,podcast_episode,False
C010692,song,False
C026084,podcast_episode,False
C006303,audiobook,False
C008680,song,True
C006753,audiobook,False
C010903,song,False
C031304,podcast_episode,True
C005032,podcast_episode,False
C000314,song,False
C028481,album,False
C004076,song,False
C002397,song,False
C026798,podcast_episode,False
C016100,song,True
C001075,song,True
C019444,podcast_episode,True
C008118,podcast_episode,False
C025912,song,True
C008792,podcast_episode,False
C007838,podcast_episode,False
C026537,album,False
C001229,song,True
C028825,song,False
C016707,song,False
C032151,podcast_episode,True
C021708,audiobook,False
C016240,song,True
C017266,song,False
C001016,song,False
C011448,podcast_episode,False
C004919,song,True
C031699,album,False
C019058,podcast_episode,True
C020549,song,False
C021598,album,False
C025207,song,True
C030387,song,False
C008934,podcast_episode,True
C011692,song,False
C001958,album,True
C029625,podcast_episode,False
C031431,song,False
C023806,song,True
C024940,podcast_episode,True
C015026,song,False
C000152,podcast_episode,True
C014866,podcast_episode,False
C023829,song,False
C002223,podcast_episode,False
C029806,audiobook,False
C014762,song,False
C024083,song,False
C033644,album,False
C007741,podcast_episode,True
C021055,song,False
C007966,podcast_episode,True
C008479,song,False
C010057,song,False
C026348,album,False
C004130,song,True
C028077,album,True
C000024,album,True
C002061,song,False
C016672,song,True
C020608,album,False
C025120,song,False
C014786,album,False
C011195,song,False
C010775,song,False
C003931,song,False
C017111,podcast_episode,True
C017325,podcast_episode,True
C005847,song,True
C026691,song,False
C022460,podcast_episode,False
C008369,song,True
C022757,podcast_episode,False
C011523,song,False
C014815,podcast_episode,False
C016151,podcast_episode,True
C005956,song,False
C032806,album,False
C022724,song,False
C025231,song,False
C010787,podcast_episode,False
C013821,song,True
C033828,album,False
C006384,album,True
C030813,album,False
C030035,audiobook,False
C021784,song,True
C013953,podcast_episode,False
C016839,podcast_episode,False
C015103,song,False
C022867,podcast_episode,True
C023134,song,False
C005867,song,True
C008657,song,True
C012548,song,True
C020771,song,False
C011534,song,False
C017218,song,False
C025170,song,True
C030904,podcast_episode,True
C026951,podcast_episode,False
C008029,song,False
C028710,song,True
C023141,song,False
C010575,song,False
C030257,song,False
C031998,album,False
C005038,podcast_episode,False
C018742,song,False
C001151,song,True
C003988,song,False
C009209,song,False
C003413,song,False
C015671,song,False
C010027,song,False
C025659,song,True
C018640,podcast_episode,False
C027815,podcast_episode,False
C033096,song,True
C027235,podcast_episode,False
C006037,podcast_episode,True
C014458,album,False
C021333,song,True
C022723,song,False
C030667,song,False
C022141,song,False
C028293,song,False
C012570,song,True
C026664,song,False
C013776,podcast_episode,False
C000778,podcast_episode,False
C023233,song,False
C010324,song,False
C010737,song,False
C011924,song,False
C000120,song,True
C001519,song,False
C024049,podcast_episode,True
C026180,audiobook,True
C007789,song,False
C015519,podcast_episode,False
C028520,podcast_episode,False
C004736,song,False
C027221,song,False
C025448,podcast_episode,False
C025714,song,False
C019185,song,False
C025199,song,False
C024576,podcast_episode,False
C017426,song,True
C003482,song,False
C023230,song,False
C025762,podcast_episode,True
C029140,audiobook,False
C015345,podcast_episode,True
C007888,song,True
C016858,audiobook,False
C023088,song,True
C009041,song,False
C021818,album,False
C020519,song,False
C031498,podcast_episode,True
C020821,podcast_episode,False
C000013,song,False
C013828,song,False
C032569,song,True
C028997,song,False
C008873,song,True
C009273,podcast_episode,False
C016134,podcast_episode,False
C022453,podcast_episode,False
C032321,podcast_episode,False
C025645,song,True
C014916,song,False
C022890,podcast_episode,False
C032741,podcast_episode,True
C022740,podcast_episode,False
C023038,podcast_episode,False
C000282,podcast_episode,True
C016498,podcast_episode,True
C004844,song,False
C023910,song,False
C021425,audiobook,True
C012779,podcast_episode,False
C013163,album,True
C031761,song,False
C024209,podcast_episode,False
C030640,song,True
C018795,song,True
C029563,song,False
C008907,song,False
C010256,audiobook,False
C031220,podcast_episode,False
C001399,podcast_episode,False
C004709,song,False
C024689,podcast_episode,False
C023431,song,True
C014809,song,False
C017249,song,False
C029780,podcast_episode,False
C024859,song,False
C026420,album,False
C012364,song,False
C003002,song,True
C022734,song,True
C031189,song,False
C016732,song,False
C032204,album,True
C012858,podcast_episode,True
C001813,song,False
C022998,song,False
C024762,song,False
C031758,podcast_episode,False
C015795,song,False
C025039,podcast_episode,True
C004764,podcast_episode,True
C010662,podcast_episode,False
C017124,podcast_episode,True
C005354,song,True
C007094,song,True
C032423,song,False
C011824,podcast_episode,True
C017253,podcast_episode,False
C031932,song,False
C001847,podcast_episode,True
C011564,podcast_episode,False
C003851,song,False
C027685,song,False
C010951,song,True
C023474,song,False
C029807,podcast_episode,True
C014782,song,True
C004459,song,False
C032158,song,False
C026919,song,False
C024567,song,False
C025846,song,True
C025157,song,False
C015489,song,False
C010032,song,False
C000538,song,False
C033004,podcast_episode,False
C000993,podcast_episode,True
C014399,song,False
C030231,song,True
C030507,song,False
C021654,album,True
C008972,audiobook,False
C018124,song,False
C008457,song,False
C015906,audiobook,False
C019747,podcast_episode,False
C016722,song,True
C008892,album,False
C001270,song,True
C009526,podcast_episode,False
C024196,song,False
C004816,song,False
C019323,podcast_episode,True
C002801,song,False
C023116,podcast_episode,False
C005688,song,True
C010446,song,True
C027504,song,False
C031463,song,True
C001689,podcast_episode,False
C027391,song,True
C013364,song,False
C016921,podcast_episode,False
C021785,podcast_episode,True
C025371,podcast_episode,True
C015926,song,True
C022041,song,True
C011944,song,False
C009684,song,False
C003369,audiobook,True
C031841,podcast_episode,False
C010976,podcast_episode,False
C015700,song,False
C002305,podcast_episode,True
C022341,podcast_episode,False
C021634,song,False
C019782,song,False
C000353,podcast_episode,False
C026885,podcast_episode,False
C008414,song,False
C025056,song,True
C033117,song,False
C005111,song,False
C002643,song,True
C033717,song,True
C023062,podcast_episode,False
C029139,podcast_episode,True
C009127,song,True
C018536,podcast_episode,True
C005905,song,False
C028330,song,False
C015097,podcast_episode,False
C022314,song,False
C013891,song,True
C005837,podcast_episode,False
C033236,song,False
C006983,song,True
C004331,song,True
C029942,podcast_episode,False
C001682,song,False
C001495,album,False
C024339,song,True
C024868,podcast_episode,False
C001097,song,False
C013455,song,False
C029424,song,False
C026016,album,True
C026057,song,False
C016615,song,False
C021194,podcast_episode,True
C009592,podcast_episode,False
C027989,song,False
C023927,audiobook,False
C006838,song,True
C027367,song,False
C025479,song,False
C017657,song,False
C012654,podcast_episode,False
C017800,song,False
C027662,song,True
C022533,song,False
C002589,podcast_episode,True
C026000,song,False
C019950,song,False
C008374,podcast_episode,True
C031729,podcast_episode,False
C030469,podcast_episode,False
C023432,song,False
C019276,audiobook,False
C015247,song,True
C029583,podcast_episode,False
C017240,song,False
C021825,podcast_episode,False
C022996,song,False
C003659,song,False
C003934,podcast_episode,False
C028653,album,False
C022854,song,True
C007082,song,True
C024423,podcast_episode,False
C015991,song,True
C005580,podcast_episode,False
C009297,song,False
C018324,podcast_episode,True
C018445,audiobook,False
C024517,podcast_episode,True
C028601,song,False
C021638,audiobook,False
C007116,song,False
C013218,album,False
C020198,song,True
C003798,song,True
C013952,song,False
C033267,song,True
C016767,song,False
C032656,album,True
C011379,album,False
C021884,song,False
C009809,song,False
C019464,song,False
C021606,song,False
C017824,album,True
C031257,song,False
C015768,song,True
C000892,song,False
C027000,podcast_episode,False
C008561,podcast_episode,False
C001419,podcast_episode,False
C010018,podcast_episode,False
C024325,podcast_episode,True
C012092,album,True
C010663,song,True
C029629,podcast_episode,True
C010335,song,False
C010342,podcast_episode,False
C020579,album,False
C014356,podcast_episode,True
C014022,song,True
C026406,song,True
C003359,album,False
C008331,album,True
C010679,podcast_episode,False
C005978,song,False
C015767,podcast_episode,False
C000063,song,True
C003199,song,False
C003155,album,True
C013832,podcast_episode,False
C033122,song,False
C020087,podcast_episode,False
C016743,podcast_episode,True
C025918,podcast_episode,True
C005673,song,True
C018402,song,True
C003923,song,False
C024989,song,True
C003845,song,False
C013710,podcast_episode,False
C019765,podcast_episode,True
C002239,song,False
C006820,podcast_episode,False
C004548,song,False
C007692,album,False
C022424,podcast_episode,False
C015698,song,False
C031589,song,False
C032150,podcast_episode,False
C023903,podcast_episode,True
C030801,album,False
C001851,song,False
C027143,song,True
C018720,song,False
C011004,podcast_episode,False
C000300,audiobook,False
C012356,podcast_episode,False
C007068,podcast_episode,False
C026292,podcast_episode,True
C006091,podcast_episode,False
C004994,podcast_episode,False
C022481,song,False
C005531,song,False
C005703,podcast_episode,False
C014673,song,False
C004716,song,False
C000801,song,True
C008274,song,False
C029042,album,False
C020928,song,False
C018765,song,True
C010412,podcast_episode,True
C004583,album,False
C017469,song,True
C009315,podcast_episode,False
C019047,podcast_episode,False
C019295,song,True
C024783,song,False
C021281,song,False
C018279,song,False
C030045,podcast_episode,False
C029267,podcast_episode,False
C032361,song,False
C028820,podcast_episode,False
C005287,song,False
C015372,song,False
C033384,podcast_episode,False
C016855,album,False
C003395,song,True
C013525,album,False
C012861,song,False
C027209,podcast_episode,True
C003057,audiobook,True
C012074,audiobook,False
C030166,song,False
C025859,podcast_episode,True
C025529,album,True
C012275,song,True
C010362,song,False
C019036,song,False
C012056,podcast_episode,True
C013517,song,False
C001866,song,False
C010570,song,False
C018749,song,False
C017267,song,True
C020697,audiobook,False
C011703,podcast_episode,False
C016499,audiobook,True
C030318,podcast_episode,False
C019918,song,True
C029104,podcast_episode,False
C020210,song,True
C003572,song,False
C000144,song,True
C013568,song,True
C020152,audiobook,True
C018212,song,False
C028688,song,False
C030048,podcast_episode,False
C022346,album,True
C015278,album,False
C019182,song,False
C024219,song,False
C020513,podcast_episode,False
C021227,album,True
C025048,podcast_episode,True
C033244,podcast_episode,False
C006760,song,False
C033473,song,False
C016301,song,True
C010786,song,False
C000354,podcast_episode,True
C017026,podcast_episode,True
C013114,song,False
C012195,song,True
C023153,album,False
C006406,podcast_episode,False
C011859,song,False
C006184,song,False
C020875,song,False
C003891,song,True
C029792,podcast_episode,False
C001279,song,True
C026929,podcast_episode,True
C015655,podcast_episode,False
C019691,song,False
C022080,song,True
C021764,song,True
C025275,podcast_episode,False
C001180,podcast_episode,False
C030021,song,False
C025734,podcast_episode,True
C004732,song,True
C019920,song,False
C022697,audiobook,False
C011295,podcast_episode,True
C000405,podcast_episode,False
C007171,song,False
C031553,song,True
C010326,song,True
C024427,album,False
C029756,podcast_episode,True
C020068,podcast_episode,False
C026437,podcast_episode,True
C018053,song,False
C008775,song,False
C014654,podcast_episode,False
C010154,song,True
C018448,album,False
C019741,audiobook,False
C023726,podcast_episode,False
C002753,song,False
C017209,song,True
C030504,album,False
C026821,podcast_episode,True
C017895,audiobook,True
C007998,podcast_episode,False
C005795,song,False
C007086,song,True
C004485,song,True
C015806,podcast_episode,True
C012353,song,False
C017699,song,False
C007096,song,False
C021823,podcast_episode,False
C015380,song,False
C005501,podcast_episode,True
C024118,song,False
C024341,song,True
C028173,song,False
C029481,podcast_episode,False
C019492,podcast_episode,True
C020945,audiobook,False
C016532,album,False
C007632,podcast_episode,False
C031954,album,True
C019679,song,False
C033165,podcast_episode,False
C010516,podcast_episode,False
C032992,album,True
C028021,song,False
C002479,podcast_episode,False
C029229,audiobook,False
C012252,song,True
C007054,song,True
C002551,song,False
C009643,podcast_episode,False
C019017,podcast_episode,False
C030786,song,True
C033775,song,False
C021048,podcast_episode,False
C022927,podcast_episode,True
C017075,podcast_episode,False
C015324,song,False
C032121,song,True
C028335,album,False
C002046,podcast_episode,False
C020658,song,False
C015633,song,True
C028399,song,False
C010220,podcast_episode,True
C019654,song,False
C007091,song,True
C017908,song,False
C007104,podcast_episode,True
C002828,podcast_episode,False
C008511,podcast_episode,False
C029160,song,False
C030410,song,False
C033232,album,False
C024844,song,True
C024095,audiobook,False
C026314,song,False
C033049,podcast_episode,True
C019910,podcast_episode,False
C013600,song,False
C030915,album,True
C009403,audiobook,False
C005639,podcast_episode,False
C011945,song,True
C000251,song,False
C023833,song,False
C004339,podcast_episode,True
C028586,song,False
C025810,audiobook,False
C027204,song,False
C016161,song,True
C019009,song,True
C004036,podcast_episode,False
C018569,album,False
C033394,podcast_episode,False
C012271,album,False
C030619,song,False
C006977,song,False
C022562,song,False
C004799,album,True
C011438,song,False
C009292,song,False
C031088,song,False
C016581,podcast_episode,True
C031128,podcast_episode,True
C000929,song,False
C020790,song,False
C027386,song,True
C030570,podcast_episode,False
C030571,podcast_episode,False
C001548,podcast_episode,True
C012489,podcast_episode,False
C012495,song,True
C022733,podcast_episode,False
C020475,audiobook,False
C017126,podcast_episode,False
C014190,podcast_episode,False
C009264,song,True
C023518,song,False
C021940,song,False
C026490,podcast_episode,False
C029894,song,False
C016565,song,False
C030367,podcast_episode,False
C017752,song,True
C019826,song,True
C013543,album,True
C000253,song,False
C019381,song,False
C031466,song,False
C018139,song,False
C006695,song,False
C031000,song,False
C033345,song,False
C020052,song,False
C012233,song,False
C032436,album,True
C003997,podcast_episode,True
C011155,podcast_episode,False
C027778,song,True
C023146,podcast_episode,False
C030137,audiobook,False
C030771,song,False
C013566,song,False
C021754,audiobook,False
C019419,album,False
C030936,podcast_episode,False
C031456,podcast_episode,True
C003206,podcast_episode,True
C001806,podcast_episode,False
C005689,song,False
C014208,album,False
C033010,song,True
C033282,album,False
C010500,podcast_episode,False
C019240,song,True
C015724,song,False
C028427,song,False
C026501,podcast_episode,True
C020929,album,False
C017079,podcast_episode,False
C011916,song,False
C017834,song,False
C029180,podcast_episode,True
C011671,audiobook,False
C030274,podcast_episode,False
C031224,album,False
C028564,song,False
C033371,song,False
C017314,song,True
C025671,song,False
C027424,song,True
C000267,podcast_episode,False
C008424,album,False
C011326,song,True
C020214,song,False
C032673,podcast_episode,False
C025755,podcast_episode,False
C009553,podcast_episode,True
C022201,podcast_episode,False
C011624,podcast_episode,True
C002904,podcast_episode,True
C001588,song,False
C010701,podcast_episode,True
C009077,podcast_episode,False
C018927,podcast_episode,False
C014935,album,False
C006924,song,False
C002049,song,False
C031130,album,False
C030621,song,False
C010740,podcast_episode,False
C031049,song,False
C000269,song,False
C016219,album,True
C032015,song,True
C016969,song,False
C015414,song,False
C002186,podcast_episode,True
C005001,podcast_episode,False
C008870,song,False
C009870,song,True
C032874,audiobook,False
C023358,song,True
C028925,podcast_episode,True
C020132,podcast_episode,True
C013192,audiobook,False
C031965,audiobook,True
C011631,song,False
C020981,song,False
C025568,song,True
C023647,podcast_episode,False
C033054,song,True
C024449,podcast_episode,True
C004907,podcast_episode,False
C002906,podcast_episode,False
C030946,podcast_episode,False
C032045,song,False
C026846,podcast_episode,False
C014018,audiobook,False
C018564,song,False
C013412,song,True
C013085,audiobook,False
C029505,podcast_episode,False
C003779,album,False
C012296,song,False
C005189,song,False
C002362,song,True
C024871,song,True
C010149,podcast_episode,True
C016504,song,True
C017333,song,False
C025724,song,False
C029526,song,False
C005113,podcast_episode,False
C016716,song,False
C031782,podcast_episode,False
C017571,podcast_episode,False
C022285,song,True
C025913,song,False
C024800,song,True
C012798,album,False
C010677,song,False
C017323,album,True
C025404,podcast_episode,False
C011642,podcast_episode,True
C008017,podcast_episode,True
C019405,song,False
C013563,song,True
C027520,song,True
C010003,song,False
C021914,song,False
C005756,song,True
C025172,song,False
C029061,song,False
C013023,podcast_episode,True
C022070,song,False
C031748,podcast_episode,False
C008935,song,False
C007034,podcast_episode,True
C030858,song,False
C006357,podcast_episode,True
C024590,song,False
C011896,song,False
C019150,song,False
C016211,song,True
C026404,song,False
C014959,podcast_episode,True
C001523,song,False
C018629,podcast_episode,True
C018177,podcast_episode,True
C013375,song,False
C003149,song,False
C006140,song,True
C029450,song,False
C004421,song,False
C001994,song,False
C027647,song,True
C016863,song,False
C018106,song,True
C023462,podcast_episode,False
C004541,podcast_episode,True
C033443,album,True
C007490,audiobook,False
C010004,song,True
C008931,podcast_episode,False
C024479,podcast_episode,False
C022441,podcast_episode,False
C016330,podcast_episode,False
C031278,podcast_episode,False
C016630,song,True
C013474,podcast_episode,True
C011724,podcast_episode,False
C003122,song,False
C019516,audiobook,True
C016826,song,False
C013728,podcast_episode,False
C024328,podcast_episode,False
C018914,podcast_episode,False
C026069,song,True
C024308,audiobook,True
C012226,song,True
C031780,song,False
C006549,podcast_episode,True
C022477,song,False
C015222,podcast_episode,False
C021751,podcast_episode,True
C008493,podcast_episode,False
C014832,song,False
C014646,song,True
C020123,song,True
C015117,podcast_episode,False
C033704,podcast_episode,False
C032798,song,False
C031600,song,False
C001211,song,False
C010114,podcast_episode,False
C008018,podcast_episode,False
C028347,podcast_episode,True
C022234,podcast_episode,False
C018939,podcast_episode,True
C033630,album,True
C009756,song,False
C014342,song,False
C028368,song,False
C024471,song,True
C000640,song,True
C021136,song,True
C007168,podcast_episode,False
C017085,podcast_episode,True
C029559,podcast_episode,True
C015992,song,False
C011902,song,True
C013079,song,False
C003510,audiobook,True
C006052,song,False
C024120,audiobook,False
C015143,song,True
C010560,song,False
C031897,song,False
C007457,podcast_episode,False
C021766,podcast_episode,False
C028511,song,False
C031688,song,False
C033243,podcast_episode,False
C010961,album,True
C023861,song,False
C015291,audiobook,True
C033174,song,False
C024849,album,True
C032954,song,False
C002197,song,False
C010373,song,True
C000737,song,False
C024570,podcast_episode,False
C023150,song,True
C013800,podcast_episode,False
C016112,song,False
C006211,podcast_episode,False
C032297,song,True
C022849,song,False
C020920,song,False
C033611,song,False
C025901,song,False
C017156,podcast_episode,False
C030702,album,True
C024127,song,False
C011015,album,False
C011134,podcast_episode,True
C016848,song,False
C026646,podcast_episode,False
C013467,song,False
C031173,song,False
C015102,podcast_episode,False
C003513,audiobook,False
C004307,song,False
C020846,album,True
C005073,song,False
C027094,song,False
C014725,album,False
C009582,audiobook,False
C003262,podcast_episode,True
C006372,podcast_episode,False
C020948,podcast_episode,False
C019161,song,False
C002516,podcast_episode,True
C023300,song,False
C020891,song,True
C022079,song,True
C015471,album,True
C028420,podcast_episode,False
C032202,podcast_episode,False
C009493,song,True
C016934,song,False
C031676,song,False
C004529,song,False
C011689,song,False
C027750,song,True
C010694,song,False
C023958,song,True
C028248,album,False
C029110,album,False
C031550,podcast_episode,True
C027213,song,False
C011648,song,False
C032537,song,True
C008156,audiobook,False
C030025,song,True
C001528,song,True
C007782,song,False
C006817,podcast_episode,False
C033869,song,True
C009504,song,False
C002415,song,False
C028958,song,True
C025700,podcast_episode,False
C008015,song,True
C016719,song,False
C018208,song,True
C018603,song,False
C004256,song,False
C003874,song,False
C017801,podcast_episode,False
C010226,song,False
C020784,audiobook,True
C013730,audiobook,True
C027430,song,True
C019055,podcast_episode,True
C023449,album,False
C027925,song,False
C025507,song,True
C027408,song,False
C021841,song,True
C017348,song,True
C008580,podcast_episode,False
C015113,song,False
C033465,podcast_episode,True
C004253,song,False
C002818,audiobook,False
C001262,song,False
C009232,song,False
C022882,song,False
C016325,song,True
C021402,podcast_episode,False
C000133,album,True
C016943,podcast_episode,False
C022274,podcast_episode,False
C024764,song,False
C033167,song,False
C007818,podcast_episode,True
C017645,song,False
C025971,podcast_episode,True
C009943,album,False
C000476,song,True
C023099,podcast_episode,False
C032872,song,False
C011512,song,False
C009097,song,False
C029578,song,True
C004232,podcast_episode,False
C018362,song,False
C000149,album,True
C015691,song,False
C001564,podcast_episode,True
C014932,album,True
C002471,song,False
C025556,podcast_episode,True
C030459,song,False
C025844,podcast_episode,True
C002615,podcast_episode,True
C002866,podcast_episode,False
C023545,song,True
C033541,podcast_episode,False
C021530,song,False
C025535,song,False
C025135,song,False
C024790,album,False
C004675,song,False
C019441,song,True
C004945,song,False
C023082,podcast_episode,False
C025698,audiobook,False
C007503,podcast_episode,False
C017923,song,True
C016153,song,True
C029898,podcast_episode,False
C030558,podcast_episode,False
C001094,song,True
C026536,audiobook,True
C015006,podcast_episode,False
C007693,song,False
C008682,audiobook,False
C022109,song,False
C019384,song,False
C027428,podcast_episode,False
C023648,song,False
C006693,song,False
C022310,song,False
C010094,podcast_episode,False
C004565,podcast_episode,False
C010084,song,False
C030896,podcast_episode,False
C011947,podcast_episode,True
C026444,song,False
C031159,song,False
C012223,podcast_episode,True
C010538,podcast_episode,True
C005603,podcast_episode,False
C017300,song,False
C001846,podcast_episode,True
C026003,song,False
C028219,podcast_episode,False
C032037,podcast_episode,False
C027448,song,False
C021011,audiobook,False
C012783,song,True
C015681,song,True
C015306,song,True
C033856,song,False
C023489,song,False
C002851,song,True
C013687,podcast_episode,True
C013377,podcast_episode,True
C009010,podcast_episode,True
C031156,song,False
C016774,podcast_episode,True
C025280,podcast_episode,False
C014058,podcast_episode,True
C026850,podcast_episode,False
C010995,podcast_episode,True
C013746,song,False
C022303,song,False
C012322,song,True
C029120,song,True
C026675,podcast_episode,False
C027751,audiobook,True
C022587,song,True
C017569,song,True
C030861,podcast_episode,True
C022614,album,False
C006236,song,False
C008880,song,False
C017396,song,False
C022097,podcast_episode,False
C026367,song,False
C023890,song,False
C007233,song,True
C014024,podcast_episode,False
C020707,album,True
C010179,song,True
C010042,audiobook,False
C028718,album,False
C033242,audiobook,False
C024254,song,False
C015354,podcast_episode,True
C006247,song,True
C013689,album,False
C009093,podcast_episode,False
C002895,podcast_episode,True
C013660,album,False
C014841,song,True
C029926,song,False
C030400,song,True
C018259,podcast_episode,False
C015549,podcast_episode,False
C021645,song,False
C021911,song,False
C023240,song,False
C013933,song,True
C018633,song,False
C006531,song,True
C017896,song,False
C029669,song,True
C003448,song,True
C024044,song,True
C029757,podcast_episode,False
C008241,podcast_episode,False
C006590,song,False
C000480,podcast_episode,False
C031927,song,True
C020910,podcast_episode,False
C022338,song,False
C033548,song,True
C017898,podcast_episode,False
C032172,podcast_episode,True
C028394,podcast_episode,False
C013785,song,True
C011570,podcast_episode,True
C033538,song,False
C028676,podcast_episode,False
C029809,song,False
C003789,audiobook,True
C032697,podcast_episode,True
C001829,song,False
C012067,podcast_episode,False
C032449,song,True
C014174,podcast_episode,True
C022229,song,False
C030256,podcast_episode,True
C027188,song,False
C024600,song,False
C029955,podcast_episode,False
C015892,album,True
C024110,podcast_episode,False
C025965,song,True
C007101,song,False
C020518,album,False
C015565,podcast_episode,False
C008782,song,True
C018620,song,False
C007326,podcast_episode,True
C027901,podcast_episode,False
C029912,podcast_episode,False
C018426,song,True
C023157,podcast_episode,False
C000685,song,False
C007296,song,False
C025686,podcast_episode,False
C005285,song,False
C006826,podcast_episode,False
C021744,song,False
C017916,podcast_episode,False
C012389,podcast_episode,True
C023693,song,False
C006689,song,False
C002275,podcast_episode,True
C020635,song,False
C014971,podcast_episode,True
C003786,song,False
C013292,podcast_episode,False
C002035,song,False
C006222,podcast_episode,True
C032252,podcast_episode,False
C029295,podcast_episode,True
C008240,song,False
C011494,podcast_episode,True
C023297,song,False
C022896,podcast_episode,True
C031536,song,False
C009336,song,False
C018766,song,True
C014834,song,False
C025331,song,False
C003184,song,False
C016706,podcast_episode,False
C003095,album,False
C030584,podcast_episode,False
C030397,song,True
C016332,podcast_episode,False
C028747,song,False
C029348,song,False
C025173,podcast_episode,False
C033305,song,False
C026358,song,False
C004164,podcast_episode,False
C017946,audiobook,False
C021669,podcast_episode,False
C001594,song,False
C013706,album,False
C013504,song,False
C023723,song,True
C026371,podcast_episode,False
C024579,podcast_episode,False
C026769,song,False
C016230,audiobook,False
C002783,album,True
C032598,podcast_episode,True
C009486,podcast_episode,False
C013516,song,True
C010021,song,True
C009795,song,False
C015552,song,True
C023823,song,False
C014987,song,False
C007429,podcast_episode,False
C008456,song,True
C030375,podcast_episode,False
C018447,song,False
C015422,podcast_episode,True
C031775,song,False
C010858,song,False
C017166,album,True
C004786,song,False
C017728,song,False
C020384,song,False
C013991,song,False
C008050,song,False
C030766,song,False
C027127,song,True
C024312,song,False
C014061,song,False
C014273,song,True
C000247,podcast_episode,True
C026315,podcast_episode,False
C015598,podcast_episode,False
C026742,album,True
C028005,podcast_episode,False
C012237,song,False
C023608,song,True
C005099,song,False
C029254,song,True
C012764,podcast_episode,True
C006788,song,False
C003383,song,False
C019756,audiobook,False
C014621,song,False
C003370,podcast_episode,True
C016919,song,False
C033567,song,True
C020840,album,False
C025484,song,False
C019803,song,False
C018915,song,True
C032251,podcast_episode,False
C014361,podcast_episode,False
C014089,song,False
C003254,song,False
C004184,podcast_episode,False
C010295,podcast_episode,False
C005599,song,True
C007754,song,True
C015048,song,True
C029857,album,True
C008428,audiobook,True
C004936,podcast_episode,False
C018958,song,False
C015657,podcast_episode,True
C001327,podcast_episode,False
C001759,song,True
C009527,podcast_episode,False
C017803,podcast_episode,False
C016971,podcast_episode,False
C007854,podcast_episode,True
C025233,album,False
C011934,song,False
C022055,song,False
C009598,song,False
C026462,podcast_episode,False
C011099,song,False
C013096,album,False
C011237,song,False
C008763,podcast_episode,False
C033852,podcast_episode,True
C005390,song,False
C003834,song,True
C013841,song,False
C007551,song,False
C028340,song,False
C015120,podcast_episode,True
C000963,album,False
C028366,song,True
C002141,podcast_episode,True
C003717,song,True
C001513,podcast_episode,True
C012929,song,False
C032017,song,False
C019530,song,False
C003043,podcast_episode,False
C003121,song,False
C007480,album,False
C032714,song,False
C005506,podcast_episode,True
C018622,song,False
C022847,podcast_episode,True
C009719,song,True
C019420,song,False
C016119,podcast_episode,True
C008244,song,False
C030151,audiobook,False
C025228,song,True
C010184,song,True
C009739,song,False
C020496,song,False
C007393,song,False
C022693,song,True
C032514,audiobook,False
C028590,album,False
C008128,podcast_episode,True
C012184,song,False
C009395,audiobook,False
C004268,song,False
C022862,podcast_episode,False
C012192,podcast_episode,False
C031357,song,False
C000840,song,False
C025341,podcast_episode,False
C020301,audiobook,False
C023570,song,True
C008323,album,False
C033095,song,True
C027403,song,True
C010862,podcast_episode,False
C015336,song,False
C025903,song,False
C015219,song,False
C022247,podcast_episode,False
C021872,podcast_episode,True
C018898,song,False
C027974,song,True
C015100,song,False
C026776,album,False
C011634,audiobook,False
C013603,song,False
C017060,album,False
C001147,song,False
C031358,song,False
C003592,podcast_episode,False
C012718,song,False
C017473,song,False
C024757,song,True
C024778,podcast_episode,False
C009718,podcast_episode,True
C020501,song,False
C024313,podcast_episode,True
C004967,podcast_episode,False
C029514,podcast_episode,False
C031229,song,True
C011977,podcast_episode,True
C011759,song,False
C021460,song,False
C028510,podcast_episode,False
C010439,album,False
C009682,podcast_episode,False
C028768,album,False
C026127,podcast_episode,False
C004313,song,True
C024122,podcast_episode,True
C003515,song,False
C022681,podcast_episode,True
C018274,song,False
C033826,song,False
C000581,podcast_episode,False
C005415,song,False
C013115,podcast_episode,True
C029456,song,False
C023295,podcast_episode,True
C014511,song,False
C032056,song,False
C028384,song,False
C016805,song,True
C011405,song,True
C025992,song,True
C033578,song,True
C025639,podcast_episode,False
C005750,song,False
C023998,song,False
C025575,song,False
C005638,album,False
C008275,song,False
C014004,song,True
C028186,podcast_episode,True
C020122,podcast_episode,True
C029473,song,False
C029675,song,False
C009675,album,True
C024529,audiobook,False
C024595,podcast_episode,False
C030201,song,False
C004464,song,False
C025658,song,True
C020681,podcast_episode,True
C013498,podcast_episode,True
C014868,song,False
C029700,podcast_episode,False
C028924,song,False
C021504,song,False
C004299,podcast_episode,False
C027690,album,True
C016159,song,False
C015602,song,False
C008151,album,False
C015668,song,False
C031919,podcast_episode,False
C026468,song,True
C012928,song,True
C011617,song,False
C023345,podcast_episode,False
C008303,song,False
C016109,song,False
C026476,song,False
C017387,podcast_episode,True
C029576,song,False
C018870,podcast_episode,True
C011677,song,False
C012285,album,False
C020687,podcast_episode,False
C027837,podcast_episode,False
C032627,song,True
C030753,album,False
C028603,song,False
C007219,song,False
C022687,song,True
C008486,album,True
C007032,podcast_episode,False
C004842,song,False
C003787,song,False
C014118,podcast_episode,False
C004020,song,True
C029329,podcast_episode,False
C033294,song,False
C002523,podcast_episode,True
C005621,album,False
C022360,song,True
C003473,podcast_episode,True
C025290,song,False
C015881,podcast_episode,False
C010532,podcast_episode,True
C028912,album,False
C008953,song,False
C002193,album,True
C014354,podcast_episode,False
C033783,podcast_episode,False
C010844,song,False
C012510,podcast_episode,False
C013047,song,False
C017739,song,False
C011374,song,True
C027722,song,False
C006201,song,False
C005430,audiobook,False
C026007,album,False
C012379,podcast_episode,True
C033197,song,False
C014293,album,False
C004784,podcast_episode,True
C007254,album,True
C003422,podcast_episode,False
C017682,podcast_episode,True
C018230,podcast_episode,True
C011932,album,False
C028162,song,False
C018852,album,False
C017289,song,False
C012971,song,False
C010176,audiobook,True
C027835,song,False
C007902,album,True
C033546,song,False
C019203,song,False
C002922,song,False
C031549,song,True
C002776,song,False
C029917,audiobook,True
C009100,audiobook,False
C012910,song,True
C003185,audiobook,False
C014712,song,False
C031849,song,False
C014260,song,False
C014730,song,True
C021499,song,False
C015789,audiobook,False
C019976,song,False
C004633,song,False
C010350,audiobook,False
C030749,podcast_episode,True
C025622,song,True
C024492,song,True
C015810,podcast_episode,True
C011262,song,False
C018395,podcast_episode,False
C011239,song,False
C021646,podcast_episode,False
C007830,audiobook,False
C011789,song,True
C031459,song,False
C032745,podcast_episode,True
C018020,podcast_episode,False
C030842,podcast_episode,True
C011439,album,False
C027258,album,False
C000384,song,False
C029652,song,False
C026260,album,False
C018340,song,True
C024675,song,False
C021596,podcast_episode,False
C023868,audiobook,True
C024111,album,True
C016471,song,False
C029015,podcast_episode,False
C011266,song,True
C021775,podcast_episode,True
C015307,album,True
C020110,podcast_episode,True
C033324,album,False
C008525,song,False
C012294,song,False
C025571,song,False
C025999,album,True
C016362,song,False
C001087,song,True
C007738,song,False
C020128,album,False
C005344,podcast_episode,True
C009255,song,False
C003893,song,False
C013327,podcast_episode,False
C018627,song,True
C008475,song,False
C013019,song,False
C021684,podcast_episode,False
C026250,song,True
C026914,album,False
C020113,song,False
C004685,podcast_episode,True
C010709,song,False
C016544,song,False
C016666,song,True
C026261,song,False
C020149,song,False
C032541,album,False
C021060,song,False
C025750,podcast_episode,False
C023223,audiobook,False
C004011,podcast_episode,False
C013334,song,False
C004499,podcast_episode,False
C032797,podcast_episode,False
C021392,song,False
C014357,song,False
C022748,song,False
C008547,song,True
C004135,song,True
C005456,song,False
C033768,song,True
C012278,podcast_episode,True
C012320,podcast_episode,False
C020036,song,True
C006892,song,False
C010940,podcast_episode,False
C009465,album,False
C023656,podcast_episode,True
C008075,song,True
C013139,podcast_episode,False
C007184,song,False
C007983,song,True
C030833,audiobook,True
C026889,song,True
C022266,song,False
C027361,song,False
C022957,song,True
C031327,song,True
C026705,podcast_episode,False
C017795,song,False
C022581,song,False
C008998,song,False
C006468,song,False
C026856,song,False
C008669,song,False
C013804,song,True
C009331,song,True
C017680,song,False
C021409,song,False
C023446,album,False
C028844,song,False
C005509,podcast_episode,False
C031759,song,True
C028990,podcast_episode,False
C005331,song,False
C007511,song,True
C023841,podcast_episode,False
C004147,podcast_episode,True
C006941,podcast_episode,False
C032472,song,True
C012591,song,True
C026667,podcast_episode,False
C010683,podcast_episode,False
C007061,song,False
C021120,song,False
C022436,audiobook,True
C012736,song,True
C006268,song,False
C004165,song,True
C021045,podcast_episode,False
C019957,audiobook,True
C006457,album,True
C010917,album,False
C020655,song,True
C004591,song,False
C013048,song,True
C016926,song,False
C016028,album,False
C002139,album,False
C002102,podcast_episode,False
C009385,podcast_episode,False
C033392,song,False
C012178,song,True
C022532,song,False
C005583,podcast_episode,False
C026067,song,False
C004903,album,False
C033367,song,False
C028767,song,False
C028316,song,False
C010423,song,False
C000448,podcast_episode,False
C009013,podcast_episode,True
C003102,album,False
C021493,podcast_episode,False
C007731,podcast_episode,False
C003256,podcast_episode,True
C018220,podcast_episode,False
C016867,audiobook,False
C007191,song,True
C018989,song,True
C023145,song,False
C008296,podcast_episode,False
C004804,audiobook,False
C021110,song,False
C010294,song,True
C002040,song,True
C006674,song,True
C020548,album,True
C024671,album,False
C026992,song,True
C021687,song,False
C024161,song,False
C005575,song,True
C005737,podcast_episode,False
C009695,song,False
C011104,song,False
C010943,song,False
C018624,podcast_episode,False
C012399,podcast_episode,False
C001357,song,False
C001451,podcast_episode,True
C019505,song,False
C011352,song,False
C031621,song,False
C014283,album,True
C033520,song,False
C014937,podcast_episode,False
C002917,song,True
C002788,song,False
C017768,song,True
C010910,podcast_episode,False
C025657,song,False
C024955,song,True
C013722,song,False
C002361,song,True
C010658,podcast_episode,True
C026688,song,False
C031770,song,True
C019116,song,True
C019979,song,False
C000682,song,False
C011186,song,True
C021353,song,False
C002969,podcast_episode,False
C000973,song,False
C017042,podcast_episode,True
C031399,album,True
C011137,song,True
C017165,podcast_episode,False
C002419,song,False
C002983,podcast_episode,False
C004190,song,False
C006245,song,True
C014218,song,False
C003896,song,True
C012075,song,False
C018596,podcast_episode,False
C020235,song,False
C015036,podcast_episode,True
C003110,song,True
C013266,album,True
C032296,song,False
C027018,album,False
C004535,song,True
C002148,album,False
C017544,podcast_episode,True
C016144,album,True
C001163,album,False
C027318,podcast_episode,False
C016382,audiobook,False
C010367,podcast_episode,True
C010238,podcast_episode,True
C027609,podcast_episode,False
C010401,song,False
C008361,song,False
C021926,song,True
C023758,album,False
C029861,podcast_episode,False
C002690,song,True
C020067,album,False
C011078,album,True
C012315,podcast_episode,False
C013604,song,False
C014779,song,False
C021694,song,False
C031617,song,False
C012540,podcast_episode,True
C009375,album,False
C014839,song,False
C009534,podcast_episode,True
C013444,podcast_episode,True
C030547,podcast_episode,True
C014672,album,False
C029312,album,False
C007372,podcast_episode,False
C022251,song,False
C027063,audiobook,True
C027578,song,True
C008090,album,False
C025149,song,False
C028467,podcast_episode,False
C032491,song,True
C004215,song,False
C010633,song,False
C021927,podcast_episode,False
C001756,podcast_episode,True
C001919,song,True
C006046,podcast_episode,True
C013378,song,False
C030635,song,False
C001872,song,False
C027125,song,True
C013140,song,False
C012018,podcast_episode,False
C013152,podcast_episode,False
C022831,album,True
C017382,song,True
C006779,song,False
C023042,song,True
C007779,podcast_episode,True
C023203,song,False
C015041,podcast_episode,False
C026063,podcast_episode,False
C031603,podcast_episode,False
C000518,podcast_episode,False
C024559,song,True
C010217,podcast_episode,True
C006511,song,True
C011176,album,False
C029781,song,False
C025093,song,True
C027120,song,True
C029394,podcast_episode,False
C032038,audiobook,True
C000542,song,False
C010629,podcast_episode,False
C004969,podcast_episode,False
C007714,song,False
C002496,podcast_episode,False
C000710,song,False
C010713,album,False
C029006,song,True
C032724,podcast_episode,False
C019253,album,False
C013321,song,False
C030183,podcast_episode,True
C019899,podcast_episode,False
C004634,song,False
C014707,album,False
C005017,song,False
C000788,song,False
C026928,podcast_episode,True
C005030,album,False
C013326,song,True
C024728,song,False
C008527,podcast_episode,False
C001771,song,False
C009234,song,False
C007716,podcast_episode,True
C019547,song,False
C020031,song,False
C022154,song,False
C010789,audiobook,True
C017701,song,True
C019339,song,True
C001395,song,True
C023248,song,False
C012688,song,True
C021698,podcast_episode,False
C002752,song,False
C019573,song,False
C010167,album,True
C010594,song,False
C020262,audiobook,False
C025963,podcast_episode,True
C032614,song,True
C019700,song,True
C009933,song,False
C010972,song,True
C029399,album,True
C006371,song,False
C004417,podcast_episode,False
C002893,podcast_episode,False
C025576,podcast_episode,False
C010329,song,False
C021249,album,False
C009907,song,True
C002012,song,False
C007952,song,False
C030149,audiobook,False
C025328,podcast_episode,False
C003357,song,False
C019735,album,False
C020674,song,False
C023920,song,False
C032716,song,False
C000102,song,True
C029734,podcast_episode,True
C029755,song,False
C015586,song,True
C025905,podcast_episode,True
C017095,podcast_episode,False
C026506,song,True
C031419,song,False
C019924,song,False
C031608,song,True
C000113,song,False
C004216,podcast_episode,True
C020142,podcast_episode,False
C006163,podcast_episode,False
C004066,song,False
C030263,song,True
C008168,podcast_episode,False
C001834,audiobook,False
C003180,song,False
C025294,song,True
C007338,song,False
C007634,song,True
C020141,podcast_episode,True
C033655,song,True
C025794,podcast_episode,False
C030897,podcast_episode,False
C015643,album,False
C023610,podcast_episode,False
C022725,album,False
C019335,album,True
C027833,podcast_episode,True
C007037,audiobook,False
C000754,song,False
C028472,song,False
C018017,song,False
C000228,song,False
C018798,podcast_episode,True
C025710,podcast_episode,False
C029665,audiobook,False
C032090,podcast_episode,False
C001555,podcast_episode,False
C027468,podcast_episode,False
C012954,audiobook,False
C012474,song,True
C012199,podcast_episode,True
C018202,podcast_episode,False
C031599,song,True
C004906,album,True
C019898,song,True
C020760,podcast_episode,False
C003457,album,False
C002772,song,False
C031972,song,True
C021709,song,False
C009612,song,True
C003411,podcast_episode,False
C001410,podcast_episode,False
C012286,song,False
C008795,podcast_episode,False
C032686,song,False
C015827,song,True
C017160,song,False
C033085,podcast_episode,True
C015083,song,False
C004559,song,False
C021008,podcast_episode,True
C013997,song,True
C028782,song,True
C000101,song,True
C003034,song,False
C005526,podcast_episode,False
C020483,podcast_episode,True
C012136,song,False
C009254,song,False
C019680,album,True
C012565,song,True
C026599,song,False
C000952,song,False
C033016,podcast_episode,False
C030027,song,True
C016917,song,False
C027707,song,True
C012008,song,False
C017302,podcast_episode,True
C028712,song,True
C021537,song,False
C026896,song,True
C002740,podcast_episode,False
C008520,song,True
C002068,podcast_episode,False
C003594,song,False
C018785,song,True
C010375,audiobook,False
C010958,song,False
C011999,album,True
C015141,song,False
C006815,song,False
C031538,song,False
C031460,song,False
C013755,song,False
C012469,album,False
C011582,album,False
C001734,podcast_episode,False
C014280,podcast_episode,False
C024923,podcast_episode,False
C025379,song,False
C024362,album,False
C031060,song,False
C019856,podcast_episode,True
C001336,song,False
C009018,podcast_episode,False
C004431,song,True
C026301,podcast_episode,False
C007504,song,False
C020925,podcast_episode,False
C031700,song,False
C010348,song,False
C019329,song,False
C021025,song,False
C018651,song,False
C002271,song,False
C007495,song,False
C033637,album,True
C023128,song,False
C025733,song,False
C001281,song,False
C019515,song,True
C017422,song,False
C005783,song,False
C023650,podcast_episode,False
C033639,podcast_episode,False
C024224,podcast_episode,False
C018157,song,True
C000235,album,False
C001128,song,False
C004117,song,False
C007282,podcast_episode,False
C000719,song,True
C026662,podcast_episode,False
C003908,song,False
C007836,song,False
C018052,audiobook,False
C024727,album,False
C033156,song,False
C015149,song,True
C032897,song,True
C021894,song,False
C004049,song,False
C007522,song,False
C024526,podcast_episode,True
C031273,song,False
C025446,song,False
C017993,song,False
C030205,song,True
C020127,song,True
C027748,podcast_episode,False
C032390,podcast_episode,True
C002522,song,False
C028137,podcast_episode,True
C027118,song,False
C011259,podcast_episode,False
C012722,album,True
C015950,album,False
C029602,podcast_episode,True
C031518,song,False
C019283,album,False
C023251,podcast_episode,False
C017430,song,False
C033106,song,False
C030449,podcast_episode,False
C011953,podcast_episode,True
C014154,song,False
C026656,podcast_episode,False
C030237,song,False
C031774,album,False
C030200,song,True
C028857,song,False
C022209,song,True
C007954,podcast_episode,False
C006794,song,False
C030686,album,True
C029614,song,True
C023464,song,False
C025515,podcast_episode,True
C022727,podcast_episode,False
C004700,album,False
C028396,podcast_episode,False
C033876,song,True
C021177,song,False
C011361,podcast_episode,False
C003863,album,False
C028889,song,False
C022842,podcast_episode,False
C025393,song,False
C011238,album,True
C011331,podcast_episode,False
C017855,song,False
C000320,album,False
C027493,podcast_episode,False
C011398,podcast_episode,False
C019132,podcast_episode,False
C012807,song,False
C003612,song,False
C021905,song,False
C017695,song,False
C030495,podcast_episode,True
C023445,podcast_episode,True
C008996,song,False
C004045,podcast_episode,True
C015460,song,True
C023288,song,True
C001514,song,True
C019662,song,True
C023160,album,True
C020462,song,False
C003272,song,True
C006446,audiobook,False
C017973,album,True
C026831,song,False
C018884,song,False
C000886,song,False
C005184,song,False
C019033,podcast_episode,False
C022388,song,False
C008078,song,False
C024130,song,False
C007144,audiobook,True
C032503,song,False
C021294,album,False
C008272,song,True
C010815,song,False
C020705,podcast_episode,False
C028870,song,True
C018899,podcast_episode,True
C014133,podcast_episode,False
C008672,song,True
C033525,podcast_episode,True
C009101,podcast_episode,True
C012334,song,False
C009512,song,False
C005759,song,True
C007948,song,True
C014352,podcast_episode,False
C008641,audiobook,False
C014784,song,False
C011130,song,False
C003680,podcast_episode,True
C019390,album,False
C003338,song,False
C025771,song,False
C009833,song,False
C022680,podcast_episode,False
C010857,song,False
C031912,album,True
C022937,podcast_episode,True
C023340,song,False
C001162,song,False
C014928,podcast_episode,False
C008169,podcast_episode,False
C005749,song,True
C012357,song,False
C033539,song,False
C028802,song,False
C011277,album,False
C022007,podcast_episode,False
C015568,song,False
C029369,song,True
C008250,podcast_episode,False
C016670,song,False
C029276,podcast_episode,False
C031825,song,False
C023393,song,False
C019114,song,True
C021757,podcast_episode,False
C009815,song,False
C025533,podcast_episode,False
C027030,song,False
C006620,song,False
C005356,podcast_episode,False
C009658,podcast_episode,True
C026715,album,True
C009301,album,False
C013313,podcast_episode,True
C019532,song,False
C009656,song,True
C033556,song,True
C009377,song,False
C030533,album,True
C012932,song,False
C001220,album,True
C002884,song,True
C019714,song,False
C027166,podcast_episode,True
C011593,song,True
C026031,podcast_episode,False
C010582,song,False
C011408,song,False
C009050,podcast_episode,False
C025682,song,True
C003679,song,False
C003083,song,False
C024632,song,False
C010216,podcast_episode,False
C001738,podcast_episode,False
C007662,podcast_episode,False
C014053,song,False
C016944,podcast_episode,True
C014980,podcast_episode,False
C032446,song,False
C027633,song,True
C012815,song,True
C020346,album,True
C030246,song,True
C032094,audiobook,False
C020737,podcast_episode,False
C004398,song,False
C028096,song,False
C007894,song,False
C021876,album,False
C027259,audiobook,True
C019937,song,False
C005279,album,False
C013294,album,False
C024169,song,False
C007534,podcast_episode,True
C026696,song,False
C019808,song,False
C022458,song,True
C031684,song,True
C015885,song,False
C007095,song,False
C030519,album,True
C006232,podcast_episode,True
C004074,song,False
C020291,album,False
C021424,album,True
C008538,podcast_episode,True
C007366,song,True
C004798,song,True
C024062,song,True
C017894,song,False
C021251,song,True
C018492,song,False
C017523,podcast_episode,True
C023304,podcast_episode,True
C014962,song,False
C009402,song,True
C006767,podcast_episode,True
C013951,album,False
C018430,podcast_episode,False
C029373,song,True
C019281,song,False
C024610,song,False
C004607,podcast_episode,True
C022872,song,True
C020959,podcast_episode,False
C030970,song,False
C014714,podcast_episode,True
C023245,song,False
C030446,audiobook,False
C008040,song,False
C025769,song,True
C014494,song,False
C016811,podcast_episode,False
C014340,song,True
C021162,song,False
C031161,podcast_episode,True
C009948,song,False
C032371,song,False
C027278,album,True
C000309,song,False
C011885,podcast_episode,False
C032842,song,False
C002137,song,False
C010204,song,True
C006366,song,False
C005727,podcast_episode,False
C024553,album,True
C011910,podcast_episode,False
C003828,song,True
C012944,song,False
C022090,song,True
C000070,podcast_episode,True
C010357,audiobook,False
C019474,song,True
C017913,album,False
C029677,podcast_episode,False
C014514,podcast_episode,True
C001446,song,False
C010808,song,False
C019294,podcast_episode,False
C015234,song,False
C017009,album,False
C011871,podcast_episode,True
C028907,song,True
C024608,song,False
C025876,podcast_episode,False
C032106,album,True
C017081,song,False
C033480,podcast_episode,False
C018316,song,False
C027019,song,True
C005005,song,False
C002350,audiobook,False
C016132,song,True
C002020,podcast_episode,False
C020889,audiobook,False
C015104,song,True
C032179,song,True
C001773,song,True
C021141,song,False
C001013,album,False
C004567,song,True
C016265,song,False
C015468,podcast_episode,True
C025856,podcast_episode,False
C006207,album,True
C013090,song,False
C004834,song,False
C028717,song,False
C030541,song,False
C032171,song,False
C018559,podcast_episode,False
C028868,song,True
C002701,podcast_episode,False
C000636,song,True
C025790,song,False
C018249,song,True
C014681,song,False
C000123,song,False
C003164,song,False
C013998,song,False
C029273,podcast_episode,True
C033765,audiobook,False
C005275,podcast_episode,True
C014767,podcast_episode,False
C028855,song,False
C029795,podcast_episode,True
C006906,song,False
C022403,podcast_episode,False
C015376,podcast_episode,True
C031768,podcast_episode,False
C016397,podcast_episode,True
C002882,song,True
C008589,song,False
C020669,podcast_episode,False
C012967,song,False
C029286,song,False
C031822,album,False
C033237,song,False
C030036,album,True
C027651,podcast_episode,False
C032266,song,False
C001282,song,True
C033179,song,True
C000557,song,True
C002230,song,False
C019488,podcast_episode,False
C008647,song,True
C019881,podcast_episode,False
C024839,album,True
C002065,podcast_episode,False
C011164,song,False
C014858,song,False
C015966,song,True
C007764,podcast_episode,False
C009721,podcast_episode,False
C017619,podcast_episode,False
C032624,song,False
C015081,song,False
C014806,song,True
C014825,song,False
C032311,podcast_episode,True
C017512,album,False
C023236,song,True
C005504,podcast_episode,True
C005544,song,True
C007358,song,False
C013703,song,True
C001781,album,True
C027514,audiobook,True
C013453,song,False
C000720,song,False
C009180,podcast_episode,True
C014490,song,False
C014381,song,False
C001028,album,False
C027205,song,False
C031715,song,False
C017950,song,False
C016551,audiobook,False
C009595,podcast_episode,False
C026799,song,False
C013471,song,True
C033055,podcast_episode,False
C006499,song,False
C025234,song,False
C008403,podcast_episode,False
C032261,song,False
C007926,podcast_episode,False
C027172,song,True
C010506,podcast_episode,False
C020601,audiobook,False
C030344,song,False
C021380,song,True
C025498,song,False
C008743,song,False
C023714,song,True
C020482,podcast_episode,True
C007263,song,True
C021173,song,True
C008887,podcast_episode,False
C022966,audiobook,False
C001195,song,False
C030618,song,True
C007157,podcast_episode,True
C027904,podcast_episode,True
C003263,podcast_episode,False
C007045,song,True
C013339,song,False
C013097,song,False
C015054,song,False
C017106,song,True
C004769,song,False
C018664,song,False
C005936,album,False
C001699,song,False
C008885,album,False
C030725,podcast_episode,False
C017551,song,False
C016686,album,False
C025013,song,False
C024779,song,False
C030431,podcast_episode,False
C032109,podcast_episode,False
C017259,song,False
C019284,podcast_episode,False
C027186,song,True
C017141,song,True
C009418,song,False
C011991,song,False
C019789,song,True
C029739,podcast_episode,False
C012167,podcast_episode,False
C032256,song,False
C001121,podcast_episode,True
C018116,song,False
C025417,song,False
C000174,podcast_episode,True
C019857,song,False
C014903,song,False
C033200,song,False
C029523,podcast_episode,True
C004805,song,False
C029777,podcast_episode,True
C023053,song,True
C016570,podcast_episode,True
C029395,song,False
C028699,song,False
C028697,podcast_episode,False
C033332,podcast_episode,False
C007969,album,True
C000966,song,False
C000088,album,False
C005970,song,True
C023782,song,False
C002457,song,True
C007914,audiobook,False
C029822,song,False
C026142,song,True
C020443,song,False
C032730,podcast_episode,False
C015780,song,True
C029511,podcast_episode,False
C014663,audiobook,True
C013450,song,False
C022700,podcast_episode,False
C023065,song,False
C030523,song,True
C013197,audiobook,True
C018321,song,False
C029996,song,True
C013250,song,False
C006668,album,False
C003334,album,False
C020147,podcast_episode,True
C010526,song,False
C024981,song,False
C014993,podcast_episode,True
C023725,song,True
C003957,song,True
C016296,song,False
C033635,song,True
C007756,song,False
C014262,album,False
C001469,song,True
C024310,song,False
C017272,song,True
C001687,podcast_episode,False
C014752,song,False
C031079,song,False
C033429,song,True
C016927,audiobook,True
C002263,song,True
C015290,song,True
C021222,song,False
C021457,song,False
C018169,album,False
C002795,song,False
C033588,album,False
C003465,album,False
C011367,song,True
C006694,podcast_episode,False
C004088,song,False
C004233,album,False
C024611,audiobook,False
C017152,song,True
C004953,album,True
C006918,song,False
C033594,podcast_episode,False
C031334,song,False
C007346,podcast_episode,True
C001507,album,False
C007864,album,False
C004458,song,True
C013239,podcast_episode,False
C031530,song,False
C016986,song,True
C005103,album,True
C010138,podcast_episode,False
C031957,album,True
C031563,podcast_episode,False
C026573,audiobook,False
C021796,song,False
C008173,podcast_episode,True
C002661,song,False
C003063,album,False
C012685,podcast_episode,True
C004594,album,False
C026993,podcast_episode,True
C026265,song,False
C018012,song,False
C003070,song,False
C001436,song,False
C025128,song,True
C015710,podcast_episode,False
C026606,song,False
C033127,podcast_episode,False
C025941,song,False
C032463,song,False
C033268,podcast_episode,True
C000003,song,True
C013558,song,False
C022113,song,True
C032052,podcast_episode,False
C030661,song,False
C018804,podcast_episode,False
C012638,audiobook,False
C005961,song,False
C010011,song,False
C000177,song,True
C009186,podcast_episode,False
C018773,song,True
C027530,song,False
C028438,song,True
C010558,audiobook,False
C013032,album,False
C013132,podcast_episode,True
C001314,song,True
C018787,podcast_episode,False
C019684,song,False
C016047,song,False
C031652,song,False
C000855,song,True
C008388,song,True
C016170,song,False
C026190,album,False
C015090,album,True
C025221,podcast_episode,True
C004363,podcast_episode,False
C032980,song,False
C020217,song,True
C003970,podcast_episode,True
C024364,audiobook,False
C026491,song,False
C029890,song,False
C024887,album,False
C020317,song,True
C014105,song,True
C024243,song,False
C017995,album,False
C032235,song,True
C011840,song,False
C015776,album,False
C025402,song,False
C018031,song,False
C022425,song,True
C011225,song,False
C005685,podcast_episode,False
C004812,song,False
C013617,song,True
C008455,song,False
C024440,song,False
C000358,song,False
C029024,song,True
C023917,song,True
C024794,song,False
C033442,podcast_episode,True
C001673,album,True
C023664,podcast_episode,False
C011956,podcast_episode,False
C015375,podcast_episode,True
C000199,podcast_episode,False
C007536,podcast_episode,False
C017738,podcast_episode,False
C033804,song,True
C026088,podcast_episode,False
C020084,song,False
C008985,song,True
C015653,song,True
C020404,podcast_episode,False
C033155,podcast_episode,True
C033009,song,True
C029154,song,False
C006897,song,False
C031056,song,True
C032513,song,False
C001174,audiobook,True
C006665,song,False
C019021,podcast_episode,True
C000602,audiobook,False
C013818,song,False
C008937,album,False
C027064,podcast_episode,False
C031662,podcast_episode,False
C029169,song,False
C007679,podcast_episode,False
C026586,song,False
C033320,podcast_episode,False
C021877,song,True
C006774,song,False
C026974,podcast_episode,False
C025764,album,False
C023597,song,False
C028037,song,False
C008646,song,False
C004068,song,False
C029087,song,False
C030634,podcast_episode,True
C003608,song,False
C009280,song,True
C014552,podcast_episode,False
C004353,song,True
C010957,podcast_episode,False
C011201,audiobook,True
C004855,album,False
C019229,song,True
C002528,podcast_episode,True
C025209,podcast_episode,False
C018635,album,False
C006412,song,False
C012955,audiobook,False
C027948,album,True
C006945,song,False
C016011,song,True
C012530,podcast_episode,True
C029974,song,True
C018738,song,False
C008532,podcast_episode,False
C001171,podcast_episode,False
C020666,audiobook,False
C030562,podcast_episode,True
C004524,audiobook,True
C031695,podcast_episode,False
C024345,song,False
C021805,song,False
C012840,song,False
C017277,song,False
C001720,podcast_episode,True
C031374,song,False
C004300,album,True
C000327,song,False
C000103,podcast_episode,False
C025499,song,True
C000702,song,False
C017480,song,False
C017513,song,True
C012168,song,True
C010546,song,False
C024200,song,False
C006587,song,False
C028651,song,True
C013376,song,True
C027416,song,False
C004441,podcast_episode,False
C005384,song,False
C028252,podcast_episode,True
C025212,song,True
C025502,album,True
C000474,song,False
C013485,song,False
C008460,song,True
C005428,song,True
C005068,song,True
C010426,podcast_episode,True
C012595,audiobook,True
C018499,song,False
C014816,song,True
C032178,podcast_episode,False
C031292,podcast_episode,False
C033515,podcast_episode,False
C019137,song,True
C015207,podcast_episode,False
C023641,podcast_episode,True
C022444,song,False
C021117,podcast_episode,True
C002221,song,False
C008228,song,False
C031371,audiobook,False
C027616,song,True
C032492,song,False
C029495,song,False
C015031,song,False
C024622,song,False
C003176,podcast_episode,True
C017737,song,False
C024945,podcast_episode,True
C002018,album,False
C021672,song,False
C032326,song,False
C026693,song,False
C008191,song,False
C009537,album,True
C017785,album,False
C006757,podcast_episode,False
C000976,podcast_episode,False
C004465,song,False
C000916,song,False
C032950,podcast_episode,True
C013441,podcast_episode,False
C002395,song,False
C029604,podcast_episode,False
C026949,song,False
C001662,song,False
C026588,podcast_episode,False
C001890,song,False
C028305,album,False
C009638,song,True
C006930,audiobook,False
C000544,podcast_episode,False
C026931,album,False
C032275,audiobook,False
C001900,album,False
C032580,podcast_episode,False
C016785,album,False
C003762,podcast_episode,False
C028488,album,False
C023870,song,True
C026689,song,False
C018658,album,True
C032073,audiobook,False
C032501,podcast_episode,False
C020472,podcast_episode,False
C016374,song,False
C010067,song,True
C011499,album,False
C030448,podcast_episode,True
C001088,podcast_episode,True
C006373,song,False
C030677,song,False
C022416,song,True
C022692,podcast_episode,False
C006960,audiobook,False
C031831,song,False
C000965,podcast_episode,False
C008567,audiobook,False
C025991,song,True
C010136,podcast_episode,False
C023638,song,False
C006031,song,True
C030353,podcast_episode,False
C030351,audiobook,False
C022472,album,False
C026170,song,False
C011757,podcast_episode,True
C014969,album,False
C030832,song,False
C003641,audiobook,False
C005707,song,False
C004084,song,False
C001134,song,False
C013435,podcast_episode,True
C015094,song,False
C030885,podcast_episode,False
C018272,song,False
C005751,album,False
C024823,song,False
C030797,song,True
C002224,album,False
C032564,song,False
C021913,song,False
C030735,album,False
C016590,album,True
C021006,audiobook,False
C004203,audiobook,False
C028644,podcast_episode,False
C016107,audiobook,True
C018433,podcast_episode,False
C021586,song,False
C030960,song,False
C023715,podcast_episode,False
C015618,podcast_episode,False
C028731,song,False
C033011,song,True
C002326,audiobook,False
C002136,song,False
C004980,song,False
C030155,song,False
C007424,podcast_episode,True
C009605,song,False
C002225,audiobook,False
C019289,song,False
C028100,song,True
C001799,song,True
C027150,podcast_episode,False
C031499,song,False
C024389,podcast_episode,False
C023891,album,True
C024645,podcast_episode,False
C023539,song,True
C020774,song,True
C007160,audiobook,False
C017590,song,True
C031830,song,False
C009277,podcast_episode,False
C003669,song,False
C011066,song,False
C020160,song,False
C033627,song,True
C027983,podcast_episode,False
C028645,song,False
C033185,audiobook,True
C023434,podcast_episode,True
C030819,song,False
C020946,podcast_episode,False
C020831,podcast_episode,False
C022304,podcast_episode,True
C005709,podcast_episode,True
C019927,song,False
C003376,podcast_episode,False
C007774,podcast_episode,False
C019954,song,True
C021151,song,True
C019767,song,True
C021007,song,False
C002802,album,False
C004324,song,False
C007065,podcast_episode,False
C000555,podcast_episode,False
C021623,song,True
C000172,song,False
C033098,podcast_episode,True
C019308,song,True
C009929,album,False
C019068,podcast_episode,True
C014943,podcast_episode,True
C013483,song,True
C025493,album,False
C017444,song,False
C006279,album,True
C009470,song,False
C031783,podcast_episode,False
C018009,song,False
C007876,song,True
C021200,song,False
C030678,song,True
C015101,song,False
C010306,album,False
C000319,audiobook,True
C025674,audiobook,True
C002747,song,True
C024530,song,False
C022519,song,False
C033571,song,True
C011870,podcast_episode,False
C026639,song,True
C031693,podcast_episode,False
C008472,podcast_episode,True
C018187,song,False
C011416,song,False
C024994,song,True
C013550,song,False
C000492,podcast_episode,True
C022834,song,False
C003429,album,False
C000725,song,True
C024306,song,True
C025957,podcast_episode,False
C019127,audiobook,False
C003604,song,False
C001893,podcast_episode,False
C004134,podcast_episode,False
C023749,song,True
C007599,song,False
C030324,song,False
C023166,audiobook,False
C024445,podcast_episode,False
C007597,song,False
C012874,podcast_episode,True
C023126,podcast_episode,True
C007302,song,False
C012833,song,False
C023373,song,False
C010458,podcast_episode,True
C025286,song,False
C013759,podcast_episode,False
C007089,song,False
C024299,podcast_episode,False
C022185,song,False
C028138,podcast_episode,False
C008564,podcast_episode,False
C026843,album,False
C016524,album,False
C021999,song,False
C005319,podcast_episode,True
C000032,podcast_episode,True
C003752,song,True
C011149,podcast_episode,True
C031186,song,False
C013249,song,False
C020934,song,False
C009002,podcast_episode,True
C031773,podcast_episode,True
C018869,podcast_episode,False
C031786,song,False
C016887,album,False
C007303,song,False
C020378,song,False
C020433,audiobook,False
C032610,podcast_episode,False
C024516,song,True
C015589,song,False
C023279,podcast_episode,False
C006472,song,False
C026355,song,True
C032360,song,True
C009613,song,False
C029875,song,False
C023109,song,True
C024009,song,False
C010049,podcast_episode,True
C033863,song,True
C028562,song,False
C003967,song,False
C019157,podcast_episode,False
C019209,song,True
C032173,podcast_episode,False
C020268,song,False
C003867,album,False
C003308,song,False
C015520,song,False
C002942,album,False
C024100,song,True
C023687,song,False
C008152,song,True
C031008,podcast_episode,False
C015997,podcast_episode,False
C025879,podcast_episode,False
C020169,song,True
C002529,song,False
C021865,song,False
C010540,podcast_episode,True
C012797,song,False
C011661,song,True
C013305,podcast_episode,True
C030505,audiobook,True
C010123,song,False
C019134,song,True
C006441,song,True
C010769,album,False
C028487,song,False
C020569,song,False
C026055,song,False
C013970,song,False
C024213,song,True
C023510,song,True
C004085,audiobook,True
C006470,song,True
C008553,song,True
C015938,podcast_episode,False
C013799,song,False
C013900,song,False
C020570,song,False
C023982,song,False
C031989,song,False
C012281,album,False
C025834,song,False
C028538,song,False
C026714,audiobook,False
C030047,song,False
C027103,song,False
C009136,song,True
C020767,podcast_episode,False
C027855,podcast_episode,False
C013528,podcast_episode,False
C030693,podcast_episode,True
C015567,album,False
C008854,album,True
C009435,album,False
C008136,podcast_episode,True
C012470,song,False
C017678,song,False
C016518,song,False
C023402,podcast_episode,False
C008237,song,True
C017707,song,True
C004009,song,True
C003243,song,False
C017470,song,True
C014669,album,False
C006768,song,True
C024864,song,False
C016877,song,False
C023476,podcast_episode,True
C020573,song,False
C005804,song,False
C021236,song,True
C021344,song,True
C033739,podcast_episode,True
C033211,song,False
C008130,song,False
C014543,podcast_episode,False
C030887,album,False
C021856,song,False
C018969,song,False
C014957,song,False
C025107,song,False
C022368,song,True
C012830,album,True
C001864,album,False
C017001,song,True
C027878,song,True
C014978,song,True
C002441,album,False
C033703,song,True
C019847,song,False
C001742,song,True
C014074,album,False
C012793,podcast_episode,True
C028123,audiobook,False
C006743,podcast_episode,True
C033074,song,False
C031472,song,False
C000234,album,True
C025759,album,False
C013967,audiobook,False
C032411,podcast_episode,False
C014573,song,True
C007401,song,False
C024076,song,False
C018246,podcast_episode,False
C019069,audiobook,True
C030506,song,False
C021245,podcast_episode,False
C031483,song,True
C023952,podcast_episode,False
C019471,song,False
C011630,album,False
C013188,song,False
C007675,song,False
C011933,podcast_episode,False
C026211,album,False
C011688,podcast_episode,True
C000073,podcast_episode,False
C003526,song,False
C019344,audiobook,True
C026336,album,True
C020685,song,True
C026636,song,True
C023796,song,False
C021372,audiobook,False
C017296,song,False
C026670,podcast_episode,False
C022085,album,False
C022706,album,False
C009930,song,True
C019639,song,False
C028986,podcast_episode,True
C009274,song,False
C020178,podcast_episode,False
C030342,song,False
C014587,song,False
C033248,podcast_episode,False
C015790,podcast_episode,False
C023066,album,False
C005089,song,False
C000442,audiobook,False
C009128,song,False
C027381,song,False
C013160,album,True
C010659,podcast_episode,False
C021381,podcast_episode,False
C014733,song,True
C005768,song,False
C026973,podcast_episode,True
C008923,podcast_episode,False
C030398,podcast_episode,True
C007653,song,False
C012007,song,False
C014808,podcast_episode,True
C000491,album,True
C025754,song,False
C011412,audiobook,False
C004580,song,False
C026736,podcast_episode,False
C008899,podcast_episode,False
C009711,song,True
C026477,song,True
C025670,podcast_episode,False
C033366,song,True
C009143,podcast_episode,True
C032417,album,False
C022874,album,True
C025606,song,False
C023291,album,False
C015502,song,False
C014843,song,False
C007553,podcast_episode,True
C010733,song,False
C019636,podcast_episode,False
C007934,podcast_episode,False
C001627,audiobook,False
C029477,album,True
C020887,song,False
C019891,podcast_episode,False
C031444,audiobook,True
C008043,podcast_episode,False
C003412,podcast_episode,True
C026730,song,False
C021738,song,False
C018357,song,True
C031565,song,True
C024204,song,True
C000899,song,True
C027946,song,False
C002093,song,False
C032314,song,True
C013385,podcast_episode,False
C014072,album,True
C009040,audiobook,False
C023086,podcast_episode,True
C011345,song,False
C012984,podcast_episode,False
C009569,album,False
C014603,podcast_episode,False
C007117,song,False
C007791,podcast_episode,False
C021985,song,False
C006278,song,False
C016091,podcast_episode,False
C013682,song,False
C005522,podcast_episode,False
C025222,podcast_episode,False
C028661,album,False
C030653,song,False
C028536,song,False
C002997,podcast_episode,False
C011838,podcast_episode,False
C031360,song,False
C020670,song,False
C024674,podcast_episode,False
C006932,song,True
C000540,song,True
C012989,song,False
C002824,podcast_episode,False
C028809,podcast_episode,False
C016030,song,False
C028973,song,True
C001583,song,False
C011037,podcast_episode,False
C031610,song,True
C000736,podcast_episode,True
C004266,song,False
C031244,song,False
C016485,podcast_episode,True
C026198,podcast_episode,True
C027352,song,True
C001855,song,False
C028807,song,False
C008056,song,False
C032043,song,True
C018356,song,True
C022279,podcast_episode,True
C022394,song,False
C009031,song,False
C019102,podcast_episode,False
C021411,podcast_episode,False
C002258,song,True
C014350,podcast_episode,False
C013189,podcast_episode,True
C029525,song,False
C004733,song,True
C023760,podcast_episode,False
C025866,album,False
C022379,song,True
C015523,song,False
C017642,audiobook,False
C026825,podcast_episode,True
C033272,album,False
C028680,song,True
C025203,song,True
C028437,song,False
C014780,song,True
C015918,song,True
C006656,song,True
C027378,podcast_episode,False
C031876,podcast_episode,False
C028309,podcast_episode,False
C002964,song,False
C001553,song,True
C030973,song,False
C021137,song,False
C024176,podcast_episode,False
C007996,podcast_episode,True
C014064,podcast_episode,True
C023747,song,True
C002597,song,True
C007234,song,False
C008117,song,False
C003460,song,False
C018253,podcast_episode,False
C033358,podcast_episode,True
C015839,podcast_episode,False
C023938,song,False
C030046,song,False
C000760,album,True
C017967,audiobook,True
C019174,song,True
C024297,podcast_episode,True
C009231,album,False
C026600,song,False
C023777,album,True
C031005,song,False
C032796,song,False
C011576,song,True
C003398,podcast_episode,False
C033485,album,False
C006302,song,True
C018588,podcast_episode,False
C021813,album,True
C031946,podcast_episode,False
C009113,song,True
C021603,album,False
C003497,song,False
C023838,song,False
C020260,album,True
C024933,song,False
C014377,podcast_episode,False
C005815,podcast_episode,True
C004323,album,True
C019709,podcast_episode,True
C014177,song,False
C014045,album,False
C027724,song,False
C014417,song,False
C028980,song,False
C010341,song,False
C029556,song,True
C018153,song,False
C016376,album,True
C010087,album,True
C029308,podcast_episode,True
C016940,song,True
C025870,audiobook,False
C009787,podcast_episode,False
C006488,podcast_episode,True
C033738,song,False
C018983,album,True
C017716,podcast_episode,False
C004949,podcast_episode,False
C031125,audiobook,False
C013576,podcast_episode,True
C012283,song,False
C000276,song,True
C015287,album,True
C023092,song,False
C025522,audiobook,False
C004926,song,False
C028619,song,False
C025300,song,True
C016661,song,False
C024702,song,False
C009174,song,False
C021157,song,True
C027246,podcast_episode,True
C006515,song,True
C005853,podcast_episode,True
C017237,audiobook,False
C015335,podcast_episode,True
C013337,audiobook,False
C023184,audiobook,False
C002289,song,True
C021706,song,True
C004624,song,False
C021618,song,False
C016267,song,False
C006720,podcast_episode,True
C020631,song,True
C021763,song,False
C003921,song,False
C004057,song,True
C006227,audiobook,False
C000131,song,False
C010384,song,False
C005613,album,True
C031598,song,False
C011699,podcast_episode,True
C023880,podcast_episode,False
C013456,audiobook,False
C009376,song,False
C021046,song,True
C029866,song,False
C002560,album,False
C005910,song,True
C000487,song,True
C033301,song,False
C007537,song,False
C033037,song,False
C008853,song,False
C016075,song,False
C028027,song,False
C000015,album,False
C001740,song,True
C033410,song,False
C032141,podcast_episode,True
C002920,podcast_episode,True
C005385,podcast_episode,False
C004489,podcast_episode,True
C030157,song,False
C033836,album,True
C032457,song,True
C003201,podcast_episode,True
C028888,song,True
C009495,podcast_episode,True
C026145,song,False
C033279,song,False
C010017,album,False
C001212,song,False
C015600,song,False
C023490,podcast_episode,False
C023712,podcast_episode,False
C026649,podcast_episode,True
C002544,song,True
C012452,song,False
C023622,song,False
C016455,audiobook,False
C023531,song,True
C024167,song,True
C000921,album,False
C024231,podcast_episode,True
C005818,podcast_episode,False
C030638,podcast_episode,True
C031162,song,False
C032573,podcast_episode,False
C007460,song,False
C008182,song,False
C023436,podcast_episode,False
C014623,song,True
C007472,song,False
C019934,podcast_episode,False
C003705,song,False
C023616,song,False
C008439,song,False
C017509,album,True
C011989,podcast_episode,True
C011173,song,False
C015044,song,False
C014578,song,False
C027060,song,False
C031080,podcast_episode,True
C031581,song,True
C002707,podcast_episode,False
C006300,album,False
C025423,podcast_episode,True
C006393,song,False
C017036,song,False
C012425,song,True
C016530,podcast_episode,True
C026220,podcast_episode,True
C005850,podcast_episode,True
C017754,podcast_episode,False
C025792,song,False
C001002,podcast_episode,False
C005167,song,False
C025163,song,False
C002671,album,True
C000718,podcast_episode,False
C020500,song,False
C001293,podcast_episode,False
C012365,song,False
C022064,podcast_episode,False
C009918,song,True
C014167,podcast_episode,False
C005923,podcast_episode,True
C021915,song,False
C025225,album,False
C011664,podcast_episode,False
C009689,podcast_episode,False
C021280,album,True
C015497,podcast_episode,False
C024467,album,False
C028170,album,False
C019738,podcast_episode,True
C010579,song,True
C012571,song,False
C020588,song,False
C005318,song,False
C018556,song,False
C005683,song,False
C021967,song,True
C007873,song,False
C009916,podcast_episode,False
C003443,podcast_episode,True
C016277,album,False
C002287,song,False
C008626,song,True
C006432,podcast_episode,True
C022711,audiobook,False
C007747,song,True
C014521,song,False
C027607,song,True
C023058,song,True
C002919,song,True
C021777,song,False
C022381,podcast_episode,False
C008754,podcast_episode,True
C022837,podcast_episode,False
C025694,album,True
C008081,podcast_episode,False
C006685,song,False
C028830,song,False
C005492,podcast_episode,False
C019101,audiobook,True
C018328,song,False
C033281,podcast_episode,True
C019152,song,False
C031949,podcast_episode,False
C000506,song,False
C015898,song,False
C028942,song,False
C003601,song,False
C033153,audiobook,False
C015346,podcast_episode,True
C022045,album,False
C024210,podcast_episode,False
C008258,song,True
C031703,podcast_episode,False
C009422,song,False
C018953,podcast_episode,True
C001380,podcast_episode,False
C014147,podcast_episode,False
C008105,podcast_episode,True
C008600,song,False
C003208,song,True
C005324,podcast_episode,False
C016311,song,False
C023549,song,False
C022330,podcast_episode,True
C017142,song,False
C028462,podcast_episode,False
C018987,album,False
C009951,album,False
C000397,podcast_episode,False
C015615,album,False
C003114,album,True
C031144,podcast_episode,False
C020547,song,False
C013053,song,True
C022524,song,False
C019942,song,False
C002308,song,False
C020735,song,False
C031542,song,False
C005087,podcast_episode,False
C005798,audiobook,False
C012677,song,False
C009043,song,True
C021273,song,False
C019944,song,True
C026115,podcast_episode,False
C003635,podcast_episode,False
C002616,song,True
C008505,song,True
C012825,song,False
C011483,song,False
C033462,song,False
C022514,podcast_episode,False
C022306,album,False
C002489,song,False
C017101,song,False
C006004,podcast_episode,True
C033719,song,True
C005077,song,False
C003260,podcast_episode,False
C018502,song,False
C025454,album,False
C028490,podcast_episode,False
C001831,podcast_episode,False
C023274,song,True
C008900,podcast_episode,True
C003220,song,True
C020413,song,False
C007512,podcast_episode,False
C003966,podcast_episode,False
C015654,song,False
C000079,podcast_episode,False
C028136,song,False
C031300,podcast_episode,False
C032960,podcast_episode,False
C017870,song,False
C028291,podcast_episode,False
C029018,podcast_episode,False
C020267,song,False
C002388,song,False
C020566,song,False
C032710,song,False
C006845,song,False
C024669,song,True
C014727,album,False
C018290,song,True
C016792,song,True
C002519,song,False
C022035,podcast_episode,False
C004582,song,False
C025258,song,False
C006301,song,False
C030443,album,True
C000771,podcast_episode,False
C020664,podcast_episode,False
C009732,song,False
C031439,podcast_episode,True
C028349,song,True
C025156,podcast_episode,False
C025296,song,True
C008217,song,True
C001753,podcast_episode,False
C008999,song,True
C019606,album,False
C029940,audiobook,True
C006716,podcast_episode,False
C020218,audiobook,False
C017844,podcast_episode,True
C009455,audiobook,True
C014533,song,False
C027731,song,False
C016130,podcast_episode,False
C020599,song,False
C026539,song,True
C029039,song,False
C000661,song,False
C025430,song,False
C017527,song,False
C008330,podcast_episode,False
C001557,song,True
C031613,song,False
C012515,podcast_episode,False
C015723,song,False
C024815,song,True
C011132,song,True
C032127,song,True
C022369,song,False
C029274,album,False
C032979,podcast_episode,True
C003749,song,True
C014530,song,False
C025624,podcast_episode,False
C025588,audiobook,True
C010272,podcast_episode,False
C001819,podcast_episode,False
C029562,podcast_episode,True
C002684,audiobook,True
C026443,podcast_episode,False
C012096,podcast_episode,False
C015016,song,False
C007927,podcast_episode,True
C005382,song,True
C024092,podcast_episode,False
C000138,audiobook,True
C031447,song,True
C007893,album,True
C017424,song,True
C021538,album,False
C021458,song,False
C032873,song,False
C015570,podcast_episode,True
C029207,album,False
C003059,podcast_episode,True
C005611,song,False
C002827,song,False
C017847,song,False
C000706,song,False
C001082,song,False
C013986,podcast_episode,True
C030689,song,True
C012475,song,True
C003653,podcast_episode,True
C023206,podcast_episode,False
C005295,song,False
C017307,podcast_episode,False
C023966,audiobook,False
C017969,song,False
C030965,song,False
C006970,song,False
C033735,podcast_episode,False
C001642,album,False
C017772,podcast_episode,False
C005920,song,False
C011994,song,True
C005507,podcast_episode,False
C030264,song,False
C021462,podcast_episode,False
C011560,song,False
C019109,album,False
C018205,song,True
C000074,podcast_episode,True
C015707,album,False
C011913,podcast_episode,False
C013961,audiobook,False
C022600,album,False
C019541,podcast_episode,True
C032157,song,False
C017045,album,True
C008791,album,False
C023376,audiobook,True
C022186,song,False
C000164,song,False
C026700,podcast_episode,True
C008103,podcast_episode,False
C007497,song,False
C009764,song,False
C029181,song,False
C007973,podcast_episode,False
C006191,song,True
C008867,song,True
C030333,song,False
C022863,podcast_episode,True
C015243,podcast_episode,False
C000080,song,False
C015418,audiobook,False
C025268,song,True
C003452,podcast_episode,False
C007547,album,False
C022608,song,False
C014284,album,True
C001963,song,True
C024238,song,False
C031120,song,True
C024323,podcast_episode,False
C003236,song,False
C004585,song,False
C028919,album,False
C010969,song,False
C017830,song,False
C026784,podcast_episode,True
C007307,song,False
C004125,podcast_episode,False
C023627,podcast_episode,True
C018817,song,False
C011457,song,False
C022188,song,True
C018228,song,False
C019238,song,True
C013663,song,True
C026823,album,True
C004155,podcast_episode,False
C000970,podcast_episode,False
C009449,album,False
C015872,podcast_episode,False
C005884,podcast_episode,True
C007899,podcast_episode,False
C022046,song,True
C015934,audiobook,False
C019538,song,False
C024650,song,False
C006532,album,True
C026916,song,False
C020609,podcast_episode,True
C019113,podcast_episode,True
C006579,song,False
C027992,song,False
C027781,song,True
C012009,song,True
C029513,song,False
C004644,song,True
C010725,song,True
C010768,podcast_episode,True
C017586,song,False
C006033,album,False
C004943,podcast_episode,False
C019766,album,False
C001685,podcast_episode,False
C017874,podcast_episode,True
C028299,song,True
C012295,podcast_episode,False
C033053,song,False
C033631,album,False
C008581,song,False
C033370,song,True
C011620,song,False
C029469,podcast_episode,False
C018221,podcast_episode,False
C002574,song,True
C004914,podcast_episode,False
C001826,song,True
C012508,song,True
C021615,song,False
C023077,song,False
C025899,song,False
C006990,song,False
C033710,podcast_episode,False
C001169,song,True
C021175,song,False
C018047,song,False
C009673,song,False
C032776,song,False
C011521,podcast_episode,True
C005444,podcast_episode,True
C007581,podcast_episode,True
C006900,podcast_episode,False
C026988,podcast_episode,False
C028160,podcast_episode,False
C004873,song,True
C024131,song,True
C018741,podcast_episode,True
C013594,song,True
C025781,podcast_episode,False
C032410,podcast_episode,False
C027192,song,False
C025082,podcast_episode,True
C001131,song,False
C001009,podcast_episode,False
C016952,song,True
C002637,song,True
C019506,audiobook,True
C014414,album,False
C014801,podcast_episode,False
C007190,podcast_episode,False
C007785,song,False
C025601,album,False
C015133,song,True
C007866,podcast_episode,False
C012013,album,True
C008847,song,True
C003850,song,False
C029925,podcast_episode,True
C007820,song,False
C032567,song,True
C027347,song,False
C024483,song,False
C007201,podcast_episode,True
C003345,podcast_episode,False
C017638,song,False
C020432,audiobook,False
C001571,song,False
C012423,album,True
C016302,song,False
C003738,song,False
C010652,song,False
C024162,podcast_episode,False
C023015,song,True
C023142,song,True
C012561,song,True
C016897,song,True
C006879,song,True
C001884,song,True
C027206,song,False
C011139,song,True
C007923,podcast_episode,False
C016372,album,False
C020173,song,False
C007776,song,False
C032047,song,False
C019695,podcast_episode,True
C009261,song,True
C009296,song,True
C009944,podcast_episode,False
C004335,song,False
C003458,song,False
C002010,song,True
C010072,podcast_episode,True
C006848,podcast_episode,False
C000635,song,True
C006314,podcast_episode,False
C008541,song,False
C011889,song,True
C025129,song,False
C016051,album,False
C005277,song,False
C006658,song,False
C019733,podcast_episode,False
C025070,song,False
C026761,song,True
C028544,podcast_episode,False
C006992,audiobook,True
C007751,song,True
C033579,song,True
C015246,podcast_episode,False
C011007,podcast_episode,True
C016152,song,False
C025244,podcast_episode,False
C011816,song,False
C017614,song,True
C027858,song,True
C012687,podcast_episode,False
C001206,podcast_episode,True
C021065,song,True
C013857,podcast_episode,True
C025488,album,False
C010450,song,False
C002343,podcast_episode,False
C028978,song,True
C010476,song,False
C032847,song,True
C018992,podcast_episode,True
C013937,podcast_episode,True
C021864,podcast_episode,False
C010987,album,True
C005874,song,True
C000243,podcast_episode,False
C026524,song,True
C007777,song,False
C003172,song,True
C024543,podcast_episode,False
C007359,song,True
C009904,song,False
C004783,song,True
C026785,song,False
C007589,song,False
C014968,podcast_episode,False
C015791,album,False
C000468,album,False
C014682,song,False
C001254,song,True
C033866,song,False
C029166,song,True
C026604,podcast_episode,False
C006542,podcast_episode,False
C022649,audiobook,True
C021540,song,False
C021240,podcast_episode,False
C031574,song,False
C022013,album,True
C018676,song,False
C018687,song,False
C006726,song,False
C027222,song,True
C024105,podcast_episode,False
C020562,podcast_episode,False
C009797,podcast_episode,True
C029663,album,True
C010010,podcast_episode,True
C011248,song,False
C027112,podcast_episode,True
C014693,album,False
C017208,song,False
C007667,album,False
C001646,song,False
C008603,song,False
C012450,audiobook,True
C016441,song,False
C019952,song,False
C010183,podcast_episode,True
C011777,podcast_episode,True
C022509,song,True
C028602,album,False
C005488,album,True
C013462,song,False
C006891,podcast_episode,False
C023131,song,False
C011105,song,True
C007868,song,False
C017183,podcast_episode,True
C030614,song,True
C029314,song,True
C013365,song,False
C013042,podcast_episode,True
C028247,album,False
C028887,podcast_episode,False
C022535,podcast_episode,False
C004078,song,True
C002232,podcast_episode,True
C024557,song,True
C031453,song,False
C032253,podcast_episode,False
C000219,album,False
C011864,song,True
C015401,song,True
C020364,song,False
C015811,song,False
C028854,podcast_episode,True
C014701,album,False
C026947,song,False
C021982,album,True
C024544,song,False
C004329,song,True
C007070,podcast_episode,False
C020750,podcast_episode,False
C013279,song,False
C016861,album,False
C013335,song,False
C025339,song,False
C018762,album,False
C015697,song,False
C027799,podcast_episode,True
C022498,podcast_episode,False
C020937,song,False
C016254,song,False
C029813,podcast_episode,False
C010484,album,True
C033440,song,False
C018926,podcast_episode,False
C005243,song,True
C021481,podcast_episode,True
C030559,song,False
C021833,song,True
C033707,audiobook,False
C011382,song,True
C016762,song,True
C004448,song,False
C026205,song,False
C013532,audiobook,True
C013018,podcast_episode,True
C009355,podcast_episode,True
C030284,podcast_episode,True
C004198,song,False
C027862,song,False
C019548,song,False
C003887,song,False
C002405,audiobook,False
C017061,podcast_episode,False
C009036,audiobook,False
C026509,song,False
C012348,audiobook,False
C024172,album,False
C026256,album,True
C030716,podcast_episode,False
C004803,song,True
C011372,song,True
C027966,song,False
C019749,podcast_episode,True
C018105,album,False
C004581,podcast_episode,False
C005792,song,False
C010055,song,True
C014108,album,True
C004470,podcast_episode,False
C009736,album,True
C024150,song,False
C029497,album,False
C025521,podcast_episode,False
C011111,song,True
C022180,album,True
C008514,song,False
C011641,song,False
C031883,podcast_episode,False
C022471,podcast_episode,True
C030568,song,False
C006177,song,False
C024005,song,True
C029150,song,False
C030066,song,True
C026912,podcast_episode,False
C031771,song,False
C032701,song,True
C008400,podcast_episode,True
C001850,song,False
C016071,song,False
C023674,podcast_episode,True
C010682,song,True
C003773,podcast_episode,False
C015348,podcast_episode,False
C017055,album,False
C026678,podcast_episode,False
C016987,song,True
C000582,audiobook,False
C022089,song,True
C027509,album,False
C007357,podcast_episode,True
C009389,song,False
C017034,podcast_episode,False
C020048,song,False
C030297,album,True
C017064,song,False
C003076,audiobook,False
C012632,podcast_episode,True
C014080,song,False
C022893,song,True
C031205,song,False
C016228,audiobook,False
C005670,podcast_episode,False
C032620,podcast_episode,True
C014596,podcast_episode,False
C005238,song,False
C020559,podcast_episode,False
C023507,song,True
C005871,song,False
C029653,song,True
C008534,podcast_episode,True
C022128,podcast_episode,True
C027902,podcast_episode,False
C003888,song,False
C015349,song,False
C008816,album,True
C028876,song,False
C017011,song,True
C007432,podcast_episode,False
C030744,album,False
C026218,podcast_episode,False
C019096,podcast_episode,False
C027830,podcast_episode,True
C010607,song,False
C026933,album,True
C009080,song,False
C006055,song,False
C030168,podcast_episode,True
C005020,song,False
C006147,podcast_episode,False
C028455,song,False
C028200,song,True
C026963,audiobook,True
C014826,song,False
C001606,album,False
C022300,song,False
C007158,podcast_episode,True
C000467,song,False
C025301,podcast_episode,False
C020054,song,False
C001972,song,False
C002143,song,True
C023186,album,False
C022860,song,False
C002330,song,False
C000832,song,False
C027376,song,False
C033642,song,True
C033051,song,True
C003894,podcast_episode,True
C029224,song,True
C008617,song,True
C003553,podcast_episode,False
C032244,song,False
C007701,podcast_episode,False
C011366,audiobook,False
C008928,song,False
C002722,podcast_episode,False
C003259,song,False
C007139,podcast_episode,False
C018682,album,False
C011500,audiobook,False
C004637,song,True
C008119,song,False
C020164,song,True
C007642,song,False
C030472,song,True
C005713,podcast_episode,False
C021539,album,False
C001342,song,False
C004433,podcast_episode,False
C001421,podcast_episode,False
C016724,song,False
C009257,podcast_episode,True
C029965,podcast_episode,False
C011240,song,True
C019267,podcast_episode,False
C009095,song,False
C002163,song,True
C009288,audiobook,False
C019816,song,False
C015292,song,True
C010487,song,False
C011426,audiobook,False
C008468,podcast_episode,False
C026433,audiobook,False
C016358,podcast_episode,False
C001101,song,False
C014033,podcast_episode,False
C016713,song,True
C002385,song,False
C010270,podcast_episode,False
C015679,song,True
C014895,song,False
C005812,podcast_episode,True
C033075,podcast_episode,False
C005058,album,True
C004874,podcast_episode,False
C022582,podcast_episode,False
C023012,song,False
C019103,podcast_episode,True
C019840,podcast_episode,True
C003335,album,False
C004768,song,True
C013787,album,False
C018048,song,False
C004983,song,True
C019886,podcast_episode,False
C011358,song,True
C027528,song,True
C016013,song,True
C006974,song,False
C033581,song,True
C016951,audiobook,False
C028169,audiobook,True
C018102,podcast_episode,False
C012152,song,False
C010353,album,False
C019227,podcast_episode,False
C010459,song,False
C007542,album,False
C000058,podcast_episode,False
C000711,song,True
C019830,podcast_episode,True
C012065,song,False
C005740,song,False
C011693,song,False
C004577,song,False
C028048,song,False
C001194,podcast_episode,True
C030575,podcast_episode,True
C004746,song,False
C033350,podcast_episode,False
C000067,song,True
C025278,song,True
C021087,song,False
C000049,podcast_episode,False
C021660,album,False
C005827,song,True
C018059,podcast_episode,False
C021614,song,False
C028222,podcast_episode,True
C003711,podcast_episode,True
C016763,song,True
C015384,song,False
C004931,song,False
C029038,song,False
C009627,album,False
C003092,song,True
C006353,album,True
C011793,song,False
C001102,audiobook,False
C019659,song,False
C017441,album,False
C029843,song,True
C032734,song,True
C024067,audiobook,True
C010144,song,True
C033300,podcast_episode,False
C007458,audiobook,False
C017603,podcast_episode,True
C004229,song,True
C006863,podcast_episode,True
C021255,podcast_episode,True
C026996,song,False
C021846,song,False
C031158,song,False
C005505,song,True
C014599,song,False
C030178,song,True
C003719,song,False
C004371,song,False
C033310,song,True
C026927,song,False
C002173,song,False
C002538,album,False
C013077,podcast_episode,False
C001863,song,False
C029501,song,True
C014150,song,False
C032999,song,False
C009648,song,False
C003655,song,False
C001460,song,True
C030546,audiobook,False
C010501,podcast_episode,False
C022074,podcast_episode,False
C006089,song,False
C010028,album,False
C021477,song,False
C006002,song,True
C026390,song,True
C001932,song,True
C014577,podcast_episode,True
C031986,podcast_episode,True
C008294,song,True
C028153,audiobook,False
C018067,song,False
C015663,song,True
C016823,song,True
C017365,song,False
C023811,audiobook,True
C031122,song,False
C028660,song,False
C004881,song,False
C007525,podcast_episode,False
C033353,podcast_episode,False
C009901,podcast_episode,False
C003024,album,False
C026814,podcast_episode,False
C030781,song,True
C032787,audiobook,False
C005861,song,False
C030878,podcast_episode,False
C028026,song,False
C021473,podcast_episode,True
C009816,song,False
C018444,song,False
C032623,album,True
C028963,podcast_episode,False
C004603,album,True
C001748,song,True
C019206,album,False
C017747,song,False
C005155,song,False
C015244,song,False
C021361,song,False
C001303,album,True
C022792,song,False
C032124,song,False
C013282,song,False
C025936,song,True
C026079,podcast_episode,False
C016328,album,True
C003558,song,False
C022091,podcast_episode,False
C011308,song,False
C026259,podcast_episode,True
C031204,album,True
C031977,podcast_episode,False
C006142,song,True
C029475,song,False
C024843,song,False
C000062,song,True
C012956,song,False
C027187,song,False
C011665,album,True
C017780,podcast_episode,True
C001574,song,False
C018189,song,False
C021144,song,True
C023700,podcast_episode,False
C006822,podcast_episode,False
C022791,song,True
C008299,song,False
C005485,song,False
C000463,podcast_episode,True
C005748,podcast_episode,False
C014136,song,True
C033331,podcast_episode,False
C030317,song,False
C002559,song,False
C018293,album,False
C006448,song,True
C019613,song,False
C014360,song,False
C027812,song,False
C024656,song,True
C027102,podcast_episode,False
C021703,podcast_episode,False
C001860,album,True
C013815,song,False
C017755,song,False
C021760,podcast_episode,False
C008726,audiobook,False
C021386,podcast_episode,False
C023412,song,False
C006555,song,False
C004740,song,False
C001011,song,False
C016143,song,False
C032144,song,False
C017442,album,False
C008436,song,False
C029521,song,False
C030241,podcast_episode,False
C010555,podcast_episode,True
C018734,podcast_episode,True
C024157,song,False
C015231,podcast_episode,False
C030924,song,True
C020469,song,True
C013256,song,False
C000478,podcast_episode,False
C026587,album,False
C019153,song,False
C033025,audiobook,True
C006188,song,False
C001937,song,True
C001899,podcast_episode,False
C010723,song,True
C003637,album,False
C009979,podcast_episode,True
C027447,podcast_episode,True
C029572,song,True
C030020,song,False
C008437,audiobook,True
C007638,song,True
C020412,podcast_episode,True
C029211,podcast_episode,False
C000125,podcast_episode,False
C002377,song,True
C021906,song,False
C029433,song,False
C032426,audiobook,False
C005203,song,False
C009183,album,True
C006027,song,False
C028575,album,True
C011021,podcast_episode,False
C030755,podcast_episode,False
C020010,song,False
C005940,album,False
C020071,song,False
C005576,song,False
C013457,song,False
C013141,podcast_episode,False
C028790,song,True
C004401,podcast_episode,True
C020197,podcast_episode,True
C015137,podcast_episode,True
C011653,song,False
C008722,podcast_episode,True
C005140,song,False
C031915,song,False
C020714,song,True
C018147,podcast_episode,False
C000942,song,False
C024666,song,False
C029100,song,False
C023163,song,False
C009572,song,False
C001477,album,False
C006626,album,False
C008035,song,False
C024372,podcast_episode,False
C010973,album,False
C017048,song,False
C019704,song,False
C026172,song,False
C002995,song,True
C020893,song,False
C015361,song,False
C022747,song,False
C013161,audiobook,False
C018703,audiobook,False
C003261,podcast_episode,False
C020356,podcast_episode,False
C032536,song,False
C017656,podcast_episode,False
C014234,song,False
C013128,song,False
C005259,song,False
C032285,song,False
C009505,podcast_episode,False
C028753,song,True
C022656,song,True
C000804,podcast_episode,False
C033177,song,False
C012593,song,False
C030650,podcast_episode,True
C016827,song,False
C017202,podcast_episode,False
C031338,podcast_episode,False
C021828,album,True
C033022,song,False
C024212,podcast_episode,True
C001973,song,False
C030922,podcast_episode,False
C021848,song,False
C015611,audiobook,True
C022470,song,True
C010766,song,False
C033675,song,False
C023175,podcast_episode,False
C024858,song,False
C018853,song,False
C025381,audiobook,True
C027788,song,False
C026511,podcast_episode,False
C017968,song,False
C016177,audiobook,False
C017282,song,False
C016714,song,True
C021505,song,False
C023633,song,True
C009773,song,True
C016172,song,True
C033623,song,True
C004773,song,True
C030298,podcast_episode,True
C003549,podcast_episode,False
C015514,podcast_episode,False
C026948,audiobook,True
C016789,podcast_episode,True
C014114,podcast_episode,True
C016021,song,True
C000148,podcast_episode,False
C011476,song,True
C015841,podcast_episode,False
C001114,podcast_episode,False
C002939,song,False
C003069,song,False
C022349,song,False
C006409,podcast_episode,False
C016309,song,False
C020710,song,True
C000028,podcast_episode,False
C021203,song,True
C033447,song,True
C012539,album,False
C017888,album,False
C013946,podcast_episode,False
C006096,song,True
C030746,song,False
C008444,song,False
C013497,podcast_episode,False
C032764,song,True
C015967,audiobook,False
C023959,audiobook,True
C023946,song,False
C007005,song,False
C024867,song,False
C013237,podcast_episode,False
C012579,song,False
C000658,song,False
C016126,song,True
C001651,album,False
C011640,song,True
C005383,song,False
C013357,song,False
C031970,song,True
C033372,song,False
C025593,podcast_episode,True
C032008,song,True
C002631,song,False
C004838,album,False
C027276,song,False
C018826,song,False
C027275,podcast_episode,False
C006711,podcast_episode,True
C030112,podcast_episode,True
C004618,song,True
C006853,song,True
C004150,song,False
C023275,song,True
C020471,song,True
C003629,album,False
C025366,song,True
C015072,song,False
C011446,song,False
C001560,song,True
C014726,song,False
C001598,song,False
C010847,podcast_episode,False
C028047,podcast_episode,False
C012915,song,False
C013806,album,False
C023801,podcast_episode,False
C025054,podcast_episode,False
C012576,song,True
C026581,song,False
C021035,song,False
C024649,song,False
C006748,audiobook,True
C015522,song,True
C026744,podcast_episode,True
C023232,podcast_episode,False
C022825,song,True
C010271,song,False
C027271,podcast_episode,False
C025904,song,True
C024019,podcast_episode,False
C023679,song,False
C003597,song,True
C007420,podcast_episode,False
C025153,podcast_episode,False
C005232,album,True
C011300,song,True
C024506,song,False
C011465,song,True
C002106,podcast_episode,True
C022156,podcast_episode,False
C020032,song,False
C031723,song,False
C005849,song,False
C002374,song,False
C027357,song,False
C002446,podcast_episode,False
C023299,album,False
C031716,podcast_episode,True
C027451,song,False
C012731,audiobook,False
C022701,song,False
C010316,song,False
C005959,song,False
C000426,podcast_episode,False
C023937,song,False
C010480,song,False
C001302,song,False
C032291,podcast_episode,False
C005118,song,True
C011950,album,False
C010486,song,False
C020058,podcast_episode,False
C030685,song,False
C015442,podcast_episode,False
C008037,podcast_episode,True
C033844,song,False
C025836,song,False
C013963,song,False
C024951,song,True
C028646,song,True
C022969,song,False
C001425,song,True
C029895,song,False
C018126,podcast_episode,True
C032434,audiobook,False
C005879,podcast_episode,False
C008089,song,False
C011687,song,False
C010990,song,False
C025683,audiobook,False
C005304,album,False
C015701,audiobook,False
C008856,song,False
C025441,album,True
C003469,song,True
C008402,song,False
C006328,album,False
C012041,song,False
C030560,album,True
C026753,song,False
C006276,podcast_episode,True
C005584,podcast_episode,True
C018604,song,False
C023497,song,False
C003859,song,False
C004598,podcast_episode,False
C008921,song,False
C029052,album,False
C023791,podcast_episode,False
C015977,podcast_episode,False
C009865,song,True
C007323,podcast_episode,False
C014404,song,True
C003551,podcast_episode,False
C033666,song,False
C012795,song,True
C024540,song,True
C033733,song,True
C003578,podcast_episode,False
C033338,audiobook,True
C006688,audiobook,True
C032101,podcast_episode,False
C021688,song,False
C000761,song,False
C005968,song,True
C000241,podcast_episode,True
C001931,song,False
C012899,song,False
C014703,song,False
C000205,podcast_episode,True
C012926,podcast_episode,False
C024882,album,False
C001760,podcast_episode,False
C025549,podcast_episode,False
C009517,podcast_episode,False
C027330,album,False
C004956,song,False
C012246,podcast_episode,False
C006312,song,False
C004042,song,False
C032856,album,False
C010191,podcast_episode,False
C011836,podcast_episode,False
C020102,song,True
C026602,audiobook,True
C017171,song,True
C025433,song,True
C032412,song,True
C009917,song,True
C016554,song,True
C005691,podcast_episode,False
C005049,album,True
C033251,audiobook,True
C016593,album,False
C029428,podcast_episode,True
C027631,album,True
C022662,podcast_episode,False
C029864,audiobook,False
C026122,podcast_episode,True
C024834,song,False
C004174,song,False
C029138,podcast_episode,True
C018488,podcast_episode,True
C027736,audiobook,True
C022708,song,False
C017195,song,True
C023774,audiobook,False
C022633,song,False
C016612,song,False
C026228,song,True
C013472,audiobook,False
C025000,podcast_episode,False
C030491,song,False
C020086,audiobook,False
C032837,podcast_episode,False
C027768,song,True
C023220,podcast_episode,True
C015819,podcast_episode,True
C030691,song,False
C011931,audiobook,False
C001618,podcast_episode,False
C015047,podcast_episode,True
C011679,album,False
C019588,song,True
C024066,song,False
C013560,podcast_episode,False
C019585,song,True
C001054,podcast_episode,False
C023724,audiobook,False
C032893,song,False
C025061,song,False
C018737,podcast_episode,False
C007352,song,False
C000046,album,False
C033213,podcast_episode,False
C020229,album,False
C032084,song,False
C030388,song,False
C002269,song,False
C016914,podcast_episode,False
C021564,album,False
C003442,song,False
C027106,podcast_episode,False
C008202,album,False
C001599,song,False
C030713,podcast_episode,False
C033325,song,False
C000940,song,False
C005654,song,False
C022900,album,False
C020380,podcast_episode,True
C016898,song,False
C023865,song,True
C002612,song,False
C008774,song,True
C003940,album,False
C004759,song,True
C017149,song,False
C029715,song,False
C028421,song,False
C031517,podcast_episode,True
C029897,song,False
C033782,podcast_episode,True
C027232,album,False
C028613,song,True
C020470,podcast_episode,False
C015395,song,True
C027653,album,False
C007657,podcast_episode,True
C023564,song,True
C009352,podcast_episode,False
C013200,podcast_episode,True
C022478,song,False
C032502,song,False
C008339,song,False
C016709,podcast_episode,False
C026790,podcast_episode,False
C009401,podcast_episode,False
C001580,album,False
C003570,song,False
C026879,podcast_episode,False
C013286,song,False
C033481,song,False
C003481,album,False
C004374,podcast_episode,False
C007566,song,False
C029073,album,False
C026203,album,True
C010143,song,False
C015419,song,False
C012326,podcast_episode,False
C003200,podcast_episode,False
C006969,song,False
C033626,podcast_episode,False
C011430,song,False
C005392,song,False
C016490,song,False
C017602,song,False
C012580,song,False
C033357,podcast_episode,False
C022408,podcast_episode,False
C029799,song,False
C027836,podcast_episode,False
C032475,song,True
C002084,song,False
C023368,podcast_episode,True
C022827,song,False
C032330,podcast_episode,False
C014630,song,False
C030901,song,False
C013344,audiobook,False
C011166,podcast_episode,False
C017053,podcast_episode,True
C002333,song,False
C015028,album,True
C007285,song,False
C021759,podcast_episode,False
C007183,album,True
C026601,podcast_episode,True
C014310,song,False
C029636,album,True
C003837,song,False
C027820,song,False
C021186,album,False
C006613,podcast_episode,False
C024817,song,True
C008429,song,True
C020372,podcast_episode,False
C003414,album,True
C031760,song,False
C033787,song,False
C023655,album,False
C014933,song,True
C011353,podcast_episode,False
C005340,podcast_episode,True
C017589,podcast_episode,False
C007417,song,False
C022218,song,False
C006419,podcast_episode,True
C015897,podcast_episode,False
C016871,song,False
C014437,song,False
C007506,album,False
C010653,podcast_episode,True
C015035,song,True
C021527,song,True
C007143,song,False
C013066,podcast_episode,True
C013102,song,True
C027749,song,True
C010587,song,True
C029867,song,False
C008380,song,True
C010803,song,True
C031519,song,True
C004734,podcast_episode,True
C026791,podcast_episode,False
C006801,song,False
C014180,podcast_episode,False
C030326,song,False
C004359,song,True
C007248,podcast_episode,False
C002570,album,True
C026435,podcast_episode,False
C010208,song,False
C013331,album,False
C000045,song,True
C002351,podcast_episode,True
C014610,podcast_episode,True
C015852,podcast_episode,False
C013510,song,False
C018816,song,False
C023686,song,False
C010064,podcast_episode,False
C004673,song,False
C001762,podcast_episode,False
C008962,song,True
C000691,podcast_episode,False
C006602,album,True
C005472,song,False
C010784,audiobook,False
C012628,song,True
C023083,song,True
C014481,podcast_episode,False
C003939,podcast_episode,False
C009218,podcast_episode,True
C008083,song,True
C019560,podcast_episode,False
C014400,podcast_episode,False
C005059,song,False
C029818,song,False
C021758,podcast_episode,False
C024831,podcast_episode,True
C016290,podcast_episode,False
C010795,song,True
C003027,podcast_episode,False
C024525,song,False
C021951,podcast_episode,False
C021720,podcast_episode,False
C020485,song,True
C012211,audiobook,True
C030627,podcast_episode,False
C030160,song,False
C000194,album,False
C007235,song,False
C010163,song,False
C020240,podcast_episode,False
C010676,podcast_episode,False
C003599,song,False
C012467,podcast_episode,True
C030172,song,False
C014143,podcast_episode,True
C003866,audiobook,True
C022058,song,True
C026349,audiobook,False
C003387,podcast_episode,False
C007509,podcast_episode,False
C017018,audiobook,True
C032184,song,False
C013736,album,False
C006722,audiobook,True
C012057,album,False
C016473,song,False
C027752,podcast_episode,True
C018944,podcast_episode,True
C003107,podcast_episode,False
C032418,podcast_episode,False
C000146,song,True
C028244,song,False
C009382,podcast_episode,False
C012429,song,False
C015008,podcast_episode,True
C019176,podcast_episode,True
C005036,song,True
C020158,podcast_episode,False
C014384,album,False
C017096,song,True
C013432,song,False
C008954,song,True
C024683,song,False
C014433,song,False
C015902,podcast_episode,True
C029183,podcast_episode,False
C004770,album,False
C015303,podcast_episode,True
C002247,podcast_episode,True
C004801,song,True
C019611,podcast_episode,False
C001650,podcast_episode,False
C011633,podcast_episode,True
C032459,podcast_episode,True
C017353,song,False
C029259,podcast_episode,True
C028228,podcast_episode,False
C010896,song,False
C016000,song,True
C007149,podcast_episode,True
C017918,song,False
C023997,song,False
C026124,podcast_episode,False
C018030,song,False
C001679,song,False
C029853,album,True
C010172,song,False
C005872,song,False
C009479,podcast_episode,True
C019908,song,True
C002991,song,False
C032699,podcast_episode,True
C007220,song,False
C004319,song,False
C016909,song,False
C018235,album,False
C032961,song,False
C016475,podcast_episode,False
C029947,podcast_episode,True
C028694,podcast_episode,True
C007672,song,False
C001340,song,False
C015320,album,True
C023863,song,True
C008443,podcast_episode,False
C026106,album,True
C017494,song,True
C033227,podcast_episode,False
C008023,podcast_episode,False
C030835,song,False
C031506,song,True
C000011,song,False
C029305,podcast_episode,False
C021541,song,False
C000107,song,False
C002660,podcast_episode,False
C030315,song,True
C021995,podcast_episode,False
C032477,album,True
C003313,podcast_episode,False
C013300,song,False
C021497,audiobook,False
C008537,song,True
C014561,song,True
C007064,podcast_episode,False
C025720,song,False
C028624,podcast_episode,False
C024621,song,False
C005674,song,True
C032055,song,False
C031866,song,False
C001178,album,False
C016442,song,True
C021278,podcast_episode,True
C024709,audiobook,True
C015086,podcast_episode,True
C014982,podcast_episode,True
C014876,song,True
C026977,song,False
C029249,song,False
C023931,podcast_episode,False
C012151,podcast_episode,True
C007277,album,True
C031207,song,False
C007197,song,True
C000889,song,False
C011938,song,False
C022358,podcast_episode,False
C032079,podcast_episode,True
C008059,podcast_episode,False
C028440,podcast_episode,False
C030760,song,False
C004396,podcast_episode,True
C010230,podcast_episode,True
C006915,podcast_episode,False
C028758,song,True
C012634,song,False
C019697,song,False
C016414,song,False
C013652,song,False
C028083,song,True
C022598,song,False
C014763,song,False
C005733,song,False
C002228,song,False
C015931,song,True
C026117,podcast_episode,False
C018304,podcast_episode,False
C023666,song,True
C018481,podcast_episode,False
C020146,podcast_episode,False
C020369,song,False
C000179,album,False
C014119,album,False
C007849,podcast_episode,False
C008787,song,False
C001751,song,True
C019779,album,False
C000508,podcast_episode,True
C021316,podcast_episode,False
C019291,song,True
C023025,song,False
C018643,song,True
C029034,album,False
C011967,song,True
C004183,podcast_episode,False
C006305,song,False
C030939,song,False
C008824,song,False
C000387,song,False
C016671,song,True
C011169,song,False
C030917,album,False
C018288,song,False
C006781,song,True
C002886,podcast_episode,True
C027145,song,False
C013382,podcast_episode,True
C022399,podcast_episode,False
C015270,song,False
C006064,podcast_episode,True
C007631,song,False
C010121,song,True
C007170,song,False
C013914,song,True
C021076,song,False
C010137,podcast_episode,True
C011532,song,True
C007272,song,False
C004046,podcast_episode,False
C031435,podcast_episode,False
C002950,podcast_episode,False
C022260,album,True
C013607,song,True
C017390,podcast_episode,True
C011647,audiobook,False
C010420,podcast_episode,True
C026176,podcast_episode,True
C010521,song,False
C033015,song,False
C010610,song,False
C013038,album,False
C015867,podcast_episode,False
C008001,album,False
C023430,song,True
C025831,podcast_episode,True
C030659,song,True
C022712,podcast_episode,False
C025410,song,False
C022702,song,False
C033778,audiobook,False
C010434,audiobook,True
C022426,audiobook,True
C001655,song,True
C000422,podcast_episode,False
C032027,song,True
C000059,song,False
C024681,song,True
C011341,podcast_episode,False
C008109,album,False
C026072,album,True
C007083,song,True
C026884,song,False
C011131,album,False
C023207,podcast_episode,False
C016575,song,False
C028215,podcast_episode,True
C010700,album,True
C032389,podcast_episode,False
C016941,album,False
C000145,song,False
C006528,song,True
C024159,song,False
C029836,podcast_episode,True
C024914,podcast_episode,True
C001805,song,True
C009881,song,True
C000519,audiobook,False
C013848,song,True
C019838,podcast_episode,False
C003802,podcast_episode,False
C024808,album,True
C023969,audiobook,False
C010586,podcast_episode,False
C003758,podcast_episode,False
C001795,song,False
C018702,song,False
C020079,song,True
C024706,podcast_episode,True
C018678,song,False
C017090,song,True
C014297,podcast_episode,False
C020794,song,True
C007592,audiobook,False
C008915,album,False
C016044,song,True
C029847,podcast_episode,False
C023651,album,True
C026411,album,True
C032612,podcast_episode,False
C012156,song,False
C011057,podcast_episode,False
C020239,album,True
C010293,song,False
C003096,song,False
C015559,podcast_episode,True
C010956,song,False
C011738,podcast_episode,False
C033770,song,False
C030846,song,True
C014709,song,True
C023465,song,False
C007590,song,False
C020304,song,True
C007896,album,False
C008423,album,False
C012171,podcast_episode,False
C027001,album,False
C029891,song,False
C028933,song,False
C017741,song,True
C006206,album,True
C031082,song,True
C027821,album,False
C007520,audiobook,True
C011832,podcast_episode,True
C007135,song,True
C027495,audiobook,False
C003145,song,False
C002241,song,False
C016405,song,False
C004538,album,False
C008639,song,True
C007956,song,False
C025442,podcast_episode,False
C011273,song,False
C013389,song,False
C019799,song,True
C001266,podcast_episode,False
C018733,podcast_episode,True
C011138,song,False
C022404,podcast_episode,False
C002587,song,False
C018200,song,False
C023298,song,True
C032862,podcast_episode,False
C017131,song,False
C027526,song,False
C001535,song,False
C028864,podcast_episode,False
C022245,podcast_episode,False
C001382,song,False
C011257,song,True
C028774,podcast_episode,True
C017540,podcast_episode,False
C013183,song,False
C029378,song,False
C022391,podcast_episode,False
C001143,album,False
C003736,podcast_episode,True
C016894,album,False
C033841,song,True
C010336,song,True
C029145,podcast_episode,True
C021267,podcast_episode,True
C033513,podcast_episode,False
C010233,audiobook,False
C023727,song,False
C013553,album,False
C027529,podcast_episode,False
C021936,song,False
C023858,song,False
C014936,album,False
C011006,song,True
C014778,song,False
C029862,song,True
C015181,song,False
C023587,podcast_episode,False
C017415,song,False
C006643,podcast_episode,False
C002696,song,True
C028405,song,True
C025406,podcast_episode,True
C003794,song,False
C002227,song,True
C014864,song,True
C033194,song,False
C004636,song,False
C012420,song,False
C030956,podcast_episode,True
C008072,song,False
C000857,song,True
C033115,song,False
C023925,audiobook,False
C031524,song,False
C003029,song,False
C025695,podcast_episode,False
C001296,song,True
C006213,song,False
C013894,album,True
C001304,song,False
C028038,podcast_episode,False
C008238,album,False
C017077,song,False
C004196,song,False
C031150,song,True
C027667,song,False
C033647,song,True
C026492,podcast_episode,True
C005540,podcast_episode,True
C011504,song,False
C031714,podcast_episode,True
C017652,podcast_episode,False
C027329,album,False
C019258,album,True
C013493,album,True
C013179,song,False
C026517,audiobook,True
C031208,song,True
C028822,podcast_episode,True
C000183,song,False
C000252,podcast_episode,True
C033563,podcast_episode,False
C008863,song,False
C007705,podcast_episode,False
C022579,song,False
C020983,song,False
C005315,podcast_episode,True
C011059,song,True
C021432,podcast_episode,False
C011842,podcast_episode,False
C010505,song,False
C001106,song,False
C006557,song,False
C014428,podcast_episode,False
C027854,song,True
C020481,podcast_episode,True
C019076,podcast_episode,False
C029500,song,False
C000913,audiobook,False
C032991,podcast_episode,False
C032336,song,False
C018874,song,False
C019674,podcast_episode,False
C008307,song,False
C019770,song,True
C013541,podcast_episode,False
C024416,song,False
C004517,audiobook,False
C005852,song,True
C013169,podcast_episode,False
C010132,song,True
C017227,song,True
C008737,podcast_episode,False
C024410,podcast_episode,False
C015020,podcast_episode,False
C014846,song,True
C032394,song,True
C022683,song,False
C016574,song,False
C021878,song,False
C031219,album,False
C024397,song,True
C031246,podcast_episode,False
C012049,album,False
C022008,song,True
C023329,podcast_episode,False
C026617,podcast_episode,False
C027522,song,False
C020044,song,False
C011229,song,False
C026317,podcast_episode,False
C030761,song,True
C031433,song,False
C009453,podcast_episode,True
C007297,album,True
C030007,song,True
C011294,song,False
C001458,song,False
C002954,podcast_episode,False
C021034,podcast_episode,False
C008689,podcast_episode,False
C001113,song,True
C012402,song,False
C025814,song,False
C032099,song,False
C016393,podcast_episode,False
C007317,song,False
C011107,podcast_episode,True
C011491,song,False
C018726,podcast_episode,False
C018510,song,True
C007180,song,False
C021235,podcast_episode,False
C003047,song,True
C018191,song,False
C019442,podcast_episode,True
C032162,song,False
C016720,album,False
C021534,song,False
C004411,song,True
C017031,song,False
C003816,podcast_episode,False
C033476,song,True
C018185,song,False
C010418,podcast_episode,False
C013876,song,False
C026893,song,False
C006149,song,False
C003300,podcast_episode,True
C016945,podcast_episode,False
C010773,podcast_episode,True
C029190,song,False
C003279,song,False
C021225,album,False
C023007,song,False
C029954,podcast_episode,False
C009617,audiobook,True
C026397,album,False
C014335,album,True
C022184,song,True
C003996,song,True
C000226,song,False
C000572,song,True
C031971,song,False
C011668,podcast_episode,False
C011909,song,False
C009258,song,False
C022616,song,False
C018394,song,False
C022990,audiobook,False
C031826,song,False
C000344,podcast_episode,True
C002877,song,True
C005891,podcast_episode,False
C023589,song,False
C016263,audiobook,True
C012381,song,False
C022997,song,False
C033599,song,False
C015370,album,True
C006584,podcast_episode,True
C000898,song,False
C023342,song,True
C019592,podcast_episode,False
C004144,song,False
C009005,podcast_episode,False
C031642,podcast_episode,False
C008280,audiobook,True
C009008,song,False
C028141,album,False
C003560,podcast_episode,False
C021789,song,True
C010846,podcast_episode,False
C029723,song,False
C011223,song,False
C012333,podcast_episode,False
C023197,podcast_episode,False
C008235,song,True
C007834,song,True
C010024,song,True
C022917,song,False
C032621,song,True
C032702,song,False
C023094,podcast_episode,False
C018125,song,False
C001981,song,False
C021714,song,False
C033253,song,False
C032588,song,False
C022835,album,False
C002358,song,False
C010257,song,False
C016085,podcast_episode,False
C014523,podcast_episode,True
C003500,podcast_episode,False
C011167,song,False
C031981,podcast_episode,True
C000075,song,True
C008963,audiobook,False
C033180,song,False
C017799,song,False
C016486,podcast_episode,False
C011469,podcast_episode,False
C002053,podcast_episode,True
C027169,song,True
C027281,podcast_episode,False
C027539,song,False
C018745,album,True
C019677,podcast_episode,False
C021363,podcast_episode,False
C027523,song,True
C016182,song,False
C014116,album,False
C001630,podcast_episode,True
C003935,song,True
C002511,song,False
C007035,song,False
C031203,podcast_episode,False
C010947,audiobook,True
C005765,audiobook,False
C014199,song,False
C013027,song,True
C004741,song,False
C000655,song,True
C030143,song,True
C028991,song,False
C025579,audiobook,False
C031349,song,False
C005145,podcast_episode,False
C008008,audiobook,False
C022412,podcast_episode,False
C027551,song,False
C008085,audiobook,False
C010078,song,True
C013620,podcast_episode,False
C007877,podcast_episode,False
C033849,song,True
C010533,audiobook,False
C000665,song,True
C021134,song,False
C018050,song,False
C025177,podcast_episode,False
C025333,song,True
C001036,song,True
C005729,song,True
C005607,song,False
C030175,song,False
C021733,song,True
C003228,podcast_episode,False
C018698,song,False
C031287,podcast_episode,True
C009712,song,True
C000366,album,False
C031024,song,False
C032948,podcast_episode,False
C033417,song,True
C011580,podcast_episode,False
C020460,song,False
C009677,podcast_episode,True
C025789,song,False
C001780,album,False
C026162,song,False
C024256,song,False
C002154,song,True
C009397,audiobook,False
C028003,song,True
C010000,podcast_episode,False
C029628,song,False
C020417,song,False
C016793,song,False
C010960,podcast_episode,False
C010473,podcast_episode,True
C006238,song,False
C026930,song,False
C009024,song,False
C014410,podcast_episode,True
C004890,song,True
C003485,podcast_episode,False
C013290,album,False
C010268,podcast_episode,False
C004589,podcast_episode,False
C026144,podcast_episode,False
C011447,song,True
C001325,podcast_episode,True
C031223,song,False
C021341,song,True
C015936,podcast_episode,False
C017733,song,False
C003540,podcast_episode,False
C001044,audiobook,True
C012959,audiobook,False
C024398,song,True
C007445,song,False
C007126,podcast_episode,False
C028626,song,False
C027705,audiobook,True
C004965,song,True
C009102,podcast_episode,True
C017264,song,False
C002771,podcast_episode,False
C003728,song,False
C029316,song,False
C011786,podcast_episode,True
C026819,song,False
C002979,song,True
C018023,podcast_episode,False
C025188,song,False
C018155,song,False
C011510,song,False
C027640,song,False
C028477,podcast_episode,True
C023466,album,False
C030722,podcast_episode,False
C016911,album,False
C018093,podcast_episode,True
C009411,song,False
C000379,podcast_episode,True
C017204,song,False
C017807,audiobook,False
C023143,album,False
C012909,podcast_episode,False
C027804,song,False
C021454,song,False
C002650,song,False
C029304,song,False
C031314,song,False
C027160,podcast_episode,False
C017385,audiobook,True
C004686,song,False
C006490,podcast_episode,True
C031706,song,True
C001428,podcast_episode,True
C009842,song,False
C008092,podcast_episode,True
C027048,podcast_episode,False
C001277,podcast_episode,False
C022737,song,False
C005955,song,False
C016429,song,False
C028514,song,False
C030123,podcast_episode,True
C013531,song,True
C009535,song,False
C013913,song,False
C000971,album,True
C000134,song,False
C017935,album,False
C016273,song,False
C020448,song,True
C028059,song,False
C028341,podcast_episode,True
C022977,album,False
C001053,song,False
C004934,song,False
C030839,podcast_episode,True
C032883,song,False
C026400,song,False
C026796,song,False
C014783,song,True
C015482,song,False
C030099,song,False
C008598,album,True
C011046,song,True
C001586,podcast_episode,True
C006202,audiobook,False
C008515,song,False
C018027,podcast_episode,False
C007243,song,False
C020382,song,True
C009026,song,False
C012104,song,False
C025474,song,False
C022081,podcast_episode,False
C028517,podcast_episode,False
C027013,album,False
C000724,audiobook,True
C030555,album,False
C018226,song,False
C031776,song,False
C024912,podcast_episode,True
C017789,song,False
C022003,song,False
C003475,podcast_episode,False
C025329,podcast_episode,True
C025885,song,False
C006797,song,False
C028234,song,True
C031476,podcast_episode,False
C010066,album,False
C028701,song,False
C003196,song,False
C020324,song,False
C002756,song,True
C027985,audiobook,True
C006911,podcast_episode,False
C026153,song,True
C021704,album,False
C016214,song,False
C019689,song,False
C010274,podcast_episode,False
C029071,song,True
C014160,podcast_episode,False
C002219,song,True
C003344,podcast_episode,False
C011514,song,False
C008637,podcast_episode,False
C020140,podcast_episode,False
C003582,song,False
C031755,podcast_episode,False
C016428,podcast_episode,False
C001789,album,False
C012562,song,True
C009056,album,False
C003418,podcast_episode,False
C012468,song,False
C008973,song,True
C031143,song,False
C007209,podcast_episode,False
C003982,podcast_episode,False
C030988,song,True
C033646,podcast_episode,False
C028046,song,True
C011536,song,True
C033057,song,False
C010971,song,False
C025407,audiobook,False
C033309,song,False
C017309,podcast_episode,False
C033453,album,False
C003187,podcast_episode,False
C003936,song,True
C028402,podcast_episode,False
C029454,song,False
C030551,song,False
C008908,song,False
C013879,podcast_episode,False
C018608,song,True
C008560,song,False
C012978,audiobook,False
C010719,podcast_episode,True
C000325,podcast_episode,False
C031416,podcast_episode,True
C022397,podcast_episode,False
C019005,podcast_episode,True
C014444,song,False
C002878,podcast_episode,False
C023728,song,False
C008120,song,True
C002176,audiobook,True
C006565,podcast_episode,False
C027139,song,True
C033528,album,False
C015139,song,False
C004010,song,True
C023209,song,False
C004294,song,False
C020811,song,False
C006017,podcast_episode,False
C011204,song,True
C002908,song,True
C009742,song,False
C023302,song,False
C017886,podcast_episode,False
C030798,song,False
C004929,song,False
C029924,podcast_episode,False
C022891,song,True
C005664,audiobook,False
C004776,album,False
C016155,song,False
C028593,podcast_episode,True
C014231,podcast_episode,False
C021554,song,False
C026078,album,False
C018699,song,False
C010022,album,True
C026590,song,False
C018988,audiobook,False
C032355,album,False
C000972,song,False
C019264,podcast_episode,True
C007937,album,False
C022221,song,False
C021268,podcast_episode,False
C031283,song,False
C016090,podcast_episode,False
C022898,podcast_episode,False
C001039,song,True
C029201,podcast_episode,True
C020023,podcast_episode,False
C021518,song,False
C001453,podcast_episode,True
C030382,podcast_episode,False
C014953,song,False
C006550,song,True
C028447,song,True
C005273,song,False
C019401,podcast_episode,False
C004105,song,True
C030855,podcast_episode,False
C030138,podcast_episode,False
C002104,album,True
C017781,song,False
C027831,podcast_episode,True
C021520,podcast_episode,True
C020824,podcast_episode,False
C011814,audiobook,False
C005270,album,True
C022510,song,False
C031202,song,False
C028001,song,False
C010009,album,False
C025361,podcast_episode,True
C004309,song,False
C008248,podcast_episode,True
C027429,song,True
C011419,album,True
C018243,song,True
C011339,song,True
C010883,podcast_episode,True
C004330,podcast_episode,False
C011033,song,False
C027181,song,True
C018051,song,False
C011497,song,False
C031312,song,False
C004911,song,False
C013623,album,True
C004665,song,True
C007612,podcast_episode,True
C015528,song,True
C031661,song,True
C026570,song,False
C028321,podcast_episode,True
C022280,song,False
C019365,podcast_episode,False
C012897,podcast_episode,False
C013393,podcast_episode,True
C022815,song,False
C016385,song,True
C002151,song,False
C012321,song,False
C002955,song,False
C026178,song,True
C012864,podcast_episode,False
C020298,album,False
C010804,song,True
C031964,song,False
C029932,song,True
C020583,song,True
C027632,podcast_episode,False
C013238,audiobook,False
C015312,song,False
C031523,song,True
C017465,song,False
C001563,album,False
C031090,song,False
C028733,podcast_episode,False
C029245,song,True
C006809,song,True
C014854,song,False
C020659,song,False
C033660,podcast_episode,False
C018190,song,False
C033555,song,False
C002133,album,True
C013597,song,True
C019059,podcast_episode,False
C017206,song,False
C023029,song,False
C001447,podcast_episode,False
C001148,podcast_episode,False
C032591,song,False
C032648,song,True
C024731,song,True
C021287,podcast_episode,False
C022989,song,False
C024000,podcast_episode,False
C005755,song,True
C010376,podcast_episode,False
C010714,album,True
C026296,song,False
C008872,podcast_episode,False
C031794,podcast_episode,True
C013922,audiobook,False
C004710,song,False
C002036,song,False
C021265,song,True
C026459,song,False
C007528,song,False
C016809,song,False
C027074,song,False
C030989,song,False
C031256,podcast_episode,True
C009811,podcast_episode,False
C025021,podcast_episode,True
C028612,podcast_episode,False
C027042,song,True
C000489,album,True
C011733,song,False
C014107,podcast_episode,True
C004377,song,False
C002426,song,True
C030898,song,False
C017706,song,False
C015051,song,False
C030185,song,False
C019004,song,True
C005037,song,False
C017891,podcast_episode,True
C013605,song,False
C018609,song,False
C019705,song,False
C027537,podcast_episode,False
C032092,song,True
C006865,podcast_episode,False
C011678,song,False
C025248,song,True
C006574,song,False
C017765,song,False
C010826,podcast_episode,False
C019651,podcast_episode,False
C015431,podcast_episode,True
C005929,song,True
C028750,song,False
C005025,song,False
C008002,song,False
C033728,song,True
C002968,podcast_episode,False
C030069,song,False
C032448,song,False
C007488,song,False
C029168,podcast_episode,False
C017599,podcast_episode,False
C009439,song,False
C021595,song,False
C033072,song,False
C024500,audiobook,False
C029975,song,True
C007845,song,False
C029803,podcast_episode,True
C021293,song,True
C011403,song,True
C027362,song,False
C017519,song,False
C006628,podcast_episode,False
C027346,podcast_episode,False
C031437,album,False
C014840,podcast_episode,False
C027142,song,False
C016903,podcast_episode,True
C010249,song,False
C022698,song,True
C025788,album,False
C008473,song,False
C033857,podcast_episode,False
C032435,podcast_episode,False
C007771,song,True
C028690,song,False
C009003,song,True
C009657,podcast_episode,False
C018348,podcast_episode,False
C004446,song,False
C033078,song,True
C033329,album,False
C005586,album,False
C000126,podcast_episode,True
C031344,podcast_episode,False
C026289,podcast_episode,False
C017243,song,False
C016433,song,True
C001980,album,False
C024911,song,False
C006255,album,False
C033093,song,False
C006159,song,False
C011770,song,True
C020940,song,False
C028297,podcast_episode,False
C026448,song,True
C018882,song,True
C002119,song,False
C028358,album,True
C013005,song,False
C007387,song,True
C000419,song,True
C026557,song,False
C022462,song,True
C017436,song,True
C000991,song,True
C018968,podcast_episode,False
C028237,song,True
C029909,album,True
C026083,album,True
C011552,podcast_episode,False
C027567,podcast_episode,False
C020957,album,True
C022395,album,False
C009497,song,False
C024420,album,False
C032809,song,False
C024314,podcast_episode,False
C016401,podcast_episode,False
C028377,song,False
C001731,podcast_episode,False
C012585,song,True
C022762,podcast_episode,False
C032901,album,False
C002498,song,True
C031851,podcast_episode,True
C016760,song,False
C009555,podcast_episode,True
C030141,song,False
C006821,podcast_episode,False
C026905,song,True
C003373,song,False
C001992,song,False
C032542,podcast_episode,False
C013634,song,False
C021138,audiobook,False
C025281,album,True
C031680,podcast_episode,False
C025125,song,True
C015873,song,False
C028338,podcast_episode,True
C027586,album,True
C025726,song,False
C009221,podcast_episode,True
C019095,podcast_episode,True
C009426,song,True
C001503,song,False
C022242,album,True
C031863,podcast_episode,False
C007847,song,True
C020927,album,False
C019551,podcast_episode,True
C022943,podcast_episode,False
C026898,song,False
C029878,song,False
C011252,song,True
C011002,podcast_episode,False
C030995,podcast_episode,False
C029320,album,False
C027078,podcast_episode,True
C009085,song,True
C029012,song,True
C031451,album,False
C010802,podcast_episode,False
C018310,podcast_episode,False
C018693,song,False
C027728,song,False
C031814,song,True
C002140,song,False
C019481,audiobook,False
C015444,song,False
C007189,podcast_episode,True
C003881,song,True
C011120,song,True
C015760,song,False
C021269,song,True
C017857,song,False
C022133,song,False
C032400,podcast_episode,False
C007554,song,False
C024430,song,False
C002177,song,False
C000369,song,False
C016195,audiobook,True
C014671,song,False
C025770,song,False
C025652,song,False
C030271,song,False
C006038,song,True
C024187,song,True
C022172,song,True
C014572,song,False
C009792,album,False
C008757,song,False
C025459,song,True
C029837,podcast_episode,False
C025842,song,False
C012852,song,False
C014529,podcast_episode,True
C004028,song,False
C032596,album,True
C011849,album,True
C005248,song,False
C032532,song,False
C000430,song,False
C007620,song,False
C013363,album,False
C000289,song,True
C027898,album,False
C029633,song,True
C024108,album,True
C020276,song,True
C027062,podcast_episode,True
C005389,podcast_episode,True
C026269,song,True
C003985,song,True
C028254,song,False
C004208,podcast_episode,True
C009067,song,True
C017880,podcast_episode,False
C025047,song,True
C003025,song,False
C007485,podcast_episode,False
C020535,song,True
C001246,song,True
C028411,podcast_episode,True
C030232,song,False
C030170,album,False
C029701,podcast_episode,False
C031832,audiobook,False
C013630,song,False
C031023,song,True
C019084,song,False
C010152,song,True
C012655,album,False
C018165,song,True
C032450,podcast_episode,False
C015784,album,True
C024096,podcast_episode,False
C019828,podcast_episode,True
C014182,podcast_episode,False
C013996,song,True
C001258,podcast_episode,False
C008861,song,True
C025068,song,True
C029546,song,False
C010698,song,False
C029355,song,True
C031019,audiobook,False
C022875,song,False
C015896,song,True
C033271,audiobook,True
C003964,podcast_episode,True
C028126,song,False
C028897,song,False
C013373,podcast_episode,False
C001800,song,True
C032790,song,True
C001310,song,True
C004669,album,False
C029512,audiobook,True
C031454,song,True
C000408,song,True
C005537,podcast_episode,False
C030782,song,False
C019347,podcast_episode,True
C003138,podcast_episode,False
C026074,song,True
C030729,audiobook,False
C024034,podcast_episode,True
C026469,song,False
C018996,song,True
C018668,song,False
C000593,song,False
C021868,song,False
C022735,song,False
C005051,song,True
C014353,song,False
C016963,song,True
C030272,song,False
C021274,song,True
C015459,podcast_episode,False
C019717,podcast_episode,True
C000709,song,False
C019350,podcast_episode,True
C023219,song,False
C016449,song,False
C023718,song,False
C013578,song,False
C002413,podcast_episode,False
C026566,song,True
C014230,song,False
C029582,podcast_episode,False
C025062,song,False
C005645,song,False
C024856,song,False
C009237,song,False
C000361,audiobook,False
C015817,podcast_episode,True
C031904,song,False
C015547,song,True
C023328,song,False
C017841,song,False
C032971,album,False
C008146,song,False
C010468,song,False
C033615,podcast_episode,True
C012870,song,False
C023672,song,False
C022439,podcast_episode,False
C008200,song,False
C017210,album,True
C024915,audiobook,False
C027384,podcast_episode,True
C028039,song,True
C028817,song,True
C002902,song,False
C013770,podcast_episode,False
C030268,song,False
C010222,song,False
C033493,song,False
C010491,podcast_episode,True
C016589,song,False
C012592,podcast_episode,False
C014193,podcast_episode,False
C006344,song,True
C028535,album,False
C029102,song,False
C025100,podcast_episode,True
C018772,audiobook,False
C026460,song,False
C002075,song,False
C020435,album,False
C006619,song,False
C030593,podcast_episode,False
C002910,song,False
C002598,podcast_episode,False
C013985,podcast_episode,False
C019306,song,False
C027564,podcast_episode,False
C013329,song,True
C024693,podcast_episode,False
C006500,song,False
C026442,podcast_episode,True
C023185,song,True
C027573,album,False
C010591,song,True
C029322,song,False
C031076,song,False
C028923,podcast_episode,False
C021092,podcast_episode,False
C033527,podcast_episode,True
C026866,song,False
C012370,album,False
C014175,song,False
C002515,song,True
C018088,album,False
C008660,song,False
C006586,song,False
C002533,podcast_episode,False
C012431,song,False
C024349,song,False
C022707,song,True
C024816,song,False
C002610,song,True
C019529,song,True
C018867,album,False
C019387,song,True
C030220,song,True
C016862,song,True
C005985,album,True
C006827,podcast_episode,False
C000257,podcast_episode,False
C029215,song,True
C025620,audiobook,False
C012743,podcast_episode,False
C005207,album,False
C005122,album,False
C009559,album,True
C012966,podcast_episode,True
C015887,podcast_episode,False
C017938,podcast_episode,False
C005332,audiobook,False
C010075,song,False
C019260,song,False
C024970,album,False
C021248,album,True
C024531,podcast_episode,False
C002726,album,True
C019236,song,False
C021079,song,False
C022686,song,False
C006139,song,True
C014794,podcast_episode,True
C010456,song,True
C001772,song,False
C016086,song,False
C017711,album,False
C016319,song,False
C001480,song,False
C003064,song,False
C015883,song,False
C000068,podcast_episode,True
C019737,song,True
C005692,song,False
C025322,album,False
C029228,song,True
C011026,song,False
C011065,song,False
C017404,podcast_episode,False
C001411,album,True
C019412,podcast_episode,True
C014367,song,False
C009481,song,False
C002307,song,False
C006829,podcast_episode,False
C032382,song,False
C031494,song,False
C000122,podcast_episode,False
C000945,podcast_episode,False
C004897,song,False
C009078,podcast_episode,True
C023960,song,True
C004368,podcast_episode,False
C002644,album,True
C020742,podcast_episode,False
C030251,album,False
C018623,album,True
C000707,song,False
C029811,song,True
C004389,song,False
C032594,song,False
C014232,podcast_episode,True
C028092,podcast_episode,False
C007062,podcast_episode,True
C001823,podcast_episode,False
C011306,song,False
C023836,podcast_episode,False
C014292,podcast_episode,True
C024515,song,False
C025356,song,False
C028570,song,True
C006650,audiobook,True
C032471,song,True
C025008,song,False
C000232,podcast_episode,False
C029094,song,True
C016252,album,False
C001811,podcast_episode,True
C003803,album,False
C033428,song,True
C019917,song,True
C005211,audiobook,False
C028043,song,True
C018210,album,True
C018181,song,False
C000215,podcast_episode,False
C001168,podcast_episode,False
C015642,podcast_episode,False
C009694,podcast_episode,False
C013654,podcast_episode,False
C007795,song,False
C018541,song,False
C017316,podcast_episode,False
C004103,song,False
C004951,album,False
C006610,song,False
C010530,song,False
C025898,podcast_episode,False
C016546,song,False
C030331,song,True
C024133,song,False
C014062,album,False
C013696,audiobook,False
C009045,song,False
C028393,podcast_episode,False
C011812,song,False
C019088,song,True
C008638,podcast_episode,False
C007419,song,False
C031317,song,False
C008386,podcast_episode,True
C031584,album,True
C028519,song,False
C008042,podcast_episode,True
C027593,song,True
C021624,podcast_episode,False
C009373,podcast_episode,False
C027394,song,True
C032636,song,False
C003636,song,True
C015491,audiobook,False
C032601,song,False
C006517,song,False
C008055,song,True
C029040,song,False
C028608,song,True
C010767,podcast_episode,False
C023336,song,True
C022114,podcast_episode,False
C020661,song,False
C013490,podcast_episode,False
C008068,album,False
C009202,podcast_episode,False
C025983,song,False
C024771,podcast_episode,True
C020980,podcast_episode,False
C010059,song,False
C014355,song,False
C015165,podcast_episode,False
C032159,podcast_episode,False
C016534,podcast_episode,False
C010405,song,False
C008341,podcast_episode,False
C000532,song,False
C033362,podcast_episode,False
C025219,song,True
C015726,podcast_episode,False
C025503,song,True
C009871,podcast_episode,False
C009267,song,True
C025565,podcast_episode,False
C014002,song,False
C008098,song,True
C005469,podcast_episode,True
C031196,podcast_episode,False
C030092,song,True
C013436,podcast_episode,False
C021962,song,False
C016599,song,False
C027425,album,False
C026214,song,False
C000987,song,False
C003487,song,True
C027263,album,True
C006559,podcast_episode,False
C013691,song,True
C020139,album,False
C029066,podcast_episode,False
C032468,song,False
C031952,song,False
C029730,podcast_episode,True
C010360,song,False
C032353,song,False
C018903,song,False
C031395,podcast_episode,True
C004303,podcast_episode,False
C004578,song,False
C015580,podcast_episode,False
C023817,song,True
C007645,podcast_episode,True
C025619,song,False
C012891,podcast_episode,False
C007544,podcast_episode,True
C017771,podcast_episode,False
C031562,podcast_episode,False
C033673,song,False
C000091,song,True
C029318,album,False
C024902,podcast_episode,False
C033419,podcast_episode,False
C009239,song,True
C020791,album,True
C011606,podcast_episode,False
C013056,song,False
C021156,podcast_episode,False
C031136,album,False
C002751,podcast_episode,False
C030011,song,False
C024776,song,True
C022636,podcast_episode,False
C024893,podcast_episode,False
C020249,song,False
C031558,song,False
C006127,song,True
C019141,song,False
C023848,podcast_episode,False
C021419,song,False
C016642,song,True
C021824,song,False
C010512,song,False
C020505,song,False
C016645,song,False
C033135,album,False
C027285,song,False
C002547,album,False
C016751,song,False
C016747,song,False
C015815,song,False
C025481,song,True
C005477,song,False
C001130,song,False
C030949,podcast_episode,False
C028836,song,False
C009615,song,True
C027049,podcast_episode,True
C010867,song,False
C026401,podcast_episode,True
C014504,song,False
C010735,audiobook,False
C013186,podcast_episode,False
C014929,song,False
C028049,album,False
C031113,song,False
C027299,podcast_episode,False
C009122,song,True
C008482,song,False
C011937,song,False
C016493,song,True
C001853,song,False
C029916,song,False
C005250,podcast_episode,False
C010235,podcast_episode,False
C019418,audiobook,False
C001081,podcast_episode,False
C031352,song,False
C016127,song,False
C024533,song,False
C005930,song,False
C011562,song,True
C017778,song,False
C014423,podcast_episode,False
C015779,podcast_episode,False
C002030,album,True
C019558,song,True
C006343,song,False
C007951,song,False
C027884,song,True
C007955,song,False
C032405,album,False
C023330,song,False
C001533,audiobook,True
C004620,song,False
C029219,song,False
C014078,podcast_episode,True
C012403,album,False
C012627,podcast_episode,False
C015732,song,False
C004678,song,True
C023933,song,False
C011772,song,False
C025190,podcast_episode,False
C025735,podcast_episode,False
C007300,podcast_episode,True
C028385,song,False
C022950,song,False
C026981,podcast_episode,False
C026957,song,False
C027231,song,False
C029565,song,True
C006556,podcast_episode,False
C002328,song,True
C025024,song,True
C004699,audiobook,True
C014267,podcast_episode,False
C012268,podcast_episode,True
C008730,song,False
C003554,song,False
C018063,podcast_episode,False
C003094,song,False
C028922,audiobook,False
C013112,podcast_episode,True
C018241,song,True
C025391,song,True
C000549,song,True
C025483,song,True
C008587,audiobook,False
C008531,podcast_episode,False
C029979,podcast_episode,False
C017438,song,True
C027851,song,True
C012671,song,True
C028207,podcast_episode,True
C021968,song,True
C010886,album,True
C018318,song,False
C033736,album,False
C015271,song,False
C011878,song,False
C022980,podcast_episode,False
C032989,audiobook,True
C008070,audiobook,False
C006246,audiobook,True
C016417,song,True
C027864,song,True
C033665,podcast_episode,False
C021873,song,False
C026644,song,False
C033344,song,False
C032705,song,False
C015220,podcast_episode,False
C020632,podcast_episode,False
C009086,podcast_episode,False
C016687,audiobook,False
C007588,song,False
C007412,song,True
C021739,song,False
C012369,song,False
C014906,song,True
C019609,podcast_episode,False
C031983,song,False
C005148,song,False
C003603,podcast_episode,False
C001498,song,True
C033708,song,False
C003665,song,False
C015638,podcast_episode,False
C012532,song,False
C028764,song,False
C015314,song,False
C003651,song,False
C012727,song,False
C031653,audiobook,False
C019078,song,False
C031311,podcast_episode,False
C023285,song,False
C008533,song,True
C030383,song,False
C004610,podcast_episode,False
C030059,podcast_episode,False
C019514,song,False
C010770,song,False
C024724,song,False
C005441,song,False
C017616,audiobook,True
C026377,song,False
C028501,podcast_episode,True
C023156,song,True
C008201,song,True
C017066,song,True
C003968,song,False
C013912,song,True
C005429,song,True
C017580,song,False
C001825,song,False
C004917,podcast_episode,True
C032997,podcast_episode,False
C021899,song,False
C010968,song,False
C005107,song,True
C019080,song,False
C016198,song,False
C029444,podcast_episode,False
C011740,song,False
C002941,song,True
C012466,song,True
C002952,song,False
C003879,song,False
C003696,podcast_episode,False
C025494,album,True
C013999,podcast_episode,True
C019621,podcast_episode,False
C029683,song,True
C009705,song,True
C029992,album,False
C032870,song,True
C017516,song,True
C005972,podcast_episode,True
C018528,album,False
C005869,song,False
C031572,podcast_episode,True
C029389,song,True
C001187,song,False
C028480,song,False
C020533,album,False
C008141,podcast_episode,False
C009890,song,True
C001619,song,False
C004347,podcast_episode,True
C020782,song,True
C009669,podcast_episode,False
C015512,song,False
C002107,podcast_episode,False
C027345,song,True
C010286,song,False
C004259,podcast_episode,False
C018841,album,False
C001079,song,False
C018233,song,False
C004808,song,False
C023689,song,True
C017219,album,False
C008375,album,True
C026277,song,False
C029981,song,True
C017835,song,False
C032340,song,True
C024134,podcast_episode,False
C002703,album,False
C031521,song,True
C033427,song,True
C015377,podcast_episode,False
C002279,podcast_episode,True
C017949,song,False
C028714,audiobook,False
C013756,podcast_episode,False
C012631,song,False
C004870,song,False
C009167,podcast_episode,False
C010077,song,True
C001241,song,True
C008054,song,True
C013484,album,False
C024657,podcast_episode,False
C010727,song,False
C021736,podcast_episode,False
C018390,song,False
C009912,song,False
C023032,song,True
C023522,song,True
C026738,podcast_episode,False
C005159,song,True
C031960,podcast_episode,False
C006032,song,False
C018066,song,False
C022258,podcast_episode,False
C019373,podcast_episode,True
C010914,album,True
C008556,audiobook,True
C022993,song,False
C018605,song,False
C002344,podcast_episode,False
C014745,song,True
C000236,song,True
C015084,podcast_episode,False
C020315,song,True
C003684,podcast_episode,False
C013074,song,False
C024890,album,False
C014912,song,False
C008447,song,False
C024432,podcast_episode,False
C018587,song,True
C018151,podcast_episode,True
C025399,song,True
C009438,song,False
C007508,podcast_episode,False
C026638,song,False
C009476,song,False
C013130,song,False
C021282,song,False
C033216,song,False
C017964,song,False
C021620,song,False
C000077,song,True
C018129,album,True
C025041,song,False
C020302,song,False
C009928,song,False
C002996,song,False
C032824,audiobook,False
C009268,podcast_episode,False
C031493,audiobook,False
C020367,song,False
C022783,podcast_episode,False
C017334,song,False
C026428,song,False
C032791,podcast_episode,False
C023487,podcast_episode,False
C012335,song,True
C018412,podcast_episode,True
C004008,song,False
C033752,song,False
C008658,podcast_episode,False
C011102,song,False
C018178,song,False
C031974,song,True
C027846,song,False
C000791,song,False
C028743,song,False
C020335,podcast_episode,False
C019911,song,True
C004692,song,True
C030695,song,False
C002314,podcast_episode,True
C013705,song,False
C008594,podcast_episode,True
C007718,song,False
C006226,podcast_episode,False
C027986,podcast_episode,False
C019687,song,True
C025649,song,True
C030514,album,True
C007409,album,False
C007098,song,False
C032664,podcast_episode,False
C006995,podcast_episode,False
C027924,song,False
C015548,album,False
C019041,song,False
C001730,song,False
C023964,song,False
C031440,podcast_episode,False
C025964,song,False
C017215,song,False
C033788,song,False
C009953,song,False
C016820,song,False
C004295,song,False
C024639,song,True
C016900,song,False
C002634,podcast_episode,False
C006044,song,False
C030261,podcast_episode,True
C017118,song,True
C017907,podcast_episode,False
C025426,song,False
C017233,song,True
C017687,podcast_episode,False
C033681,song,False
C016600,podcast_episode,False
C005587,song,False
C030444,song,False
C028456,song,False
C026410,podcast_episode,False
C006952,podcast_episode,True
C005919,song,False
C014401,song,False
C024573,song,True
C012274,audiobook,True
C020741,podcast_episode,False
C015676,audiobook,False
C022066,podcast_episode,True
C016609,album,False
C026231,podcast_episode,False
C033396,audiobook,True
C003754,song,False
C000190,song,True
C019257,song,False
C005202,podcast_episode,False
C003477,album,False
C004352,song,False
C024735,podcast_episode,False
C019537,podcast_episode,False
C023076,song,False
C014605,album,False
C026886,podcast_episode,False
C031635,song,False
C001909,song,True
C013835,podcast_episode,False
C025852,podcast_episode,False
C006954,album,False
C032820,podcast_episode,True
C001442,song,True
C000135,song,True
C024528,song,False
C010158,song,False
C028017,album,True
C022491,song,True
C008846,song,False
C020558,song,False
C019549,podcast_episode,False
C005401,album,False
C030776,song,True
C011220,podcast_episode,True
C026812,song,False
C002217,song,False
C032577,album,True
C013676,song,True
C023740,podcast_episode,False
C011518,audiobook,False
C005198,song,False
C006425,podcast_episode,True
C020970,song,True
C021898,podcast_episode,True
C031021,podcast_episode,False
C019668,album,False
C025633,song,False
C031356,album,False
C007613,song,True
C005897,podcast_episode,False
C023716,song,False
C012735,song,True
C001435,song,True
C006286,song,True
C032174,album,False
C019399,song,False
C014336,podcast_episode,False
C031315,podcast_episode,True
C023026,song,True
C023121,song,True
C004640,song,False
C018486,podcast_episode,False
C016837,podcast_episode,False
C010907,podcast_episode,False
C007348,song,True
C010162,song,True
C007727,podcast_episode,False
C026293,podcast_episode,False
C026584,song,False
C025051,podcast_episode,True
C015043,song,False
C024766,song,False
C019887,album,False
C001268,song,False
C033748,song,False
C026323,podcast_episode,True
C005832,podcast_episode,False
C029527,song,False
C003098,song,False
C021794,podcast_episode,False
C004349,podcast_episode,False
C015632,podcast_episode,False
C009332,podcast_episode,False
C027472,song,False
C012686,song,True
C011616,podcast_episode,True
C021371,podcast_episode,True
C029113,podcast_episode,False
C020112,song,False
C006075,podcast_episode,False
C006562,song,False
C027249,podcast_episode,True
C026056,song,False
C017497,song,False
C017181,song,False
C017951,song,False
C015649,podcast_episode,True
C008710,podcast_episode,True
C010673,album,True
C013751,podcast_episode,False
C003242,podcast_episode,True
C023001,album,False
C020871,song,False
C001816,song,True
C033504,song,True
C007695,podcast_episode,True
C021270,song,True
C024947,podcast_episode,False
C020003,song,False
C008555,song,True
C003723,album,False
C020542,audiobook,False
C009460,song,True
C012737,song,False
C026394,album,True
C021964,album,True
C015332,podcast_episode,False
C020704,song,False
C006546,song,False
C000741,podcast_episode,False
C011522,song,True
C015131,song,False
C011533,song,False
C010794,podcast_episode,True
C000842,album,False
C016370,podcast_episode,True
C011489,podcast_episode,False
C021081,song,False
C013433,song,False
C002577,song,False
C006686,podcast_episode,False
C001945,song,False
C023953,album,True
C004231,album,False
C014424,album,False
C004916,podcast_episode,True
C007236,song,True
C020440,podcast_episode,False
C032653,album,False
C024446,song,False
C029365,audiobook,True
C008393,song,False
C025761,song,False
C015709,song,True
C027773,song,True
C028746,podcast_episode,False
C021816,song,False
C018519,song,True
C031446,song,True
C004729,song,True
C004596,song,True
C001631,song,False
C029372,audiobook,False
C004423,podcast_episode,False
C023813,song,False
C030502,song,True
C003707,song,True
C004234,song,False
C010519,song,True
C016974,song,False
C012418,album,False
C005342,podcast_episode,False
C013858,song,True
C001638,podcast_episode,True
C013536,podcast_episode,False
C031037,song,True
C016766,song,False
C031413,song,False
C013632,song,False
C018307,song,True
C009603,song,False
C001126,podcast_episode,False
C025998,song,False
C009087,song,True
C022175,song,False
C009007,song,True
C010060,album,False
C011449,song,True
C023210,podcast_episode,False
C004311,song,False
C004491,podcast_episode,True
C027478,podcast_episode,False
C015366,podcast_episode,True
C027141,song,True
C028430,podcast_episode,False
C003565,song,False
C002248,song,False
C033395,song,True
C027916,album,True
C029914,song,True
C015944,song,True
C014522,song,False
C007931,podcast_episode,True
C002278,album,False
C025471,podcast_episode,False
C032752,song,False
C009819,podcast_episode,False
C029234,song,True
C006462,podcast_episode,False
C028066,song,False
C006283,podcast_episode,False
C018638,podcast_episode,True
C006087,song,True
C008651,song,True
C021528,song,False
C006020,audiobook,False
C015450,song,True
C030799,podcast_episode,True
C032868,podcast_episode,False
C019189,song,False
C030613,song,False
C012622,song,False
C006965,audiobook,False
C033512,song,False
C015925,song,False
C000595,song,True
C022106,song,False
C006242,podcast_episode,True
C026932,podcast_episode,False
C021366,song,False
C005521,song,False
C028932,album,False
C019955,album,True
C000069,song,False
C010248,song,False
C022570,podcast_episode,True
C016065,song,False
C022948,song,False
C018401,album,False
C002071,song,False
C023898,album,True
C033240,song,True
C013477,podcast_episode,False
C020394,podcast_episode,True
C000802,song,False
C014129,song,False
C000716,song,False
C010664,song,False
C007917,song,False
C029402,album,True
C002131,song,False
C010076,podcast_episode,False
C029812,podcast_episode,True
C010394,album,False
C022591,song,True
C031573,song,True
C014495,podcast_episode,True
C022797,song,False
C009774,song,False
C020126,podcast_episode,False
C017185,song,False
C029426,song,False
C015777,song,False
C021254,song,False
C019007,song,False
C028063,song,False
C025306,podcast_episode,True
C012994,audiobook,True
C012581,song,False
C005951,album,True
C030056,album,False
C020069,podcast_episode,False
C023615,song,True
C032302,podcast_episode,False
C003354,podcast_episode,False
C030703,album,False
C014537,audiobook,False
C009861,podcast_episode,True
C011691,song,True
C006330,song,False
C021116,song,False
C031430,song,True
C023499,song,True
C030935,podcast_episode,False
C026526,podcast_episode,False
C017585,podcast_episode,False
C018038,song,False
C016876,podcast_episode,False
C026793,song,False
C025786,song,False
C008368,audiobook,False
C004495,podcast_episode,False
C012732,podcast_episode,True
C032715,podcast_episode,True
C031815,song,False
C022781,podcast_episode,True
C000263,podcast_episode,False
C002073,song,True
C015674,song,False
C006849,podcast_episode,True
C032402,audiobook,True
C002782,podcast_episode,True
C029296,album,False
C028187,song,True
C015978,song,False
C008342,song,False
C017573,song,True
C029593,podcast_episode,False
C005514,song,False
C029886,podcast_episode,True
C004442,podcast_episode,False
C017252,podcast_episode,False
C000195,song,False
C003751,podcast_episode,True
C020625,album,False
C017294,song,False
C029820,song,False
C011332,song,False
C031403,podcast_episode,False
C010358,podcast_episode,False
C032617,podcast_episode,False
C016675,album,True
C029174,song,False
C015763,audiobook,False
C028583,song,False
C013846,podcast_episode,False
C002635,song,False
C022018,podcast_episode,False
C031752,album,False
C012701,podcast_episode,False
C018131,podcast_episode,False
C028238,podcast_episode,True
C008966,podcast_episode,False
C001261,song,True
C001112,podcast_episode,False
C028981,song,False
C010765,song,False
C012999,song,False
C022520,podcast_episode,False
C009433,song,False
C028762,album,False
C031071,song,True
C010703,song,False
C025401,podcast_episode,False
C001099,song,True
C004361,song,False
C021310,song,True
C024125,podcast_episode,False
C025451,song,False
C008408,album,False
C006235,song,True
C010667,podcast_episode,False
C001464,song,False
C032717,song,False
C003721,podcast_episode,False
C021140,song,False
C003673,album,False
C025816,song,False
C007916,album,False
C029091,song,True
C012384,song,False
C001456,song,False
C031625,song,True
C031646,album,False
C024798,podcast_episode,False
C031789,song,False
C010941,song,False
C033833,podcast_episode,False
C018408,album,True
C022897,podcast_episode,False
C018886,song,False
C030416,song,True
C024124,song,False
C017674,song,False
C002602,podcast_episode,False
C019115,podcast_episode,True
C024941,podcast_episode,True
C012472,song,False
C013763,album,True
C002542,song,False
C025558,song,False
C021476,podcast_episode,False
C005335,song,False
C026771,song,True
C028152,audiobook,False
C014655,podcast_episode,False
C006935,audiobook,True
C020386,audiobook,False
C028500,song,False
C032372,podcast_episode,False
C024429,podcast_episode,True
C020018,album,False
C001049,audiobook,True
C025126,audiobook,False
C028516,podcast_episode,False
C000626,podcast_episode,True
C011385,song,True
C026138,song,False
C016373,album,False
C001377,song,False
C001597,podcast_episode,False
C020597,song,True
C012924,song,True
C024332,song,False
C023354,podcast_episode,True
C005475,album,True
C005623,song,False
C007531,song,True
C001139,song,False
C014207,podcast_episode,True
C013311,song,True
C033653,podcast_episode,False
C025787,song,False
C022694,podcast_episode,False
C023837,song,False
C020931,song,True
C029778,song,True
C022912,podcast_episode,False
C032337,podcast_episode,True
C023562,audiobook,True
C023508,song,False
C025812,album,False
C025711,song,True
C013043,podcast_episode,True
C026217,song,True
C029728,podcast_episode,False
C001752,song,True
C006094,song,False
C008738,podcast_episode,False
C010494,song,False
C017326,audiobook,False
C021731,song,True
C015425,song,False
C011087,podcast_episode,False
C001612,podcast_episode,True
C005229,song,False
C021807,song,False
C033266,podcast_episode,True
C005408,song,True
C011126,podcast_episode,False
C005734,song,False
C000645,song,True
C023916,song,True
C030234,podcast_episode,False
C030415,song,True
C015734,podcast_episode,False
C020419,podcast_episode,True
C013383,song,False
C025065,song,False
C010368,song,False
C009219,song,True
C031710,album,False
C015476,album,False
C019895,song,False
C026225,song,True
C014518,album,False
C012497,podcast_episode,True
C026235,audiobook,True
C029128,song,False
C012227,song,False
C019389,song,True
C026470,song,False
C019094,song,True
C026743,song,False
C009594,song,False
C019191,song,False
C027082,album,False
C002054,podcast_episode,False
C005833,album,False
C022259,song,False
C024174,song,False
C021230,podcast_episode,True
C002932,song,False
C000285,podcast_episode,False
C021317,song,False
C006345,song,False
C002672,podcast_episode,True
C014883,podcast_episode,True
C000293,song,True
C004771,song,True
C033620,song,True
C008884,song,False
C004871,album,False
C021446,song,True
C026363,song,True
C031892,audiobook,False
C022983,song,False
C009654,podcast_episode,False
C029610,song,True
C027415,song,False
C019337,album,False
C012028,song,False
C003014,song,True
C026625,song,False
C010684,podcast_episode,False
C018933,song,False
C029303,song,True
C003606,podcast_episode,True
C029575,song,True
C030594,song,True
C031251,song,False
C029321,podcast_episode,True
C021707,podcast_episode,True
C004800,podcast_episode,True
C026041,song,False
C003811,song,False
C008295,song,True
C001504,song,True
C004002,podcast_episode,True
C007887,song,True
C027626,song,False
C018828,podcast_episode,False
C005161,song,False
C029453,song,False
C003160,podcast_episode,False
C014569,song,False
C001161,podcast_episode,True
C002238,song,True
C009396,song,False
C018404,song,True
C026452,podcast_episode,True
C013721,song,True
C033319,song,True
C019430,song,False
C020350,song,False
C027967,song,True
C024418,audiobook,True
C007918,song,False
C012678,podcast_episode,False
C004243,podcast_episode,True
C020295,podcast_episode,False
C031033,song,True
C029121,album,True
C028102,song,False
C024153,podcast_episode,False
C015928,song,True
C012312,song,False
C014643,album,False
C013205,podcast_episode,False
C030107,album,True
C006543,song,True
C032839,album,True
C028617,song,True
C004843,podcast_episode,True
C023859,podcast_episode,True
C020124,podcast_episode,False
C027167,song,False
C033448,podcast_episode,False
C017750,podcast_episode,True
C016859,album,False
C017397,song,False
C001225,song,True
C002082,song,False
C007519,album,False
C015189,podcast_episode,False
C000022,song,True
C014995,song,True
C026687,song,True
C003853,song,True
C007334,song,False
C009536,podcast_episode,False
C008922,song,True
C006839,song,False
C029233,podcast_episode,False
C024391,podcast_episode,False
C013993,song,True
C031420,podcast_episode,False
C019124,audiobook,False
C029489,podcast_episode,True
C003198,song,True
C031473,podcast_episode,True
C017521,podcast_episode,False
C011982,audiobook,False
C009841,podcast_episode,False
C009222,album,False
C025589,song,False
C018301,audiobook,False
C011805,song,False
C009972,song,False
C014311,podcast_episode,True
C018089,song,True
C027693,song,True
C015076,song,True
C005247,song,True
C001923,song,False
C022332,song,False
C012462,song,True
C001835,song,True
C009706,song,False
C015469,podcast_episode,True
C033471,podcast_episode,True
C010776,podcast_episode,False
C028567,song,True
C022430,song,False
C026061,song,False
C002466,song,True
C021484,album,False
C024288,song,True
C017698,audiobook,True
C024977,song,True
C002981,song,False
C004690,song,False
C028444,song,True
C032858,song,False
C006220,song,False
C016099,song,True
C009568,podcast_episode,False
C004835,song,True
C025829,song,True
C008681,podcast_episode,False
C005361,podcast_episode,False
C019818,song,False
C012694,podcast_episode,False
C013943,podcast_episode,True
C009075,song,False
C013236,song,True
C011487,song,True
C006554,song,False
C002349,podcast_episode,False
C026463,song,False
C000560,album,False
C013684,song,True
C012911,album,False
C032732,song,False
C009191,album,True
C008728,audiobook,False
C016072,album,True
C000613,podcast_episode,False
C027343,podcast_episode,False
C031313,podcast_episode,False
C009066,song,True
C000294,podcast_episode,True
C024906,podcast_episode,False
C018449,song,False
C017822,podcast_episode,False
C024992,song,True
C004158,song,True
C008521,song,False
C017462,podcast_episode,False
C011773,podcast_episode,True
C013355,podcast_episode,False
C008417,song,True
C020034,song,False
C013035,song,False
C019002,song,True
C003916,song,True
C000415,podcast_episode,True
C025086,song,False
C004502,album,True
C009827,album,True
C023851,podcast_episode,False
C024285,song,False
C003667,song,False
C018909,song,False
C018971,podcast_episode,False
C019996,podcast_episode,False
C015533,song,False
C000322,podcast_episode,False
C019839,song,False
C011337,podcast_episode,False
C016711,podcast_episode,False
C032888,song,False
C020389,podcast_episode,False
C007878,podcast_episode,False
C002509,song,True
C029088,song,False
C009910,song,False
C024615,song,False
C023761,song,True
C027735,podcast_episode,True
C011221,song,False
C028885,podcast_episode,True
C032128,song,True
C021041,podcast_episode,False
C029191,song,False
C028067,audiobook,False
C024269,audiobook,False
C025012,song,True
C025455,song,False
C021740,song,False
C024302,podcast_episode,False
C017878,album,False
C010887,album,False
C024654,song,False
C033621,song,False
C019163,podcast_episode,False
C032074,song,False
C015065,song,True
C006348,album,True
C002161,song,False
C027497,song,True
C029874,album,False
C005082,podcast_episode,True
C027606,album,False
C032430,song,False
C008633,song,True
C003647,podcast_episode,True
C009038,song,False
C003082,song,False
C002170,song,False
C022667,song,False
C004171,song,True
C010670,song,False
C003660,podcast_episode,False
C013241,album,False
C016078,song,False
C018245,song,False
C005725,song,False
C006862,podcast_episode,False
C011141,song,True
C031006,podcast_episode,True
C018846,podcast_episode,True
C018813,audiobook,False
C025793,podcast_episode,True
C003137,podcast_episode,False
C010593,song,True
C027022,song,False
C005487,song,False
C024191,audiobook,False
C028525,song,False
C014885,podcast_episode,False
C029220,audiobook,True
C031886,podcast_episode,False
C011894,album,False
C030030,song,True
C011742,song,False
C028649,podcast_episode,False
C012099,podcast_episode,False
C018045,podcast_episode,False
C001245,podcast_episode,False
C009905,song,False
C003462,audiobook,True
C017792,album,False
C017920,podcast_episode,False
C009772,podcast_episode,False
C007703,song,False
C006396,song,True
C027251,podcast_episode,False
C005796,song,True
C029716,song,False
C021069,song,False
C031592,podcast_episode,False
C015864,podcast_episode,True
C009768,song,False
C033545,podcast_episode,False
C030863,album,False
C015740,podcast_episode,False
C015796,song,False
C001916,song,False
C033508,song,False
C001524,song,False
C017667,album,True
C015613,podcast_episode,False
C022602,album,True
C000401,song,False
C008378,podcast_episode,True
C026273,podcast_episode,False
C006292,album,False
C002787,song,False
C001263,song,True
C030637,song,False
C022892,song,False
C011114,song,True
C005962,song,False
C007600,podcast_episode,True
C001808,song,False
C000450,song,False
C030907,song,False
C009601,album,True
C011649,podcast_episode,True
C027093,podcast_episode,False
C009091,song,False
C021557,podcast_episode,False
C017659,song,False
C004430,song,True
C001573,song,False
C027020,song,False
C030785,song,False
C033618,album,True
C008192,podcast_episode,False
C016145,song,False
C010904,album,True
C014316,song,False
C028838,song,True
C028705,podcast_episode,False
C004562,song,False
C024276,podcast_episode,True
C007809,song,False
C001415,podcast_episode,True
C005191,podcast_episode,True
C012411,song,False
C004654,podcast_episode,True
C013178,song,False
C031129,podcast_episode,True
C030407,album,True
C008984,song,False
C020645,podcast_episode,True
C032646,song,True
C025330,podcast_episode,True
C029144,podcast_episode,False
C007568,song,False
C019683,podcast_episode,False
C008143,album,False
C010705,album,False
C019938,song,False
C025164,audiobook,True
C033715,song,True
C002200,song,False
C013302,podcast_episode,False
C032484,podcast_episode,False
C016105,song,True
C033435,song,False
C009640,podcast_episode,False
C001408,podcast_episode,False
C014710,podcast_episode,False
C023011,podcast_episode,False
C033702,song,True
C014913,song,False
C016567,podcast_episode,True
C013341,audiobook,False
C027444,audiobook,True
C007502,audiobook,True
C020226,song,True
C022431,podcast_episode,False
C026822,song,True
C005209,podcast_episode,True
C024623,song,False
C033861,podcast_episode,True
C030548,song,False
C002810,song,True
C017337,song,True
C009516,song,True
C016093,song,False
C014604,album,False
C016356,album,False
C020329,song,False
C020220,podcast_episode,False
C032922,song,True
C012834,podcast_episode,False
C026242,song,False
C000652,song,False
C016315,album,True
C027067,song,True
C013198,song,False
C005173,song,True
C018894,podcast_episode,False
C030167,song,True
C026081,album,True
C012076,podcast_episode,False
C013712,song,False
C008340,podcast_episode,False
C023826,audiobook,False
C011108,podcast_episode,False
C002591,song,False
C008528,song,True
C003179,song,False
C023874,song,False
C005898,song,True
C001189,song,False
C001449,song,False
C026640,song,True
C016857,song,False
C022560,audiobook,True
C017559,song,False
C012808,song,False
C031347,audiobook,True
C029742,album,True
C020955,song,False
C014464,song,False
C011767,song,True
C003872,album,False
C010636,song,True
C014555,podcast_episode,False
C015908,podcast_episode,True
C014219,album,True
C000081,podcast_episode,False
C012498,podcast_episode,False
C029918,song,False
C022632,song,False
C005840,song,True
C026044,song,False
C010744,song,False
C017338,song,False
C026272,song,False
C007002,song,False
C008163,song,False
C002627,song,False
C026101,podcast_episode,False
C025951,song,False
C020832,song,False
C016226,podcast_episode,False
C027931,podcast_episode,True
C015525,song,False
C003782,song,False
C027207,song,False
C020684,podcast_episode,False
C001010,song,False
C031020,song,False
C005732,song,True
C019360,podcast_episode,True
C019247,podcast_episode,False
C012301,song,False
C000033,song,False
C025949,song,False
C001007,song,False
C002737,song,False
C013304,audiobook,False
C010312,song,False
C006520,song,False
C009432,song,False
C030512,song,False
C029000,podcast_episode,False
C031649,song,False
C004571,album,False
C011739,podcast_episode,True
C001582,song,False
C004217,audiobook,True
C010798,album,False
C018162,podcast_episode,False
C000767,album,True
C004132,song,True
C019730,song,True
C003004,album,False
C011922,album,False
C028959,song,False
C001626,song,False
C005234,song,False
C001856,song,False
C021820,song,False
C005090,song,False
C014990,podcast_episode,True
C013040,song,False
C024578,song,False
C027908,album,False
C016113,song,False
C022739,song,True
C020306,podcast_episode,True
C015541,song,True
C015223,podcast_episode,False
C024900,song,False
C017311,song,True
C016467,podcast_episode,False
C027762,podcast_episode,True
C027255,podcast_episode,False
C016224,audiobook,False
C025598,song,False
C026733,song,True
C029606,song,True
C004802,podcast_episode,False
C025344,song,False
C018431,podcast_episode,True
C014290,song,True
C002659,song,True
C000445,podcast_episode,False
C021414,song,False
C010796,album,True
C017261,podcast_episode,True
C025570,podcast_episode,False
C013788,album,False
C017454,podcast_episode,True
C006651,song,False
C032854,podcast_episode,False
C012522,album,False
C028142,song,True
C028351,audiobook,False
C007175,album,False
C011726,song,False
C029247,song,False
C026840,podcast_episode,False
C014973,album,False
C030959,album,False
C016383,song,True
C015381,album,True
C003784,song,False
C015737,song,True
C005231,song,True
C033066,podcast_episode,False
C030222,podcast_episode,True
C002842,podcast_episode,True
C014771,podcast_episode,False
C022194,audiobook,False
C017366,song,False
C019681,song,False
C005865,song,True
C033509,song,True
C017038,audiobook,False
C032982,song,True
C026839,song,True
C009588,song,False
C031085,podcast_episode,True
C004029,podcast_episode,False
C007172,album,False
C033027,podcast_episode,False
C005530,song,False
C003727,podcast_episode,True
C025167,album,True
C013015,song,True
C018109,song,False
C030772,podcast_episode,False
C009862,song,True
C029913,audiobook,False
C025191,podcast_episode,False
C032122,song,False
C032726,song,False
C016931,podcast_episode,False
C001307,song,True
C009305,podcast_episode,False
C005954,song,False
C028804,song,False
C022801,song,True
C007516,audiobook,True
C024958,song,False
C025874,song,False
C014298,song,False
C015018,song,False
C006616,podcast_episode,False
C023872,podcast_episode,False
C018928,podcast_episode,False
C006828,podcast_episode,False
C003926,song,False
C016288,podcast_episode,False
C026991,audiobook,False
C010313,album,False
C001616,audiobook,False
C025943,song,True
C029364,podcast_episode,False
C023044,song,True
C005187,podcast_episode,False
C016381,podcast_episode,False
C007060,podcast_episode,False
C024593,song,False
C005253,podcast_episode,False
C032347,podcast_episode,False
C010160,podcast_episode,True
C003424,song,False
C019012,song,False
C013478,song,True
C024016,song,False
C005458,podcast_episode,True
C001876,song,True
C024031,song,False
C011359,song,False
C026276,song,True
C014773,song,True
C030337,podcast_episode,False
C011577,song,True
C018923,song,False
C011144,podcast_episode,True
C016333,song,False
C001348,song,False
C026402,podcast_episode,True
C005590,album,False
C015886,podcast_episode,False
C024327,podcast_episode,False
C006751,song,False
C010745,podcast_episode,False
C016607,podcast_episode,True
C029960,audiobook,False
C011193,song,True
C019382,audiobook,False
C009519,song,False
C003892,song,False
C007257,album,False
C012918,song,False
C007456,song,True
C030153,podcast_episode,False
C028555,podcast_episode,False
C004993,song,False
C022676,album,True
C019050,podcast_episode,False
C007231,album,False
C001683,song,False
C019849,podcast_episode,False
C010383,song,False
C004237,podcast_episode,False
C020696,podcast_episode,True
C015400,podcast_episode,False
C006418,album,False
C022663,song,True
C016960,audiobook,False
C005346,song,False
C018790,song,False
C011751,song,False
C013185,song,True
C012964,song,True
C004271,audiobook,True
C013786,song,False
C006274,song,False
C030437,podcast_episode,False
C006355,song,False
C001713,podcast_episode,False
C027279,song,False
C005928,podcast_episode,False
C033760,song,False
C027726,song,False
C027443,song,False
C029973,song,False
C000064,song,False
C018530,song,True
C019629,song,False
C027114,song,False
C010397,podcast_episode,False
C023071,song,False
C024582,song,True
C028378,podcast_episode,True
C008262,song,False
C023306,song,False
C022489,podcast_episode,True
C006637,song,False
C020823,song,False
C031274,song,True
C030456,song,False
C000622,podcast_episode,False
C021573,podcast_episode,True
C014261,song,False
C001721,song,False
C018294,album,False
C002411,podcast_episode,False
C010503,song,False
C028457,album,False
C013284,podcast_episode,False
C009106,song,False
C003326,song,False
C030240,song,False
C004247,song,True
C004861,podcast_episode,False
C004395,song,True
C009633,podcast_episode,False
C006741,song,False
C000414,song,True
C028436,song,False
C003394,podcast_episode,False
C017797,song,True
C024166,podcast_episode,False
C008365,album,False
C025538,song,False
C033081,song,False
C032566,song,True
C006043,song,True
C015109,podcast_episode,True
C021139,podcast_episode,False
C004414,podcast_episode,False
C008195,song,False
C019060,album,True
C030042,album,False
C019875,podcast_episode,False
C007395,song,False
C007639,album,False
C030258,song,True
C022856,song,False
C025161,podcast_episode,False
C013122,album,True
C020319,song,True
C011729,song,False
C033479,podcast_episode,False
C017618,song,False
C024754,song,True
C028020,song,False
C026997,song,False
C017506,song,True
C008148,podcast_episode,False
C012800,podcast_episode,False
C030022,album,False
C008226,song,True
C027803,song,False
C033101,song,False
C013037,song,True
C013949,podcast_episode,False
C030303,song,False
C006503,album,True
C010287,song,False
C029534,song,True
C014702,album,True
C003714,song,False
C010752,podcast_episode,False
C027872,song,False
C013513,song,True
C005650,audiobook,True
C015571,song,True
C025530,audiobook,True
C011559,podcast_episode,True
C007648,song,True
C024855,podcast_episode,False
C021532,song,False
C028211,song,True
C012768,song,True
C018513,song,False
C019396,song,True
C020429,album,True
C019067,song,False
C005054,podcast_episode,True
C007821,podcast_episode,False
C010173,song,False
C023287,song,False
C008268,song,False
C004062,podcast_episode,True
C017890,album,True
C026200,song,False
C026917,song,True
C031951,song,True
C005337,podcast_episode,False
C017865,audiobook,False
C005116,song,True
C003052,song,False
C002126,song,True
C006120,podcast_episode,True
C004351,podcast_episode,False
C023098,album,False
C009200,song,False
C032728,song,False
C020616,audiobook,True
C022536,song,True
C021209,podcast_episode,False
C008793,song,False
C004679,song,False
C011557,song,False
C022051,audiobook,True
C001827,album,False
C025398,song,False
C025229,podcast_episode,True
C015666,podcast_episode,False
C027683,song,False
C011053,song,False
C002022,audiobook,False
C010566,song,False
C032352,audiobook,True
C005620,song,False
C012835,podcast_episode,False
C014570,song,False
C023768,song,False
C031853,audiobook,True
C026842,song,True
C031701,podcast_episode,False
C011230,song,True
C031131,song,False
C005313,podcast_episode,False
C029465,album,False
C031126,podcast_episode,False
C021187,podcast_episode,False
C023459,album,True
C026765,song,True
C015394,song,True
C008167,podcast_episode,True
C026116,song,False
C025028,podcast_episode,False
C013094,audiobook,True
C031148,album,False
C031368,audiobook,True
C029516,song,False
C004161,album,False
C019440,podcast_episode,False
C026033,podcast_episode,True
C008579,song,False
C025320,song,False
C009894,song,False
C023631,song,False
C029230,song,False
C019368,song,False
C016057,song,True
C013530,song,False
C002805,song,False
C032707,song,False
C005129,song,True
C000616,song,False
C016280,song,True
C004415,song,True
C020682,song,False
C015537,song,False
C008881,song,False
C032327,podcast_episode,False
C033257,song,False
C024348,song,False
C022027,song,False
C012093,song,True
C023502,podcast_episode,False
C018436,song,True
C014803,album,False
C000829,audiobook,False
C010141,podcast_episode,True
C024214,podcast_episode,False
C003995,song,False
C029620,podcast_episode,True
C013496,song,False
C000231,song,True
C020642,song,False
C011609,song,False
C023739,album,False
C023205,song,True
C010706,podcast_episode,True
C030239,song,True
C029239,audiobook,False
C000099,podcast_episode,False
C028216,song,True
C016988,song,False
C010320,song,False
C014373,podcast_episode,False
C003167,song,False
C023427,song,True
C026684,album,True
C007373,song,False
C008358,song,True
C016278,song,False
C005720,podcast_episode,False
C022384,song,True
C000894,song,True
C032975,song,True
C015616,album,True
C027501,song,False
C011081,song,True
C027883,song,False
C008100,album,False
C031211,song,True
C029199,podcast_episode,True
C011254,song,False
C021074,song,False
C016262,podcast_episode,True
C027163,song,True
C024216,song,False
C019112,podcast_episode,True
C029961,song,False
C010988,song,False
C002959,podcast_episode,False
C022243,podcast_episode,False
C012777,song,False
C003265,song,False
C031169,podcast_episode,False
C016192,album,False
C022396,song,False
C006669,song,False
C029692,song,True
C015553,song,False
C023579,song,True
C013874,song,False
C025295,audiobook,False
C005982,song,True
C021312,song,False
C025152,song,False
C020425,song,False
C000266,song,False
C023377,song,True
C006023,song,True
C000777,podcast_episode,False
C030968,song,False
C005158,song,False
C017435,song,True
C029022,song,False
C027929,album,True
C024594,album,False
C023788,song,True
C017981,song,False
C006964,song,False
C024966,audiobook,True
C023667,album,True
C010619,song,False
C022308,song,True
C021762,song,True
C031335,song,False
C031718,song,False
C012794,song,False
C019922,podcast_episode,False
C003657,album,False
C007369,audiobook,True
C023309,song,True
C009801,podcast_episode,False
C025894,album,False
C029447,song,True
C011482,podcast_episode,True
C028166,podcast_episode,True
C025662,album,False
C009210,song,True
C008194,song,False
C020941,podcast_episode,True
C031534,podcast_episode,False
C016584,song,False
C003401,podcast_episode,False
C015096,podcast_episode,True
C029844,podcast_episode,False
C022123,song,True
C012714,podcast_episode,False
C022877,song,False
C018656,song,False
C029078,song,False
C021644,song,False
C011908,song,False
C030352,song,False
C021826,podcast_episode,True
C020108,podcast_episode,True
C022810,song,False
C024080,song,False
C015210,song,False
C013823,song,False
C011490,song,True
C006109,song,False
C009761,podcast_episode,True
C021723,song,False
C004833,album,False
C017370,album,False
C003958,album,False
C023943,song,False
C012566,podcast_episode,True
C001038,song,True
C015007,song,True
C006611,song,False
C000699,audiobook,False
C001723,song,True
C003118,podcast_episode,False
C031427,podcast_episode,True
C012267,song,False
C020360,song,False
C017617,song,True
C024775,podcast_episode,False
C016872,song,False
C018563,song,False
C006596,album,False
C014697,podcast_episode,False
C032205,song,True
C005212,song,False
C015901,podcast_episode,False
C024873,podcast_episode,False
C025560,podcast_episode,True
C019616,podcast_episode,True
C031973,song,False
C007342,song,True
C033398,album,False
C016313,song,False
C020900,podcast_episode,False
C022979,song,True
C002169,audiobook,False
C026906,song,False
C022203,song,True
C023263,song,False
C031801,song,False
C014393,song,True
C000577,song,True
C016973,song,False
C006946,song,False
C020736,song,True
C025197,song,False
C000238,song,False
C006382,podcast_episode,True
C023028,song,False
C000958,podcast_episode,False
C013888,song,True
C031917,song,False
C002926,album,False
C030394,podcast_episode,False
C024785,song,False
C013702,song,True
C001786,song,False
C033337,song,False
C002718,podcast_episode,False
C029784,audiobook,False
C022938,podcast_episode,False
C000352,song,True
C031176,song,False
C025596,song,True
C017806,song,False
C019810,podcast_episode,True
C023281,audiobook,True
C016459,album,False
C022651,song,False
C010053,song,True
C005404,podcast_episode,True
C024708,podcast_episode,False
C022986,album,False
C002485,song,False
C021495,song,False
C008895,song,False
C009337,podcast_episode,True
C025543,song,False
C028527,song,False
C033590,song,True
C017990,podcast_episode,False
C024234,song,True
C009068,audiobook,False
C002180,song,False
C004172,song,True
C015708,song,False
C032214,song,True
C025117,podcast_episode,False
C008670,song,False
C028666,podcast_episode,True
C030902,podcast_episode,False
C028483,song,True
C020836,song,False
C004226,podcast_episode,False
C009701,song,True
C004065,song,False
C000014,audiobook,False
C017810,album,False
C006746,podcast_episode,False
C024265,podcast_episode,True
C020232,podcast_episode,True
C011355,song,False
C024532,podcast_episode,False
C027483,song,False
C027849,podcast_episode,False
C005271,podcast_episode,True
C021003,audiobook,False
C017556,album,False
C016583,song,False
C011895,song,False
C009678,song,True
C018142,song,False
C010589,album,False
C015272,song,True
C002837,song,False
C018978,audiobook,True
C024435,song,False
C032754,podcast_episode,False
C015015,podcast_episode,False
C013486,song,False
C021699,podcast_episode,True
C007535,song,False
C026308,song,True
C009850,song,False
C009025,audiobook,False
C001661,podcast_episode,True
C019820,audiobook,True
C006455,album,False
C021717,podcast_episode,False
C007935,song,True
C017161,song,False
C004350,podcast_episode,True
C031650,podcast_episode,False
C023416,podcast_episode,False
C023055,podcast_episode,True
C033725,song,True
C024342,song,False
C013583,podcast_episode,True
C018667,album,True
C020076,song,False
C023047,podcast_episode,True
C028850,song,False
C003135,song,False
C022637,song,False
C030378,song,False
C021941,song,True
C013073,album,False
C016206,song,True
C024726,song,True
C018594,podcast_episode,False
C015333,song,True
C016665,song,False
C002099,song,False
C029951,song,False
C007021,podcast_episode,True
C020630,song,True
C005941,song,True
C019693,song,False
C010859,album,True
C029532,song,False
C027272,podcast_episode,True
C003445,song,True
C011284,podcast_episode,False
C004795,song,False
C011681,podcast_episode,False
C016463,song,True
C023035,audiobook,False
C009508,podcast_episode,True
C021338,podcast_episode,False
C030987,song,True
C004486,album,False
C030086,album,True
C023669,podcast_episode,True
C024382,album,False
C019508,song,False
C013394,album,True
C004966,song,False
C019410,song,False
C019205,song,True
C008063,podcast_episode,True
C006256,album,True
C004682,podcast_episode,True
C029968,podcast_episode,False
C029381,podcast_episode,False
C014397,album,False
C000005,song,False
C013004,podcast_episode,True
C022030,song,False
C000377,album,True
C006072,song,True
C003040,song,True
C011211,podcast_episode,True
C006861,podcast_episode,True
C026854,podcast_episode,False
C006180,podcast_episode,False
C026925,podcast_episode,True
C007507,podcast_episode,True
C004182,podcast_episode,False
C006323,podcast_episode,False
C032130,song,False
C031936,podcast_episode,True
C012317,podcast_episode,False
C017468,song,False
C033038,song,False
C019921,podcast_episode,False
C013427,podcast_episode,True
C014145,album,True
C029451,podcast_episode,False
C024644,song,False
C021054,audiobook,True
C032544,album,False
C022844,song,False
C014466,song,True
C019225,song,False
C013419,song,False
C026722,song,False
C006287,audiobook,True
C006754,album,False
C026720,song,False
C017020,song,False
C005374,song,False
C002402,podcast_episode,False
C011792,song,True
C012182,song,False
C016580,song,False
C005007,song,False
C016627,song,True
C019545,podcast_episode,True
C018707,podcast_episode,False
C015703,song,False
C012191,album,False
C002243,podcast_episode,False
C020810,podcast_episode,True
C025074,podcast_episode,True
C019703,podcast_episode,False
C028035,podcast_episode,False
C018799,song,False
C012801,song,False
C007182,podcast_episode,False
C033718,song,False
C007673,song,True
C031336,podcast_episode,False
C017979,podcast_episode,True
C031730,song,True
C031184,song,False
C005889,audiobook,True
C018302,song,True
C025396,song,False
C019051,album,False
C012666,song,False
C026418,song,False
C001763,song,False
C033522,podcast_episode,True
C008504,podcast_episode,False
C016955,song,False
C023264,song,True
C025144,song,True
C027718,song,True
C001072,song,True
C029430,album,False
C032853,podcast_episode,False
C000284,album,False
C001346,podcast_episode,False
C005958,audiobook,False
C033313,song,False
C022253,song,False
C005330,song,True
C011627,song,True
C029403,song,True
C013402,song,False
C014996,song,True
C020371,album,False
C030806,song,True
C013320,song,False
C029114,podcast_episode,False
C014722,song,False
C012575,audiobook,True
C027115,podcast_episode,False
C016494,song,True
C032328,podcast_episode,False
C008901,song,True
C010150,song,True
C019278,song,False
C005255,song,True
C014227,podcast_episode,True
C032188,audiobook,False
C028045,podcast_episode,False
C031163,podcast_episode,False
C009244,podcast_episode,True
C012149,album,False
C019117,song,True
C019988,song,False
C000200,song,False
C010944,album,True
C029262,song,True
C030440,song,False
C009733,song,False
C008890,song,False
C006885,podcast_episode,True
C020088,song,False
C000356,song,False
C027874,song,True
C029159,podcast_episode,False
C015856,podcast_episode,False
C003678,song,True
C032589,song,False
C014564,podcast_episode,False
C001204,podcast_episode,False
C015341,album,False
C017153,song,True
C007230,song,True
C000185,song,True
C007119,podcast_episode,True
C013145,song,True
C025101,song,False
C027713,podcast_episode,False
C012838,song,False
C001430,song,False
C021653,song,False
C029449,album,False
C009121,podcast_episode,False
C002669,album,False
C015650,podcast_episode,False
C015110,podcast_episode,False
C000790,album,True
C005132,song,True
C022970,podcast_episode,False
C010897,song,False
C010707,song,False
C004924,song,True
C019077,song,True
C022889,album,False
C003793,song,True
C012603,song,False
C018615,podcast_episode,True
C033144,song,False
C027220,podcast_episode,False
C031101,song,False
C019254,podcast_episode,True
C024142,song,False
C016889,audiobook,True
C001693,song,True
C028683,podcast_episode,True
C013789,song,True
C001182,audiobook,False
C011750,album,True
C033574,song,False
C000556,podcast_episode,True
C027242,podcast_episode,False
C004681,podcast_episode,True
C014517,podcast_episode,True
C019776,song,False
C018938,song,False
C007336,song,False
C020838,song,True
C009260,podcast_episode,False
C007713,song,False
C032499,song,True
C023732,song,False
C028119,song,False
C012553,song,True
C007953,song,True
C015631,song,False
C015501,song,True
C029542,song,True
C021976,song,False
C026579,song,True
C026695,song,True
C005555,song,True
C015385,song,False
C006313,podcast_episode,False
C011453,podcast_episode,False
C021576,audiobook,True
C006740,podcast_episode,True
C018991,song,True
C013588,song,True
C022022,song,False
C006467,podcast_episode,False
C027710,album,False
C013655,song,False
C007237,song,False
C014125,podcast_episode,False
C012409,podcast_episode,False
C004553,song,True
C030535,song,False
C001556,song,True
C032034,podcast_episode,True
C008918,song,False
C004602,song,False
C021665,album,False
C003077,song,True
C030281,podcast_episode,False
C013098,song,False
C006169,album,False
C011868,audiobook,False
C017664,song,False
C017735,podcast_episode,True
C024614,podcast_episode,False
C006482,song,True
C030543,song,True
C005551,song,True
C008277,song,False
C005160,podcast_episode,True
C004836,song,True
C022334,song,False
C021146,song,True
C010369,song,False
C031009,album,False
C003048,song,True
C017757,podcast_episode,False
C007013,song,True
C026182,song,False
C016906,song,False
C022796,audiobook,False
C019008,podcast_episode,False
C019395,podcast_episode,True
C020740,song,True
C008013,song,False
C007056,podcast_episode,True
C022973,song,False
C006223,song,False
C013204,audiobook,False
C032751,song,False
C028801,song,False
C014904,podcast_episode,True
C013277,song,False
C028773,podcast_episode,False
C021056,album,True
C032012,song,True
C002865,song,False
C006926,audiobook,False
C009802,podcast_episode,False
C012017,song,False
C027161,song,False
C020115,song,True
C012763,song,True
C021871,podcast_episode,False
C007912,song,True
C010948,song,True
C014442,album,False
C026241,song,False
C028165,song,False
C022848,song,False
C012229,podcast_episode,False
C028461,podcast_episode,True
C032593,song,True
C003001,song,False
C030399,song,False
C001242,podcast_episode,True
C012366,podcast_episode,False
C021979,podcast_episode,False
C021029,podcast_episode,False
C023060,song,False
C003275,song,False
C018368,podcast_episode,True
C013172,podcast_episode,False
C028960,audiobook,False
C000863,album,True
C014396,podcast_episode,True
C024730,song,False
C032087,song,True
C029640,song,True
C021571,song,False
C004660,song,False
C031359,song,False
C020999,podcast_episode,False
C012045,song,False
C031261,podcast_episode,False
C028723,song,False
C028856,song,False
C001313,podcast_episode,True
C008944,song,False
C014099,album,False
C024104,song,False
C033592,song,False
C003141,podcast_episode,False
C023963,song,False
C013791,song,True
C008614,song,False
C009304,song,False
C009032,podcast_episode,False
C009938,audiobook,False
C002572,podcast_episode,True
C033636,song,False
C013593,song,False
C013109,song,False
C011075,song,False
C004121,song,False
C015454,album,False
C014056,song,False
C031914,song,True
C004001,song,False
C014025,audiobook,False
C011541,song,False
C007746,podcast_episode,True
C002825,podcast_episode,False
C028348,audiobook,False
C013475,song,True
C018232,audiobook,False
C021909,audiobook,False
C000214,podcast_episode,True
C025035,song,False
C017624,podcast_episode,False
C026432,song,True
C012421,podcast_episode,False
C007968,podcast_episode,False
C010493,song,False
C032175,song,True
C029718,podcast_episode,False
C009001,song,False
C032406,song,False
C032255,song,False
C025178,album,False
C010721,song,True
C013316,song,False
C000104,song,False
C012936,song,False
C015178,song,False
C029804,album,False
C032110,song,False
C011988,song,True
C006351,song,False
C022670,podcast_episode,True
C016523,song,True
C012881,podcast_episode,False
C003713,song,False
C007765,song,False
C009966,song,False
C000641,song,True
C000689,song,True
C018593,podcast_episode,True
C003583,song,False
C029638,song,False
C007924,podcast_episode,False
C018890,song,False
C017236,podcast_episode,True
C008769,song,False
C009680,song,False
C032395,song,False
C008154,song,False
C024442,song,False
C031424,song,False
C010717,podcast_episode,False
C022205,song,False
C026148,audiobook,False
C033352,song,True
C030350,song,False
C024458,song,True
C031994,album,True
C028007,song,True
C013111,album,False
C002212,song,False
C020600,song,True
C000421,song,False
C027270,song,True
C002678,song,False
C024703,song,True
C001103,song,False
C031967,song,False
C012920,podcast_episode,True
C017214,song,True
C030942,song,False
C020595,podcast_episode,False
C027480,podcast_episode,True
C031495,song,False
C021311,song,False
C027313,podcast_episode,False
C027863,podcast_episode,False
C015543,podcast_episode,True
C008629,song,False
C004405,song,True
C020081,song,False
C030943,song,True
C001551,song,False
C029439,song,False
C002879,song,True
C020358,song,False
C028861,song,False
C028719,song,True
C013144,podcast_episode,True
C029457,podcast_episode,False
C016829,podcast_episode,False
C006678,podcast_episode,True
C012205,podcast_episode,False
C032069,podcast_episode,False
C014899,album,False
C017791,song,True
C003742,song,True
C018854,audiobook,False
C012073,song,False
C014477,audiobook,False
C020987,album,True
C021022,song,False
C024294,song,False
C016215,song,False
C021793,podcast_episode,True
C003237,podcast_episode,True
C000140,album,True
C010278,podcast_episode,False
C029278,album,False
C014403,song,True
C032088,song,True
C026982,podcast_episode,False
C019884,song,False
C013379,podcast_episode,False
C024536,song,False
C002110,podcast_episode,False
C014409,song,False
C032693,album,True
C019307,song,True
C002785,podcast_episode,False
C028144,song,False
C000110,song,False
C005217,podcast_episode,True
C027557,song,True
C009981,song,False
C018581,song,True
C018225,song,False
C011287,song,True
C027413,podcast_episode,False
C030518,song,True
C026694,song,False
C003045,song,False
C023876,song,False
C016737,podcast_episode,False
C023123,album,False
C017108,song,True
C015597,song,True
C029839,podcast_episode,True
C018056,song,False
C018399,podcast_episode,False
C015402,podcast_episode,True
C032396,podcast_episode,False
C007266,song,True
C017502,song,False
C011348,podcast_episode,False
C002240,audiobook,True
C004893,podcast_episode,False
C022204,album,False
C002705,podcast_episode,False
C018385,song,False
C019814,song,False
C022269,album,False
C026440,song,False
C003763,song,True
C018617,album,False
C005041,song,False
C020166,album,True
C011890,song,True
C010485,podcast_episode,False
C027189,podcast_episode,False
C021729,song,True
C026036,song,True
C004708,audiobook,False
C007115,song,False
C014258,song,False
C008214,song,True
C021399,podcast_episode,False
C018562,album,False
C026708,song,True
C020192,song,True
C026407,song,False
C032761,song,False
C026146,song,False
C021243,song,False
C027679,podcast_episode,False
C028685,song,True
C018280,song,False
C013903,podcast_episode,False
C030028,podcast_episode,True
C010051,podcast_episode,True
C031586,song,False
C023911,song,True
C012839,album,True
C026569,podcast_episode,True
C006905,song,False
C006130,song,True
C001990,song,False
C014042,podcast_episode,True
C029991,song,False
C010037,song,True
C021373,podcast_episode,False
C020179,podcast_episode,True
C027542,podcast_episode,True
C016367,song,True
C022448,song,True
C028927,podcast_episode,False
C017625,audiobook,True
C026543,song,True
C030150,song,True
C022239,podcast_episode,False
C008384,song,True
C002108,song,False
C016997,song,False
C023567,album,True
C016412,podcast_episode,False
C005370,song,False
C030373,song,False
C007319,song,True
C028622,song,False
C021680,song,True
C013246,song,False
C020743,song,False
C001392,audiobook,True
C022713,song,True
C014016,song,False
C010292,song,False
C009469,song,True
C022883,song,False
C027132,podcast_episode,False
C024008,song,False
C014349,song,False
C011509,song,False
C013009,song,True
C002611,podcast_episode,False
C020796,song,False
C031480,audiobook,False
C007992,song,False
C005162,song,False
C026764,song,False
C013842,song,True
C009851,song,True
C022903,song,False
C001360,podcast_episode,False
C032054,song,False
C007930,song,True
C022272,song,False
C009763,song,False
C020340,podcast_episode,False
C013983,podcast_episode,False
C004397,podcast_episode,False
C020080,podcast_episode,False
C018728,song,False
C013957,podcast_episode,False
C032993,song,False
C006118,song,False
C009778,album,True
C013487,audiobook,False
C027126,song,False
C010702,song,False
C030067,song,True
C013158,song,True
C002534,album,False
C002118,song,True
C005076,album,False
C008698,song,False
C010757,song,True
C033529,podcast_episode,False
C017301,podcast_episode,False
C013366,podcast_episode,True
C012311,song,False
C022056,album,True
C010749,song,False
C020199,podcast_episode,False
C008446,song,True
C020258,song,False
C028742,album,False
C029659,song,False
C009599,song,False
C020129,podcast_episode,True
C002121,podcast_episode,False
C032819,song,True
C029393,song,False
C015235,podcast_episode,False
C003948,song,False
C012806,podcast_episode,False
C025480,song,False
C027038,song,False
C031449,song,True
C022638,song,True
C012214,song,False
C033439,song,False
C007351,song,False
C000639,song,True
C012109,song,False
C017900,song,False
C003146,song,False
C011877,podcast_episode,False
C017067,podcast_episode,False
C001404,song,False
C033716,song,False
C012645,album,False
C021925,song,False
C019472,album,False
C011109,podcast_episode,True
C003912,song,True
C001648,song,False
C002382,podcast_episode,True
C031043,song,True
C014295,podcast_episode,False
C017684,podcast_episode,False
C012094,song,False
C033878,podcast_episode,True
C017977,album,True
C028509,song,False
C021050,song,False
C004344,song,False
C017662,podcast_episode,True
C026959,podcast_episode,True
C032011,song,True
C002984,song,True
C005579,song,False
C026525,song,True
C005557,podcast_episode,False
C023707,podcast_episode,False
C007026,podcast_episode,False
C003613,song,False
C028333,podcast_episode,True
C026168,song,False
C013915,podcast_episode,False
C032583,song,True
C009251,song,False
C006361,podcast_episode,False
C032216,song,False
C021745,song,True
C030196,song,False
C025665,song,True
C004383,audiobook,True
C021765,album,False
C010888,song,False
C007819,audiobook,False
C008868,audiobook,False
C029429,song,True
C013895,podcast_episode,True
C004830,podcast_episode,True
C009584,album,True
C021488,song,True
C020711,podcast_episode,False
C001878,song,False
C010937,audiobook,True
C004488,song,True
C022098,song,False
C023280,podcast_episode,False
C016041,album,False
C007867,album,True
C018480,podcast_episode,True
C026255,podcast_episode,False
C024758,podcast_episode,False
C029993,podcast_episode,True
C002867,song,False
C002695,song,False
C010218,song,True
C000666,song,True
C017796,song,True
C014165,podcast_episode,False
C006742,album,False
C033789,song,False
C002594,song,False
C027786,podcast_episode,False
C014157,podcast_episode,False
C005566,song,True
C015011,podcast_episode,False
C013370,podcast_episode,False
C020551,song,False
C010821,podcast_episode,False
C009645,song,False
C009614,song,False
C004910,song,False
C026173,audiobook,False
C026346,album,True
C020255,song,False
C030598,podcast_episode,False
C024616,song,True
C012773,podcast_episode,True
C012228,song,False
C002512,song,True
C024954,song,True
C008497,song,True
C002085,song,True
C018576,song,False
C000281,podcast_episode,False
C002144,podcast_episode,False
C031362,song,True
C027294,podcast_episode,False
C018122,album,False
C031963,song,False
C002600,podcast_episode,True
C030654,song,False
C016213,song,True
C017484,podcast_episode,False
C010119,podcast_episode,True
C005866,song,False
C001067,song,True
C003310,album,False
C005288,podcast_episode,False
C031655,song,False
C009722,song,False
C032429,song,False
C001467,song,True
C028607,song,False
C008260,song,True
C016160,song,False
C009012,song,False
C033684,song,False
C031632,song,True
C008745,song,False
C005069,song,True
C018188,song,False
C022935,podcast_episode,False
C024056,audiobook,True
C012408,podcast_episode,False
C032280,song,False
C024901,podcast_episode,False
C033781,song,True
C006124,podcast_episode,False
C007044,song,False
C033827,podcast_episode,False
C032703,podcast_episode,True
C000748,podcast_episode,False
C009552,podcast_episode,True
C012630,song,True
C015477,podcast_episode,True
C010932,song,False
C025206,audiobook,True
C022317,podcast_episode,False
C014300,podcast_episode,False
C016522,song,True
C018567,podcast_episode,True
C018917,album,False
C014988,podcast_episode,True
C027638,song,True
C010243,song,True
C031956,podcast_episode,False
C006919,album,True
C009015,song,True
C005977,song,True
C018041,song,False
C003978,podcast_episode,False
C022717,song,False
C026114,song,False
C019460,album,False
C021924,album,True
C028574,podcast_episode,False
C026339,song,True
C020125,album,False
C031307,song,True
C014970,album,True
C014411,audiobook,False
C019245,podcast_episode,False
C003671,song,True
C018024,podcast_episode,False
C030364,podcast_episode,False
C006653,podcast_episode,False
C004018,song,False
C000057,album,True
C005341,audiobook,True
C028336,song,False
C020116,song,False
C019755,song,False
C005908,album,True
C008865,song,True
C008725,podcast_episode,False
C011088,audiobook,False
C007646,song,False
C031404,album,True
C029487,song,False
C026319,album,True
C012787,song,True
C013388,song,True
C004560,audiobook,True
C015378,song,True
C032307,podcast_episode,True
C007370,song,False
C008979,song,True
C026975,podcast_episode,False
C013449,podcast_episode,True
C011191,song,False
C017376,song,False
C014851,song,False
C021692,song,False
C013792,song,True
C023973,song,True
C024114,song,False
C018598,song,True
C026862,podcast_episode,True
C008394,podcast_episode,False
C032525,podcast_episode,True
C014685,song,True
C032445,podcast_episode,False
C011970,podcast_episode,False
C000406,podcast_episode,False
C024682,audiobook,False
C004348,song,False
C018159,song,False
C030320,song,False
C018940,song,True
C031302,podcast_episode,False
C013367,song,False
C019903,podcast_episode,False
C025351,song,False
C032880,song,False
C033218,audiobook,False
C018140,podcast_episode,False
C033562,song,False
C002184,album,False
C001579,album,False
C024819,song,False
C025085,song,False
C015794,podcast_episode,False
C009729,audiobook,True
C003078,podcast_episode,True
C025183,podcast_episode,False
C013264,podcast_episode,False
C021597,song,False
C020342,album,True
C033819,song,True
C023034,song,False
C001461,song,True
C019385,song,True
C013925,album,True
C015424,song,False
C031907,podcast_episode,False
C002662,song,True
C026703,song,False
C005570,song,False
C030391,song,True
C011285,song,True
C006001,song,True
C015798,podcast_episode,True
C031191,podcast_episode,False
C005547,song,False
C019408,song,False
C011981,song,False
C033114,song,False
C009473,song,True
C028693,song,True
C008270,podcast_episode,False
C007601,song,False
C024695,podcast_episode,False
C018558,song,False
C022401,song,False
C031594,song,False
C033171,podcast_episode,False
C004570,album,True
C030525,song,True
C028526,podcast_episode,False
C020715,song,False
C002339,album,False
C001979,song,False
C018952,song,True
C028862,song,True
C003046,album,False
C006205,podcast_episode,False
C029963,song,False
C012790,song,True
C016874,song,False
C030950,song,False
C032718,podcast_episode,False
C003821,podcast_episode,False
C003989,song,False
C004387,podcast_episode,False
C017172,song,False
C017790,song,False
C016688,song,True
C031607,song,False
C025435,song,False
C003371,album,True
C018360,song,False
C024653,song,True
C016380,podcast_episode,False
C024203,album,False
C006435,audiobook,False
C024822,song,False
C033459,song,True
C029763,song,False
C026280,song,True
C023366,song,False
C013155,song,False
C004775,song,True
C016043,song,False
C024073,podcast_episode,False
C009813,podcast_episode,False
C018713,album,True
C028679,song,False
C005154,podcast_episode,False
C032892,song,False
C006155,podcast_episode,False
C028561,song,False
C022645,song,False
C031301,podcast_episode,False
C018525,podcast_episode,True
C008635,podcast_episode,False
C021552,podcast_episode,False
C024103,album,True
C013749,podcast_episode,True
C032785,podcast_episode,False
C002944,song,True
C002793,song,True
C026392,podcast_episode,False
C032871,podcast_episode,False
C018115,podcast_episode,False
C013642,podcast_episode,False
C032782,song,False
C010029,song,False
C017328,song,False
C006782,song,False
C032165,song,True
C002009,album,False
C015686,song,True
C025395,song,False
C007041,song,True
C026025,song,False
C025860,song,False
C021842,song,True
C033467,podcast_episode,False
C015729,song,True
C032498,podcast_episode,False
C019270,song,False
C027311,album,True
C014461,song,True
C017499,song,False
C006846,podcast_episode,False
C019707,album,False
C023133,audiobook,False
C031823,song,False
C000479,podcast_episode,True
C022775,album,True
C018032,song,False
C001396,song,True
C033373,song,True
C002575,podcast_episode,False
C018295,song,False
C024507,podcast_episode,False
C003340,song,True
C015171,podcast_episode,False
C006424,podcast_episode,False
C011513,podcast_episode,False
C020982,song,False
C004428,song,False
C022383,song,True
C005264,song,False
C009727,podcast_episode,False
C032507,podcast_episode,False
C005190,podcast_episode,False
C030536,song,False
C020703,audiobook,False
C030508,song,True
C015073,podcast_episode,False
C010748,podcast_episode,False
C002781,song,False
C022609,podcast_episode,True
C012112,song,False
C000678,song,False
C017996,podcast_episode,False
C028025,song,False
C029193,song,True
C022288,song,True
C026507,album,False
C029374,song,False
C009327,song,False
C015108,song,True
C005563,song,False
C015920,audiobook,False
C021903,song,False
C033221,song,True
C028418,podcast_episode,True
C017094,song,False
C032916,song,True
C011022,song,False
C013831,song,False
C028988,song,False
C001164,album,True
C014696,podcast_episode,False
C011717,podcast_episode,False
C009160,podcast_episode,True
C017526,song,True
C002504,song,False
C012927,audiobook,False
C012968,song,False
C001575,song,False
C012270,song,False
C015753,album,True
C010891,song,False
C021843,song,False
C033723,song,False
C007572,podcast_episode,True
C014615,audiobook,True
C001118,podcast_episode,True
C005828,song,False
C028851,song,True
C014169,album,True
C005112,song,False
C011886,song,True
C001801,song,True
C020434,podcast_episode,False
C009241,song,False
C023379,song,False
C021047,song,False
C007775,podcast_episode,False
C016284,song,False
C029084,audiobook,True
C033519,podcast_episode,False
C001676,song,True
C015177,song,False
C019162,song,False
C003693,podcast_episode,False
C029253,song,False
C009360,song,True
C003743,album,False
C005775,podcast_episode,False
C011572,podcast_episode,False
C004810,song,False
C015849,song,True
C017143,album,False
C027360,album,False
C009852,song,False
C015984,song,True
C031889,song,False
C023529,album,True
C001490,song,False
C011179,song,False
C001957,podcast_episode,False
C016291,song,False
C025717,album,False
C025929,song,True
C032677,song,True
C027498,song,False
C022273,podcast_episode,False
C029877,song,False
C001965,audiobook,False
C006327,song,False
C011863,song,False
C002066,song,False
C028448,podcast_episode,False
C029983,song,False
C032227,song,True
C005311,song,False
C013229,song,False
C020914,song,True
C018954,podcast_episode,False
C020025,album,False
C007173,podcast_episode,True
C006415,album,False
C031378,song,True
C009074,song,False
C012419,podcast_episode,True
C021506,song,True
C029931,song,False
C004310,song,False
C010247,podcast_episode,False
C007598,album,True
C003920,song,True
C021705,song,True
C000100,podcast_episode,True
C027817,podcast_episode,False
C002179,podcast_episode,False
C025933,song,False
C005085,podcast_episode,False
C033488,podcast_episode,False
C001311,song,False
C004480,podcast_episode,True
C013683,song,False
C033126,podcast_episode,False
C021697,song,False
C012060,song,True
C008572,song,True
C016514,podcast_episode,False
C016420,podcast_episode,False
C010091,song,True
C016364,song,False
C024937,podcast_episode,False
C033129,song,False
C001904,song,False
C015828,podcast_episode,True
C001026,song,False
C029464,song,False
C013103,song,True
C018839,song,False
C019995,podcast_episode,False
C017872,album,False
C028443,song,True
C031857,song,True
C002761,song,False
C005797,podcast_episode,False
C020647,podcast_episode,True
C010390,song,True
C016466,podcast_episode,False
C025880,album,False
C014575,podcast_episode,False
C027549,song,False
C010393,song,False
C022390,song,True
C033208,song,False
C025813,song,False
C012059,song,True
C004240,podcast_episode,False
C023972,song,False
C020527,song,False
C020709,song,True
C001703,album,False
C015988,song,True
C022703,podcast_episode,False
C025318,podcast_episode,True
C007623,song,False
C016602,song,False
C018758,song,True
C009060,podcast_episode,False
C016477,song,True
C030903,song,True
C021197,audiobook,True
C030510,song,True
C010967,album,True
C010002,podcast_episode,False
C032654,podcast_episode,False
C020523,song,True
C006341,song,False
C015155,podcast_episode,False
C020170,song,False
C020270,song,False
C011844,podcast_episode,True
C025713,song,True
C018856,song,False
C001996,song,False
C001591,podcast_episode,False
C000339,podcast_episode,False
C015163,podcast_episode,True
C027819,song,True
C021418,podcast_episode,False
C012878,podcast_episode,False
C014588,song,True
C017371,podcast_episode,True
C017974,podcast_episode,False
C017595,album,False
C030697,song,False
C027195,song,False
C002928,podcast_episode,True
C011249,song,True
C027859,song,False
C025536,podcast_episode,False
C015809,podcast_episode,True
C017003,song,False
C031766,song,False
C007378,album,False
C005351,podcast_episode,False
C000827,album,True
C002937,song,False
C019417,podcast_episode,False
C010219,album,False
C010447,song,False
C020133,podcast_episode,False
C004162,song,False
C012661,album,False
C003320,podcast_episode,False
C004086,podcast_episode,True
C030899,podcast_episode,False
C033306,podcast_episode,False
C004288,song,False
C024784,song,True
C004794,song,False
C011012,podcast_episode,False
C000427,song,False
C031893,song,False
C028121,album,False
C020886,song,False
C020201,podcast_episode,True
C004224,podcast_episode,True
C033222,podcast_episode,True
C000587,audiobook,False
C012937,podcast_episode,False
C014503,podcast_episode,False
C002253,podcast_episode,False
C003999,song,True
C015150,album,False
C008833,album,True
C019181,audiobook,True
C005381,podcast_episode,False
C009155,song,True
C022429,song,False
C016002,song,False
C013819,song,False
C013735,audiobook,False
C006835,podcast_episode,False
C015820,song,False
C025457,song,False
C007768,song,False
C025962,podcast_episode,False
C013317,song,False
C017047,album,False
C028938,podcast_episode,False
C022722,album,True
C019824,song,True
C023750,song,True
C011189,song,True
C003755,podcast_episode,False
C012781,song,True
C006216,song,False
C002059,song,False
C015733,song,True
C030670,song,False
C001149,song,True
C015132,podcast_episode,False
C031697,song,False
C013120,song,True
C014836,podcast_episode,False
C016117,song,False
C017063,song,True
C030804,podcast_episode,False
C026065,song,False
C002469,song,False
C010696,podcast_episode,False
C016027,podcast_episode,False
C021017,song,True
C022539,song,False
C005882,song,True
C026518,song,False
C016616,song,False
C015160,audiobook,False
C018281,audiobook,True
C014215,audiobook,True
C030329,podcast_episode,True
C012641,album,True
C009941,album,True
C028304,song,True
C030426,song,False
C031305,podcast_episode,False
C018913,podcast_episode,False
C015251,podcast_episode,True
C031682,song,True
C004180,song,False
C006739,podcast_episode,False
C006902,song,True
C022716,podcast_episode,False
C002652,song,False
C028264,song,False
C006831,song,False
C029494,song,True
C013247,song,True
C002987,podcast_episode,True
C026152,podcast_episode,True
C022392,song,True
C028703,song,False
C010715,song,False
C032570,song,True
C001956,podcast_episode,False
C015765,song,False
C026045,song,False
C027210,podcast_episode,False
C007337,song,True
C008764,audiobook,True
C009022,song,False
C029067,song,True
C011951,song,False
C000048,song,False
C002888,album,False
C001848,podcast_episode,False
C020447,song,False
C010263,song,False
C015830,song,False
C015735,podcast_episode,False
C027976,podcast_episode,True
C030787,podcast_episode,True
C008939,podcast_episode,True
C028843,song,False
C012481,song,False
C020952,podcast_episode,False
C031242,album,True
C031728,podcast_episode,True
C024478,podcast_episode,True
C004704,podcast_episode,False
C006913,album,False
C022573,song,False
C017356,song,True
C022522,album,False
C010691,album,True
C025223,podcast_episode,True
C012257,song,True
C012609,song,False
C014383,song,True
C009579,song,False
C010975,song,False
C021957,song,False
C012810,podcast_episode,False
C032026,album,False
C033661,album,False
C029244,song,False
C020951,podcast_episode,True
C021748,song,True
C020809,song,False
C029297,podcast_episode,False
C030812,song,False
C018335,album,True
C027535,song,False
C020223,album,True
C012717,song,False
C020870,album,False
C000787,audiobook,False
C024361,podcast_episode,False
C031856,podcast_episode,True
C030814,song,False
C024129,podcast_episode,False
C020938,podcast_episode,True
C004197,podcast_episode,False
C003080,podcast_episode,False
C010865,song,False
C009622,album,False
C030714,album,False
C014309,podcast_episode,False
C022561,podcast_episode,False
C012812,podcast_episode,False
C022557,song,False
C005423,podcast_episode,True
C026727,song,False
C003221,song,True
C025464,podcast_episode,True
C031552,audiobook,True
C018945,podcast_episode,False
C004082,song,False
C000302,audiobook,False
C029479,song,True
C027097,podcast_episode,False
C018062,podcast_episode,False
C006429,song,True
C003134,song,False
C012799,album,True
C012900,podcast_episode,False
C019736,song,True
C021242,podcast_episode,False
C011808,podcast_episode,True
C022350,song,True
C009475,podcast_episode,True
C012380,podcast_episode,True
C015463,podcast_episode,True
C014173,song,False
C004039,audiobook,True
C019016,song,False
C018807,podcast_episode,False
C010308,podcast_episode,False
C031596,song,False
C020327,song,True
C011834,song,False
C031002,podcast_episode,True
C002245,podcast_episode,False
C027007,audiobook,False
C018779,podcast_episode,True
C010571,podcast_episode,False
C027191,song,False
C010328,song,False
C014394,song,False
C031846,song,True
C006318,song,False
C005274,podcast_episode,False
C027793,song,True
C008399,podcast_episode,True
C009103,podcast_episode,True
C012044,album,False
C017317,song,False
C031381,song,False
C030928,song,False
C020299,song,False
C017846,song,True
C010881,song,False
C004625,podcast_episode,False
C003434,podcast_episode,False
C004230,podcast_episode,False
C029815,podcast_episode,False
C019874,album,False
C031742,song,False
C002518,podcast_episode,False
C007133,song,False
C023200,song,False
C008808,song,True
C003238,podcast_episode,False
C008716,song,False
C008483,podcast_episode,True
C022067,song,True
C025800,song,False
C001694,song,True
C028754,podcast_episode,True
C033750,song,True
C026777,podcast_episode,True
C016723,podcast_episode,False
C024431,audiobook,True
C002521,podcast_episode,False
C023442,song,False
C028287,song,True
C005773,podcast_episode,False
C000874,song,True
C011390,song,False
C013347,song,False
C028954,song,True
C032113,song,False
C032068,song,True
C014131,album,False
C015245,podcast_episode,True
C009882,podcast_episode,True
C013124,album,False
C033069,song,False
C030905,song,False
C013425,song,False
C022521,song,False
C002265,song,False
C000248,album,True
C009556,song,True
C025864,song,True
C007739,audiobook,False
C004680,song,False
C000503,song,True
C025040,song,True
C018630,album,True
C033784,song,True
C027208,song,True
C024274,song,False
C033007,song,False
C029260,podcast_episode,False
C006518,song,False
C024718,song,False
C011150,podcast_episode,False
C012098,podcast_episode,False
C009184,album,False
C000695,song,True
C027755,podcast_episode,True
C005992,song,False
C019045,song,True
C007982,song,False
C012401,song,True
C021893,song,False
C022105,podcast_episode,False
C015423,song,False
C014067,album,True
C010603,song,True
C019851,song,False
C003780,song,False
C009294,song,False
C015683,song,True
C019858,song,False
C033745,audiobook,False
C009698,song,False
C022916,song,False
C006516,song,False
C009554,song,True
C006780,song,True
C033354,album,False
C022009,podcast_episode,False
C018248,audiobook,False
C000043,song,True
C033872,album,True
C029824,podcast_episode,False
C024415,podcast_episode,False
C027226,song,True
C008893,podcast_episode,True
C013288,podcast_episode,False
C012538,podcast_episode,False
C011031,song,False
C023921,song,False
C026829,audiobook,False
C011583,song,True
C008251,podcast_episode,True
C031920,song,False
C016674,album,True
C014611,song,False
C019027,podcast_episode,True
C006592,album,True
C014616,podcast_episode,True
C013657,podcast_episode,False
C014658,song,False
C020288,song,False
C011236,song,False
C015739,song,False
C029537,podcast_episode,False
C007778,song,False
C020265,podcast_episode,False
C007080,song,False
C003000,song,False
C033608,podcast_episode,False
C021336,podcast_episode,True
C019521,audiobook,False
C011537,song,False
C012234,album,False
C002898,podcast_episode,False
C023483,song,True
C027202,song,False
C027217,podcast_episode,False
C014861,song,False
C026648,podcast_episode,False
C014743,song,True
C000882,song,False
C021412,song,False
C006864,album,False
C003214,song,False
C000496,song,False
C017901,song,True
C017330,song,False
C001321,audiobook,False
C030737,podcast_episode,False
C030009,song,False
C000367,podcast_episode,False
C020787,song,True
C014974,song,False
C021189,song,True
C022646,album,False
C014742,song,False
C004536,album,False
C020183,song,True
C017104,song,False
C033843,song,True
C033495,podcast_episode,True
C032236,song,False
C027798,song,True
C014723,podcast_episode,False
C020979,song,False
C012354,song,False
C026805,song,False
C022809,song,False
C016138,podcast_episode,False
C012742,song,False
C003750,song,False
C006244,song,False
C013408,song,False
C009283,podcast_episode,False
C029678,song,False
C016321,song,True
C006333,album,False
C027086,song,True
C018930,song,False
C005938,album,False
C003162,podcast_episode,False
C006908,song,False
C006241,podcast_episode,False
C005841,podcast_episode,False
C031645,podcast_episode,False
C007320,song,False
C001298,audiobook,False
C016464,song,False
C023695,podcast_episode,True
C020860,song,True
C000977,song,False
C011029,podcast_episode,False
C002376,podcast_episode,False
C008336,podcast_episode,False
C018503,song,False
C029561,podcast_episode,True
C006101,podcast_episode,False
C020702,song,False
C017933,podcast_episode,False
C013695,song,False
C025175,song,False
C024555,song,False
C033089,song,False
C029619,podcast_episode,True
C031803,podcast_episode,False
C015157,song,False
C003467,song,False
C031992,song,False
C011017,podcast_episode,False
C015744,song,False
C001654,podcast_episode,True
C006143,song,False
C005409,album,True
C027880,song,True
C012888,podcast_episode,False
C019081,podcast_episode,True
C017581,song,True
C005109,album,False
C003267,song,False
C017820,song,False
C023797,song,True
C007123,song,True
C019753,song,False
C018494,song,True
C006765,audiobook,True
C027895,song,True
C033086,song,True
C013235,song,False
C006752,podcast_episode,True
C024585,podcast_episode,False
C006916,album,True
C009178,album,False
C002261,album,False
C016507,song,False
C027957,podcast_episode,True
C020030,song,False
C019992,podcast_episode,False
C031802,song,True
C027977,song,False
C027274,song,False
C005418,podcast_episode,False
C009570,podcast_episode,False
C007290,song,True
C014141,song,False
C003169,song,True
C003769,podcast_episode,False
C030597,album,False
C026652,podcast_episode,False
C011177,song,False
C018534,podcast_episode,False
C011389,song,True
C030392,song,False
C004170,song,False
C027087,album,True
C002026,song,True
C028061,song,False
C032007,audiobook,False
C018756,song,False
C007513,song,True
C027399,song,True
C010253,song,True
C013518,song,False
C027442,album,False
C007400,podcast_episode,False
C013716,podcast_episode,True
C022922,song,False
C003947,podcast_episode,False
C030669,song,False
C013625,song,False
C011365,podcast_episode,False
C030376,podcast_episode,True
C001476,podcast_episode,False
C016097,song,True
C028190,song,False
C015680,song,False
C005594,song,False
C025801,song,False
C013851,album,False
C009506,song,False
C000902,song,True
C024170,song,False
C010708,audiobook,True
C002670,podcast_episode,True
C015021,song,False
C002400,song,False
C022241,album,False
C006414,podcast_episode,False
C006805,podcast_episode,False
C033779,podcast_episode,False
C017500,audiobook,False
C010171,album,False
C030335,song,True
C007591,song,False
C032749,song,True
C011350,song,False
C025389,album,False
C025213,song,False
C014652,song,False
C025384,podcast_episode,False
C030097,podcast_episode,True
C006870,song,False
C014862,song,False
C017460,song,False
C000262,song,True
C024395,album,False
C028596,song,True
C026482,audiobook,False
C008609,podcast_episode,False
C013031,song,True
C030966,podcast_episode,False
C013429,song,True
C033035,song,False
C016543,song,False
C006807,song,True
C019035,song,True
C028668,song,False
C008411,song,False
C016977,podcast_episode,False
C012611,podcast_episode,False
C011003,album,True
C023984,podcast_episode,False
C013519,song,False
C009094,song,True
C019217,album,False
C019556,song,True
C013410,song,True
C006632,podcast_episode,False
C017205,podcast_episode,True
C018690,song,True
C033060,song,True
C021466,podcast_episode,False
C018696,audiobook,False
C023327,podcast_episode,True
C027266,song,False
C019087,song,False
C013697,podcast_episode,False
C013127,song,True
C017853,song,True
C031354,album,True
C020318,song,True
C025271,song,False
C017719,song,True
C007200,album,False
C000554,album,False
C028251,song,False
C002890,podcast_episode,True
C006270,song,False
C020395,song,True
C008334,song,False
C016270,song,False
C001870,audiobook,False
C020877,song,False
C025252,album,False
C006007,podcast_episode,False
C030975,podcast_episode,False
C013798,song,False
C024678,podcast_episode,False
C021952,album,False
C018803,podcast_episode,False
C000275,album,False
C012809,podcast_episode,False
C010403,audiobook,False
C011508,podcast_episode,True
C017661,album,False
C022659,album,False
C007403,song,False
C002657,song,False
C016624,song,True
C013739,song,False
C027869,song,True
C018935,album,False
C008407,song,False
C033575,podcast_episode,True
C003093,song,True
C021126,song,True
C008988,podcast_episode,False
C015250,song,True
C003303,song,True
C000988,album,False
C018400,song,False
C001455,podcast_episode,False
C014505,album,False
C004404,song,False
C000773,song,False
C032187,podcast_episode,False
C001482,song,True
C026844,audiobook,False
C008165,song,True
C015254,podcast_episode,False
C006758,song,False
C009279,podcast_episode,False
C030233,album,False
C018549,album,True
C017201,podcast_episode,False
C029657,podcast_episode,False
C027729,song,False
C012465,song,False
C033810,podcast_episode,False
C007813,audiobook,False
C014473,song,False
C014618,song,False
C028523,song,False
C002576,song,False
C009889,podcast_episode,False
C031762,podcast_episode,False
C008739,album,False
C015067,podcast_episode,False
C017298,podcast_episode,True
C030616,podcast_episode,False
C017921,album,False
C004513,song,True
C022365,song,False
C014541,podcast_episode,False
C014472,podcast_episode,False
C009523,audiobook,False
C003173,podcast_episode,False
C015981,song,False
C020958,song,False
C032753,song,False
C004942,song,True
C008815,song,False
C019841,podcast_episode,True
C000843,podcast_episode,False
C030478,song,False
C021348,song,False
C007906,album,False
C029488,song,True
C004628,album,True
C032931,album,True
C009199,song,False
C002864,album,True
C004425,podcast_episode,False
C022307,podcast_episode,False
C025824,audiobook,False
C000307,podcast_episode,False
C032120,song,True
C026416,podcast_episode,False
C032517,podcast_episode,True
C011697,podcast_episode,True
C025029,song,True
C022191,song,True
C031911,audiobook,False
C024997,podcast_episode,False
C032119,podcast_episode,False
C029196,song,True
C011735,podcast_episode,False
C015636,song,True
C011579,podcast_episode,True
C011364,song,False
C032844,song,True
C022198,podcast_episode,False
C001098,song,True
C012976,album,True
C009129,song,False
C007526,podcast_episode,False
C032388,podcast_episode,False
C011753,podcast_episode,False
C000312,song,False
C012290,song,False
C005193,song,False
C018616,podcast_episode,False
C028681,song,False
C030963,album,True
C012460,podcast_episode,True
C021639,song,True
C032332,podcast_episode,False
C013878,song,True
C008781,song,False
C024624,song,False
C007047,song,False
C022160,song,False
C011069,song,False
C020649,song,False
C015317,song,True
C001561,song,False
C008841,podcast_episode,False
C026325,song,False
C001116,podcast_episode,False
C010044,song,False
C015879,song,False
C016249,podcast_episode,True
C008655,song,False
C018975,song,False
C031212,podcast_episode,False
C006984,podcast_episode,False
C001804,song,True
C009431,album,True
C014137,album,False
C016622,song,True
C020906,album,False
C023315,song,False
C026376,song,False
C009009,song,False
C023258,podcast_episode,False
C005770,podcast_episode,False
C025857,song,True
C003391,podcast_episode,False
C000659,song,True
C024059,song,True
C003139,song,False
C010890,song,False
C013628,song,False
C007053,podcast_episode,False
C000523,podcast_episode,False
C001104,podcast_episode,False
C032698,album,True
C010265,song,True
C024550,song,True
C025276,song,False
C031669,song,True
C018781,song,True
C002638,song,False
C008431,album,False
C024353,podcast_episode,False
C018369,album,True
C013761,podcast_episode,True
C031486,song,False
C021553,album,True
C010302,podcast_episode,False
C007322,podcast_episode,True
C019644,podcast_episode,True
C032207,song,True
C012755,podcast_episode,False
C010669,podcast_episode,False
C006593,song,False
C005836,song,True
C014997,song,False
C011565,song,True
C023080,song,False
C031931,song,True
C029552,song,True
C004094,album,True
C011676,song,False
C000504,song,False
C024637,song,False
C007971,podcast_episode,True
C013734,podcast_episode,False
C032276,podcast_episode,True
C032635,song,False
C020478,audiobook,True
C015211,song,False
C029599,song,False
C021370,podcast_episode,True
C015455,song,False
C001984,song,True
C032843,song,False
C005624,podcast_episode,False
C022776,album,True
C024089,song,False
C033753,song,False
C001993,song,False
C002455,song,False
C025784,podcast_episode,False
C023662,song,True
C022044,podcast_episode,False
C022001,song,True
C023363,podcast_episode,True
C014484,audiobook,True
C011479,song,False
C021973,podcast_episode,True
C006884,podcast_episode,True
C030496,song,True
C027099,song,False
C031011,song,False
C000331,song,False
C023216,audiobook,False
C016638,song,True
C009618,song,True
C025214,song,False
C012114,podcast_episode,False
C016536,song,False
C032723,song,False
C030910,song,False
C028558,audiobook,True
C031899,song,True
C010668,song,False
C005671,song,False
C019089,album,True
C006296,album,False
C027779,song,False
C008306,song,True
C029783,album,True
C023221,song,False
C000550,song,False
C020540,song,False
C007345,podcast_episode,False
C018897,song,False
C009923,song,True
C020323,podcast_episode,False
C026073,song,False
C019965,song,True
C012413,song,False
C023906,podcast_episode,False
C012277,song,False
C028700,song,True
C020872,song,True
C017691,podcast_episode,True
C004265,song,False
C028355,podcast_episode,False
C003105,song,False
C030044,podcast_episode,False
C025567,song,True
C028088,song,False
C028903,song,False
C018367,podcast_episode,True
C011263,song,False
C016824,podcast_episode,True
C022428,podcast_episode,True
C021304,song,False
C027407,song,True
C029340,song,False
C028367,song,False
C003771,podcast_episode,False
C018529,podcast_episode,True
C001841,song,True
C009781,song,True
C011197,song,False
C025775,song,False
C006507,song,False
C002545,song,False
C014462,song,True
C025934,song,False
C032016,song,False
C007311,song,True
C004070,song,False
C033029,song,False
C025937,song,False
C032662,podcast_episode,False
C000207,album,False
C032651,podcast_episode,True
C013773,song,False
C006254,podcast_episode,True
C021781,podcast_episode,False
C000173,song,False
C030434,song,True
C015860,song,False
C017498,song,False
C005644,song,False
C005483,song,False
C027725,podcast_episode,True
C014271,song,False
C027080,song,False
C028800,podcast_episode,True
C029141,song,True
C022516,podcast_episode,False
C005921,podcast_episode,False
C001671,song,False
C031689,song,False
C024346,song,True
C009982,audiobook,False
C016591,podcast_episode,True
C033192,album,False
C025422,album,True
C014395,podcast_episode,True
C016501,podcast_episode,False
C026657,song,True
C019380,audiobook,False
C010824,album,True
C018380,song,False
C002736,podcast_episode,False
C008459,song,False
C031877,song,False
C007913,song,True
C026040,song,False
C004592,song,True
C028221,audiobook,False
C022729,album,True
C028485,podcast_episode,False
C011827,album,False
C001001,podcast_episode,False
C004160,song,False
C016323,podcast_episode,True
C005993,song,True
C019457,podcast_episode,False
C003193,song,False
C025462,podcast_episode,False
C009885,podcast_episode,False
C012132,song,True
C011775,audiobook,True
C008441,podcast_episode,False
C018548,song,True
C022157,song,False
C002128,song,True
C025751,song,True
C010026,song,False
C002739,audiobook,False
C032370,song,False
C008281,song,False
C007851,song,True
C017050,album,False
C022689,song,False
C002704,song,False
C015229,song,False
C018411,song,False
C019388,song,False
C019523,song,False
C018768,podcast_episode,False
C031544,album,False
C000591,album,False
C006076,podcast_episode,False
C031623,song,False
C021515,song,False
C024494,podcast_episode,False
C010687,song,False
C018193,song,False
C006598,podcast_episode,False
C021246,song,True
C010590,podcast_episode,True
C030985,audiobook,True
C025490,song,True
C005785,podcast_episode,False
C018206,song,False
C015637,album,False
C013527,podcast_episode,False
C004438,album,True
C008785,song,False
C027956,album,False
C013118,song,True
C004000,album,False
C001437,album,False
C015098,podcast_episode,False
C025996,podcast_episode,False
C015464,podcast_episode,False
C002041,song,False
C015050,podcast_episode,False
C003058,song,True
C010103,song,True
C016106,song,True
C012345,song,False
C019133,audiobook,False
C018582,album,False
C003876,song,True
C032938,podcast_episode,True
C010472,song,False
C005932,podcast_episode,False
C026275,song,False
C003086,podcast_episode,True
C028976,song,False
C017522,song,True
C020093,song,False
C025315,song,False
C002295,podcast_episode,False
C022814,song,True
C005893,song,False
C004869,song,False
C025019,song,False
C022507,song,False
C028675,podcast_episode,False
C033706,podcast_episode,False
C023437,song,False
C019199,song,False
C002715,audiobook,False
C007389,song,False
C022183,song,True
C018560,song,True
C009753,album,False
C010711,song,False
C019598,song,True
C020359,song,False
C001475,audiobook,False
C009540,podcast_episode,False
C023419,album,False
C001741,song,False
C002907,song,True
C016562,song,True
C020411,album,False
C030608,song,False
C029226,song,False
C006502,audiobook,False
C005778,podcast_episode,True
C013030,podcast_episode,True
C008719,podcast_episode,True
C030325,podcast_episode,False
C031114,song,False
C023849,song,False
C029241,podcast_episode,False
C022262,album,True
C031490,album,True
C014047,podcast_episode,False
C019200,album,False
C021096,song,False
C009415,podcast_episode,False
C019869,podcast_episode,False
C033656,song,False
C005631,podcast_episode,False
C029391,song,False
C007261,song,True
C020683,song,True
C002277,song,False
C007758,podcast_episode,False
C023663,song,False
C019670,podcast_episode,False
C021622,album,False
C008688,podcast_episode,False
C029054,song,False
C030052,song,True
C027630,podcast_episode,False
C002811,audiobook,True
C025211,song,False
C020134,album,False
C013272,song,True
C017312,podcast_episode,False
C014612,podcast_episode,False
C027010,album,False
C020880,podcast_episode,False
C022072,song,False
C030078,song,True
C033722,podcast_episode,True
C028937,podcast_episode,False
C021875,song,False
C004845,podcast_episode,False
C005029,song,False
C014557,podcast_episode,True
C013164,song,True
C003283,song,True
C023479,album,True
C002472,song,True
C016681,song,True
C001076,podcast_episode,False
C032335,song,True
C010015,audiobook,False
C032958,podcast_episode,False
C020988,podcast_episode,False
C013945,song,False
C023296,podcast_episode,True
C026282,song,False
C001405,song,False
C016586,album,False
C016849,podcast_episode,True
C020326,song,False
C012916,podcast_episode,False
C000139,song,False
C019939,album,True
C030181,song,False
C004273,song,False
C007305,song,True
C017299,song,False
C027456,song,False
C019978,song,False
C029609,song,True
C026364,album,False
C021322,audiobook,True
C011716,song,False
C018397,song,False
C020033,song,False
C020075,song,False
C025638,podcast_episode,True
C025122,podcast_episode,False
C016869,podcast_episode,False
C009354,song,True
C019825,song,False
C019204,song,False
C004904,song,True
C014181,podcast_episode,False
C003209,song,False
C005619,song,True
C006778,song,False
C021761,song,False
C020764,song,False
C027953,album,False
C025654,song,True
C017207,audiobook,False
C023470,audiobook,False
C029654,song,False
C007137,song,True
C006329,song,True
C002183,podcast_episode,False
C005995,song,True
C031898,podcast_episode,True
C032346,song,False
C016741,podcast_episode,False
C025569,podcast_episode,False
C002024,song,True
C010374,podcast_episode,True
C012159,album,False
C028076,song,True
C006888,audiobook,False
C009637,song,False
C012441,podcast_episode,True
C029123,podcast_episode,True
C001224,album,True
C020780,song,True
C008909,song,False
C003291,song,False
C011320,song,False
C028311,song,False
C028213,album,False
C032983,podcast_episode,False
C002196,song,True
C012841,podcast_episode,False
C007749,podcast_episode,False
C009679,song,True
C029029,album,True
C018848,podcast_episode,True
C014542,podcast_episode,True
C014795,song,True
C012733,song,False
C016350,podcast_episode,True
C012299,podcast_episode,True
C024264,song,False
C021154,audiobook,False
C017924,song,False
C018625,song,False
C020963,song,False
C000930,song,True
C023824,album,False
C025131,podcast_episode,False
C000984,song,True
C016764,song,True
C003299,song,True
C012660,song,False
C015619,podcast_episode,False
C010396,song,False
C032095,song,False
C029493,song,False
C025955,song,True
C020154,song,True
C017194,song,False
C006411,song,False
C019064,song,True
C026723,song,False
C029642,song,True
C008387,song,False
C025198,song,False
C012922,song,True
C009034,album,False
C003630,podcast_episode,False
C021437,song,False
C025262,audiobook,False
C011043,song,False
C021682,song,False
C012517,album,False
C018654,song,True
C028203,podcast_episode,False
C005598,podcast_episode,True
C004434,song,False
C014338,album,False
C027314,audiobook,True
C014412,song,False
C009510,song,False
C019871,song,False
C032967,song,False
C029269,song,False
C029709,song,False
C001636,song,False
C017159,podcast_episode,True
C001052,song,False
C030848,podcast_episode,False
C017736,song,True
C027792,album,True
C008789,song,False
C026478,song,False
C029871,song,False
C014677,podcast_episode,False
C029299,song,True
C010495,podcast_episode,False
C009082,song,True
C000335,podcast_episode,True
C025165,audiobook,False
C016605,song,False
C024006,album,True
C004757,song,False
C030300,audiobook,True
C009420,podcast_episode,True
C022603,song,True
C026085,song,False
C013548,song,False
C023215,song,False
C029360,song,False
C025162,album,False
C015369,song,False
C015847,song,False
C009573,album,False
C009130,podcast_episode,False
C017692,song,False
C008125,song,False
C025084,song,False
C009873,song,True
C014923,song,False
C028796,podcast_episode,False
C008484,podcast_episode,False
C003973,song,False
C000528,audiobook,False
C016512,song,True
C016114,song,False
C017882,podcast_episode,False
C005326,podcast_episode,False
C011304,song,True
C020055,song,False
C022015,podcast_episode,False
C031547,song,False
C023096,song,True
C020322,podcast_episode,True
C019249,podcast_episode,True
C028383,song,True
C016509,song,False
C033533,podcast_episode,False
C015112,song,False
C024750,podcast_episode,True
C006452,podcast_episode,False
C023636,audiobook,False
C021517,album,False
C010404,podcast_episode,True
C006764,audiobook,False
C011656,song,False
C005802,song,False
C001020,podcast_episode,True
C020617,song,False
C022142,podcast_episode,False
C005794,song,False
C011245,podcast_episode,False
C009532,song,True
C022942,podcast_episode,True
C016923,podcast_episode,False
C013753,song,False
C017689,podcast_episode,True
C023923,song,False
C033742,podcast_episode,False
C001589,podcast_episode,False
C007479,song,False
C015588,song,True
C028964,podcast_episode,True
C023682,song,False
C033285,song,False
C031455,podcast_episode,False
C027556,podcast_episode,True
C027634,podcast_episode,True
C005454,song,False
C028139,song,False
C011381,song,False
C031995,song,True
C012980,song,True
C027614,podcast_episode,True
C028759,song,True
C016626,song,False
C032386,song,True
C031167,song,True
C019628,song,False
C015069,podcast_episode,False
C024139,podcast_episode,False
C014738,album,True
C011763,song,False
C012993,podcast_episode,False
C001127,podcast_episode,True
C015923,song,False
C005662,audiobook,False
C018553,podcast_episode,False
C004523,song,False
C009511,song,False
C005935,audiobook,True
C002601,song,True
C033379,song,False
C005266,podcast_episode,False
C027449,podcast_episode,True
C028716,song,True
C020646,song,False
C026531,podcast_episode,True
C005053,song,False
C017696,album,False
C005094,song,True
C001152,song,False
C016657,album,False
C000938,song,False
C016516,song,False
C010399,song,True
C009346,song,True
C011940,podcast_episode,False
C029750,song,False
C000713,podcast_episode,False
C011862,song,True
C023578,song,False
C010645,song,True
C024180,song,False
C008914,podcast_episode,True
C010299,podcast_episode,False
C020506,song,False
C012216,song,False
C002272,song,True
C019567,podcast_episode,False
C031559,song,False
C014687,song,False
C032342,song,True
C009358,song,False
C030920,podcast_episode,False
C031740,song,False
C019220,song,False
C019931,song,False
C017912,podcast_episode,True
C026628,podcast_episode,False
C001132,podcast_episode,True
C017411,album,False
C006744,podcast_episode,False
C005704,song,True
C017431,podcast_episode,False
C021099,song,True
C003170,podcast_episode,False
C001416,audiobook,True
C013036,song,False
C025677,song,False
C023090,album,False
C027034,podcast_episode,False
C021326,podcast_episode,False
C014276,song,False
C020587,audiobook,False
C025357,podcast_episode,False
C007796,song,False
C033214,song,False
C027665,podcast_episode,False
C013466,podcast_episode,False
C012803,album,False
C030976,song,False
C022824,song,False
C000912,song,True
C019324,album,True
C012521,podcast_episode,True
C002037,song,False
C013069,album,False
C012905,song,False
C021588,song,False
C021883,song,True
C008150,song,True
C007574,podcast_episode,False
C015983,song,False
C005559,podcast_episode,False
C002168,podcast_episode,False
C009203,song,True
C004483,podcast_episode,False
C031138,song,False
C029172,podcast_episode,True
C000086,song,True
C030439,song,False
C001071,song,False
C013838,audiobook,False
C030322,podcast_episode,True
C020215,album,False
C003142,song,True
C002017,podcast_episode,False
C015865,podcast_episode,False
C003317,song,False
C028494,song,False
C000551,podcast_episode,False
C018671,song,True
C032378,song,True
C002160,song,True
C017560,song,True
C013494,song,True
C024263,song,True
C015848,audiobook,True
C009777,song,False
C023227,song,True
C016445,podcast_episode,False
C014796,podcast_episode,False
C029157,song,True
C019075,song,False
C033682,podcast_episode,True
C019667,song,False
C015142,podcast_episode,False
C028582,podcast_episode,True
C002531,song,False
C031585,podcast_episode,True
C010627,song,True
C033831,song,False
C003432,song,False
C031123,song,True
C010186,album,False
C003484,song,False
C000292,song,False
C011706,podcast_episode,True
C021961,song,True
C028824,song,True
C010455,album,True
C005906,podcast_episode,False
C007863,song,False
C010927,podcast_episode,False
C018851,song,True
C024316,song,False
C029959,song,False
C015263,song,True
C008372,album,True
C017135,podcast_episode,False
C020445,podcast_episode,True
C020284,song,True
C016411,podcast_episode,True
C025623,song,False
C033730,podcast_episode,False
C028539,song,True
C005666,song,False
C016808,song,False
C032377,song,True
C027075,song,False
C018885,song,False
C025392,song,False
C008108,album,True
C027982,album,False
C011807,podcast_episode,True
C024247,album,False
C004119,podcast_episode,False
C024814,podcast_episode,False
C024934,podcast_episode,False
C032341,song,False
C019915,podcast_episode,False
C020274,podcast_episode,False
C033701,podcast_episode,False
C022096,podcast_episode,True
C031086,song,True
C026175,song,True
C027802,song,False
C026530,song,False
C024838,song,False
C031679,album,False
C009875,song,True
C032817,podcast_episode,True
C004497,podcast_episode,False
C029828,song,False
C026666,podcast_episode,False
C022419,song,False
C012761,song,True
C010088,song,True
C023904,podcast_episode,True
C029702,podcast_episode,True
C027412,podcast_episode,True
C027622,song,False
C031991,podcast_episode,False
C029222,song,False
C025611,audiobook,False
C011891,song,True
C021834,audiobook,False
C002948,song,False
C004426,song,False
C030624,song,False
C031330,song,True
C033762,podcast_episode,True
C010970,podcast_episode,False
C019980,podcast_episode,False
C006369,podcast_episode,False
C023389,song,False
C015582,audiobook,False
C008599,song,False
C000811,song,False
C007979,album,False
C022750,song,False
C010650,song,True
C007677,song,False
C019296,album,False
C014329,song,False
C012501,song,False
C027964,album,False
C031571,song,False
C024860,song,False
C026732,song,True
C004723,song,True
C005980,album,True
C019458,podcast_episode,False
C028270,song,True
C025266,song,False
C020529,song,False
C024037,song,False
C024476,song,False
C003225,album,False
C022139,song,False
C012766,audiobook,False
C024832,song,False
C002301,audiobook,False
C017318,song,False
C028364,podcast_episode,True
C020424,song,True
C014741,podcast_episode,True
C001402,song,True
C017487,podcast_episode,False
C029462,podcast_episode,False
C029049,podcast_episode,False
C005439,song,False
C015993,song,True
C012307,podcast_episode,False
C002535,album,False
C022505,song,True
C020305,song,False
C019166,song,False
C020311,song,True
C025335,song,False
C010140,podcast_episode,False
C001959,audiobook,False
C006060,podcast_episode,True
C005989,podcast_episode,False
C009314,podcast_episode,True
C009884,song,False
C006200,podcast_episode,False
C005648,album,True
C000687,podcast_episode,False
C006704,podcast_episode,False
C015717,song,False
C021461,album,False
C011946,podcast_episode,False
C015136,podcast_episode,True
C012744,song,False
C023475,song,False
C018163,album,True
C000295,podcast_episode,False
C024280,song,False
C007700,audiobook,False
C023482,song,False
C012775,podcast_episode,False
C002989,album,False
C020916,podcast_episode,True
C006894,podcast_episode,True
C000332,podcast_episode,True
C017014,audiobook,False
C021224,song,True
C013153,song,True
C003703,song,True
C026622,song,True
C015609,album,True
C011219,podcast_episode,True
C030004,song,True
C009807,song,False
C016222,song,True
C014551,podcast_episode,False
C003563,song,False
C020094,podcast_episode,False
C009059,song,False
C005616,song,False
C009860,song,False
C024597,song,True
C001142,song,True
C023892,song,False
C007204,song,False
C005772,song,False
C022189,song,False
C007781,song,False
C006018,podcast_episode,False
C015166,song,False
C019535,podcast_episode,False
C024583,song,False
C013403,song,True
C003829,song,False
C033210,podcast_episode,True
C017220,album,False
C021094,podcast_episode,False
C016777,song,False
C017648,song,True
C027124,song,False
C016251,song,False
C020005,podcast_episode,True
C004116,podcast_episode,False
C032963,song,False
C008693,album,False
C024241,song,False
C002490,podcast_episode,False
C029694,song,True
C008113,song,False
C025632,podcast_episode,False
C015363,album,True
C022005,podcast_episode,True
C002764,song,False
C030996,song,False
C018073,audiobook,False
C002697,podcast_episode,True
C010604,audiobook,False
C003961,song,True
C013003,album,False
C016695,podcast_episode,False
C004601,song,True
C028715,song,False
C025745,audiobook,True
C020237,podcast_episode,True
C021575,song,False
C014539,audiobook,False
C016006,audiobook,False
C028908,podcast_episode,False
C030700,album,False
C027309,song,False
C027327,album,False
C033402,song,False
C014441,album,True
C010085,song,False
C021164,podcast_episode,True
C014659,album,False
C012438,song,True
C032708,song,True
C002860,song,True
C016472,song,False
C000885,song,True
C014269,album,False
C019578,song,True
C022461,song,False
C013822,song,False
C017543,audiobook,False
C027678,podcast_episode,False
C032077,song,True
C020718,podcast_episode,True
C013767,song,True
C007067,audiobook,True
C012243,song,False
C007443,song,True
C032458,podcast_episode,False
C000514,podcast_episode,False
C028686,album,False
C021148,song,True
C009746,song,False
C008802,podcast_episode,False
C010210,podcast_episode,False
C033389,song,False
C028128,song,False
C012106,song,False
C024513,song,False
C015743,podcast_episode,False
C011752,album,False
C032520,song,False
C032826,podcast_episode,True
C027559,podcast_episode,False
C033695,song,False
C032836,album,False
C009692,podcast_episode,False
C009575,song,True
C016017,song,False
C026321,song,True
C000712,song,False
C002966,song,False
C006008,podcast_episode,False
C030477,podcast_episode,False
C029119,podcast_episode,False
C006895,audiobook,False
C000585,song,False
C020950,song,True
C015316,song,True
C019969,podcast_episode,False
C015799,podcast_episode,False
C028308,song,True
C005151,song,False
C014346,podcast_episode,True
C030884,song,False
C019821,podcast_episode,True
C033219,song,True
C004254,podcast_episode,True
C024836,song,True
C009996,song,False
C003350,podcast_episode,False
C023642,song,False
C003687,podcast_episode,False
C006545,podcast_episode,True
C016933,podcast_episode,False
C010063,song,True
C004790,podcast_episode,False
C022732,song,True
C000539,audiobook,True
C025675,podcast_episode,True
C016646,song,False
C019572,song,False
C024084,song,True
C001520,song,False
C025577,podcast_episode,True
C020099,song,False
C008177,podcast_episode,False
C021602,podcast_episode,False
C029427,song,False
C028635,song,False
C023980,podcast_episode,False
C010069,song,False
C019568,album,False
C000012,song,False
C033422,song,False
C005809,song,False
C033434,podcast_episode,True
C017088,song,False
C002246,song,False
C027170,podcast_episode,False
C017721,song,True
C001675,song,True
C024272,podcast_episode,True
C015947,song,False
C014886,podcast_episode,True
C015660,song,False
C015699,song,False
C016320,song,True
C000527,audiobook,True
C016336,podcast_episode,True
C012081,song,False
C020011,podcast_episode,False
C031238,audiobook,False
C023254,podcast_episode,False
C031790,song,False
C005075,audiobook,False
C032616,song,False
C001607,song,False
C005971,song,False
C022084,song,False
C001184,song,False
C030822,song,True
C011402,album,True
C006627,song,False
C005658,album,False
C027024,song,False
C032926,song,False
C004719,podcast_episode,False
C012893,song,True
C010550,song,True
C008650,song,True
C030358,podcast_episode,False
C011903,album,True
C021783,song,False
C028373,album,False
C025184,podcast_episode,False
C020960,podcast_episode,False
C021670,album,False
C021051,song,False
C007625,song,False
C005834,song,True
C016891,song,False
C017029,song,True
C022364,podcast_episode,False
C004617,song,False
C010467,album,True
C033377,song,True
C031765,song,False
C011855,song,False
C028879,podcast_episode,False
C008052,song,False
C007941,song,False
C024178,song,False
C004521,album,True
C012327,album,False
C012998,podcast_episode,False
C013075,song,False
C008422,song,True
C018022,song,False
C012210,podcast_episode,True
C000954,song,False
C019974,audiobook,True
C014246,podcast_episode,False
C020065,song,False
C028568,song,False
C015831,podcast_episode,False
C006025,song,True
C032409,song,True
C006237,album,True
C005786,song,False
C020817,song,False
C006725,song,False
C015347,album,False
C009286,song,False
C027183,album,True
C013537,podcast_episode,True
C027175,podcast_episode,True
C027657,song,False
C008461,podcast_episode,False
C022118,song,False
C005183,album,True
C032737,song,False
C021673,song,True
C029695,podcast_episode,False
C002370,song,True
C015715,podcast_episode,False
C000055,song,False
C016247,album,True
C021887,song,False
C002449,audiobook,False
C025655,song,False
C022640,song,False
C023225,song,False
C007426,song,False
C032250,podcast_episode,False
C025293,song,False
C031541,audiobook,False
C027184,song,False
C024534,song,False
C021485,podcast_episode,True
C030977,podcast_episode,False
C012188,song,False
C011435,song,False
C003249,song,False
C030483,podcast_episode,True
C023409,song,True
C023266,song,False
C020690,album,True
C002719,song,False
C009831,podcast_episode,False
C024217,song,False
C008147,album,True
C029764,song,True
C015890,podcast_episode,False
C015430,song,False
C011711,song,True
C005168,podcast_episode,True
C006818,song,False
C026660,song,False
C013920,podcast_episode,False
C009994,podcast_episode,False
C004107,podcast_episode,False
C007447,song,False
C009975,album,False
C019892,song,True
C014457,podcast_episode,False
C023941,song,False
C028306,song,True
C015052,song,True
C004814,podcast_episode,False
C014657,podcast_episode,False
C020997,song,True
C020174,album,False
C021737,song,False
C029044,song,False
C031142,song,True
C014172,song,False
C005911,podcast_episode,True
C027588,podcast_episode,False
C029569,album,True
C032344,audiobook,False
C030981,album,True
C018896,podcast_episode,False
C017720,audiobook,False
C013358,podcast_episode,True
C011723,song,False
C020355,album,False
C032220,podcast_episode,False
C019358,song,False
C019863,song,False
C003115,podcast_episode,False
C028241,audiobook,False
C005104,podcast_episode,False
C004365,podcast_episode,True
C027873,song,False
C019958,song,False
C001074,podcast_episode,False
C031647,song,False
C022852,song,False
C010365,song,False
C000968,song,False
C023289,song,True
C005413,song,True
C007132,podcast_episode,False
C011413,song,False
C020049,podcast_episode,False
C016835,song,True
C022122,podcast_episode,False
C029717,song,False
C022291,song,True
C014091,song,False
C016985,audiobook,False
C027379,audiobook,False
C005482,song,True
C003404,song,True
C025230,song,False
C009896,song,False
C011898,song,False
C018462,podcast_episode,True
C003951,song,False
C005942,song,True
C032259,song,True
C021908,song,False
C007247,song,False
C008829,song,False
C024627,song,False
C021502,song,False
C007515,audiobook,False
C001883,song,False
C027655,song,False
C023073,song,False
C028532,song,False
C019591,podcast_episode,False
C024904,song,False
C010606,song,False
C015658,podcast_episode,False
C014905,album,False
C000697,song,False
C026409,audiobook,False
C002812,song,True
C000153,song,True
C019056,album,False
C030955,song,True
C025648,song,False
C012005,song,True
C027032,podcast_episode,False
C024393,podcast_episode,True
C019190,song,True
C026858,song,False
C000780,album,False
C027398,song,False
C030093,song,True
C025602,podcast_episode,False
C019771,podcast_episode,False
C011548,song,True
C001186,song,False
C025981,song,False
C025201,podcast_episode,False
C032257,song,True
C012433,song,True
C008106,album,False
C004813,album,True
C003472,album,False
C007946,song,True
C009164,podcast_episode,False
C028079,podcast_episode,False
C029841,song,False
C008597,podcast_episode,False
C002316,podcast_episode,True
C029440,podcast_episode,False
C013972,song,False
C004747,podcast_episode,False
C019630,song,True
C029953,song,False
C018523,audiobook,True
C032186,podcast_episode,False
C007558,podcast_episode,False
C003643,podcast_episode,True
C020590,podcast_episode,False
C015213,song,False
C011712,song,False
C014797,song,False
C019465,podcast_episode,False
C030701,song,False
C011955,song,False
C001398,song,False
C009114,song,False
C014017,album,False
C015932,podcast_episode,False
C018877,podcast_episode,False
C020185,podcast_episode,True
C028125,song,False
C006824,song,True
C031754,song,False
C011279,podcast_episode,False
C022449,podcast_episode,False
C014478,podcast_episode,True
C033773,song,False
C009731,song,False
C032519,audiobook,True
C031975,podcast_episode,False
C003631,podcast_episode,True
C003171,song,True
C008082,audiobook,False
C008263,song,False
C002398,song,False
C017596,song,False
C033537,podcast_episode,True
C020800,song,False
C001197,song,True
C019775,song,False
C005144,song,False
C032508,podcast_episode,False
C027171,song,True
C009051,song,False
C022555,podcast_episode,True
C029810,song,True
C016191,song,False
C024734,audiobook,True
C031708,song,True
C026295,song,False
C003539,podcast_episode,False
C027218,song,False
C020755,song,False
C026388,song,True
C003527,podcast_episode,False
C006558,song,False
C007467,song,False
C022143,song,True
C028757,song,False
C006597,podcast_episode,False
C003255,song,True
C023885,album,False
C007922,podcast_episode,False
C026201,song,False
C033699,song,True
C025980,song,False
C031438,song,False
C002724,song,False
C013182,song,False
C009464,song,False
C021133,podcast_episode,False
C023003,podcast_episode,False
C031025,podcast_episode,True
C021478,song,False
C017004,podcast_episode,True
C018117,song,False
C001371,song,False
C021149,song,False
C016046,album,True
C002433,song,True
C029588,podcast_episode,True
C013210,song,False
C029007,song,False
C014544,song,False
C021018,song,True
C001273,podcast_episode,False
C027374,song,True
C032020,podcast_episode,False
C020990,song,False
C003253,song,False
C028652,song,True
C022830,song,True
C030120,podcast_episode,True
C025925,podcast_episode,True
C028210,album,True
C026913,song,True
C016052,song,False
C012269,song,True
C016505,album,False
C006156,song,False
C030912,song,False
C000663,podcast_episode,False
C023944,song,False
C020111,song,False
C013396,song,False
C000178,song,True
C027888,song,True
C013771,album,True
C004375,song,False
C016375,song,False
C016468,audiobook,True
C002844,podcast_episode,False
C031322,song,False
C001549,audiobook,True
C012157,song,True
C018805,song,False
C004252,song,True
C011133,song,True
C003605,song,True
C025613,podcast_episode,False
C000815,song,False
C004898,song,False
C032278,album,True
C012062,podcast_episode,False
C017766,podcast_episode,False
C007295,song,False
C000116,audiobook,False
C014270,podcast_episode,False
C026875,podcast_episode,True
C020213,audiobook,False
C023014,song,True
C001787,audiobook,False
C002717,song,False
C021803,song,False
C013228,podcast_episode,True
C016699,song,True
C012862,song,False
C011044,podcast_episode,True
C005984,song,False
C031109,song,True
C013242,song,True
C010912,podcast_episode,False
C013871,song,False
C000259,podcast_episode,False
C025715,audiobook,False
C001977,song,False
C017558,album,False
C004821,album,False
C012745,song,False
C011554,audiobook,True
C030116,song,False
C005608,album,False
C015604,audiobook,False
C007518,podcast_episode,True
C028524,podcast_episode,False
C028811,song,False
C027757,song,False
C033140,song,True
C032192,podcast_episode,False
C013386,podcast_episode,False
C025087,song,True
C018546,podcast_episode,False
C016845,album,True
C012887,podcast_episode,True
C019333,song,True
C023378,podcast_episode,False
C031323,podcast_episode,False
C027587,song,False
C029171,song,False
C012387,song,True
C015088,podcast_episode,True
C013748,podcast_episode,False
C024121,song,False
C022761,podcast_episode,True
C032548,podcast_episode,True
C007664,podcast_episode,False
C008351,song,False
C011395,podcast_episode,False
C017892,audiobook,True
C029208,song,True
C003586,podcast_episode,False
C018252,podcast_episode,False
C022406,song,False
C027754,song,True
C006718,song,False
C000404,podcast_episode,True
C003858,podcast_episode,False
C016344,song,True
C025218,song,False
C007709,podcast_episode,False
C017039,song,False
C022112,song,False
C017133,song,False
C017982,song,False
C006494,audiobook,True
C005204,podcast_episode,False
C009652,song,True
C007202,song,False
C008927,album,False
C030708,song,False
C019274,podcast_episode,False
C001060,song,False
C006622,song,False
C030441,podcast_episode,False
C028085,song,False
C019293,podcast_episode,True
C001754,podcast_episode,False
C031388,podcast_episode,True
C003039,song,False
C013046,podcast_episode,False
C017125,podcast_episode,False
C031032,song,True
C012012,song,False
C005663,audiobook,False
C028634,song,False
C024457,song,False
C033461,song,False
C025425,album,False
C033628,song,False
C013165,podcast_episode,False
C015853,podcast_episode,True
C001129,song,False
C032647,song,False
C018013,podcast_episode,False
C029833,podcast_episode,False
C011181,podcast_episode,False
C010915,podcast_episode,True
C019299,song,False
C011823,song,True
C021901,song,True
C024338,podcast_episode,False
C023691,song,False
C008025,song,False
C011569,song,False
C008977,song,True
C005967,podcast_episode,False
C032815,song,False
C014146,song,False
C017501,album,True
C033676,podcast_episode,False
C022982,song,False
C018001,song,False
C009619,song,False
C004278,audiobook,True
C017673,song,False
C017547,song,True
C005677,podcast_episode,False
C032071,song,False
C013918,song,True
C019732,song,False
C025368,song,True
C002716,song,False
C005226,song,False
C026077,song,False
C011972,album,False
C003389,podcast_episode,False
C019477,song,True
C030228,podcast_episode,False
C002079,album,False
C006923,song,False
C021059,podcast_episode,False
C008026,song,False
C025095,song,False
C005880,song,False
C032036,song,False
C022265,song,False
C000588,podcast_episode,False
C033586,album,False
C016131,podcast_episode,False
C028087,podcast_episode,False
C015878,audiobook,True
C006810,song,False
C019686,song,False
C026758,podcast_episode,True
C005711,song,False
C009702,song,False
C025756,podcast_episode,False
C014838,song,True
C001764,podcast_episode,True
C008051,podcast_episode,False
C033799,song,True
C029655,podcast_episode,False
C006493,audiobook,False
C019862,song,False
C019708,song,True
C013836,song,True
C002439,album,True
C024486,song,False
C017381,song,False
C028313,podcast_episode,False
C000085,song,True
C003049,podcast_episode,True
C005194,podcast_episode,False
C032604,podcast_episode,False
C013709,song,True
C007435,song,True
C017401,song,True
C018577,song,True
C002823,album,False
C013119,song,True
C028708,podcast_episode,True
C009046,podcast_episode,False
C018473,song,False
C028534,song,False
C022715,song,False
C024805,song,False
C023269,podcast_episode,False
C003776,song,False
C011258,song,True
C016506,podcast_episode,True
C028993,song,False
C015750,podcast_episode,False
C019607,podcast_episode,False
C009188,podcast_episode,True
C032209,song,False
C002031,song,True
C025878,song,True
C013029,song,False
C008508,song,False
C025110,song,False
C004827,song,False
C026285,song,True
C004262,album,False
C006837,song,False
C007330,podcast_episode,False
C028431,audiobook,False
C026645,song,False
C013584,podcast_episode,False
C002630,song,False
C027675,song,False
C000277,song,False
C023835,song,False
C008225,album,False
C030719,song,True
C019614,podcast_episode,False
C017893,album,False
C024886,song,True
C003163,album,True
C010873,song,True
C032298,song,False
C015253,album,False
C002536,audiobook,False
C011550,song,False
C026381,podcast_episode,False
C016355,song,True
C021252,song,False
C022134,song,False
C024568,song,False
C007694,podcast_episode,True
C016935,podcast_episode,True
C015173,song,True
C011112,song,False
C022675,podcast_episode,True
C021734,audiobook,False
C011645,album,False
C009351,song,False
C024482,podcast_episode,False
C016651,podcast_episode,True
C030071,song,False
C025634,podcast_episode,False
C018334,song,True
C016187,song,True
C017123,album,True
C024962,song,False
C032939,podcast_episode,False
C009804,album,False
C031262,podcast_episode,True
C029696,song,False
C015756,podcast_episode,False
C012344,song,False
C017383,podcast_episode,False
C004703,song,False
C001895,album,True
C009499,podcast_episode,True
C033663,podcast_episode,True
C028667,song,True
C027066,podcast_episode,False
C029170,podcast_episode,True
C013658,podcast_episode,False
C007291,song,False
C025031,song,False
C002360,podcast_episode,False
C012141,song,False
C027666,song,False
C027146,song,False
C003023,song,True
C005164,podcast_episode,False
C004657,podcast_episode,False
C026494,podcast_episode,False
C017324,podcast_episode,True
C031657,song,False
C009823,song,True
C003318,album,False
C021811,song,False
C031862,song,False
C026658,song,False
C017362,song,False
C010281,podcast_episode,True
C029041,song,False
C032690,podcast_episode,False
C017831,song,False
C018312,song,False
C002972,song,False
C002080,song,True
C019142,song,True
C003862,song,False
C002946,song,True
C026284,song,False
C023599,podcast_episode,False
C016064,song,False
C029869,album,True
C032292,song,True
C013411,song,True
C024774,song,False
C016856,podcast_episode,False
C028948,song,False
C018729,podcast_episode,True
C015813,song,False
C033614,podcast_episode,True
C026240,song,False
C020175,podcast_episode,False
C000136,song,True
C023132,album,False
C010381,song,False
C009750,song,False
C002998,podcast_episode,False
C026009,podcast_episode,True
C007097,podcast_episode,False
C011825,album,False
C030019,album,False
C011603,podcast_episode,False
C002187,podcast_episode,True
C019275,podcast_episode,False
C019237,podcast_episode,False
C009463,song,False
C029595,song,True
C010981,album,True
C030998,song,True
C019180,album,True
C017147,podcast_episode,False
C006959,audiobook,False
C009586,audiobook,False
C026089,podcast_episode,False
C001828,song,False
C023334,podcast_episode,False
C025171,song,False
C029586,podcast_episode,False
C000756,podcast_episode,True
C022224,podcast_episode,False
C011975,song,False
C000233,song,True
C000182,song,False
C018904,song,True
C007360,podcast_episode,False
C020773,song,True
C031848,podcast_episode,False
C016253,song,False
C016101,podcast_episode,False
C021233,podcast_episode,True
C026049,song,False
C033444,album,False
C028591,audiobook,False
C019675,podcast_episode,False
C024894,podcast_episode,True
C003355,song,False
C010262,podcast_episode,False
C000446,podcast_episode,True
C031298,podcast_episode,True
C003154,song,False
C027012,podcast_episode,True
C017864,album,True
C013713,song,False
C023176,podcast_episode,True
C010863,song,True
C017428,song,False
C031620,song,True
C011652,podcast_episode,True
C024569,album,False
C032024,song,False
C018231,song,False
C017868,song,False
C019932,song,False
C019923,podcast_episode,False
C008121,song,False
C028081,song,False
C012880,podcast_episode,True
C025615,podcast_episode,False
C015227,song,True
C024549,song,True
C000578,song,False
C018948,podcast_episode,True
C031484,audiobook,False
C026064,audiobook,True
C026219,song,True
C021895,song,True
C001590,album,True
C010093,song,False
C001521,audiobook,False
C028547,song,False
C015704,podcast_episode,True
C021467,audiobook,False
C031183,song,False
C032709,podcast_episode,False
C021546,song,False
C004122,song,False
C007453,song,False
C001431,song,False
C025022,audiobook,False
C009934,podcast_episode,True
C000171,podcast_episode,False
C029271,album,False
C004447,podcast_episode,False
C005074,song,False
C005348,song,True
C023159,song,False
C006552,podcast_episode,False
C029573,song,False
C009172,album,False
C015594,podcast_episode,True
C002967,podcast_episode,False
C013837,song,True
C014451,song,True
C020585,podcast_episode,True
C001459,song,False
C022871,podcast_episode,False
C004089,podcast_episode,False
C017954,song,False
C015486,audiobook,True
C019216,album,True
C006377,podcast_episode,False
C031482,song,False
C000443,podcast_episode,False
C001898,song,False
C014553,song,False
C014740,podcast_episode,False
C030754,audiobook,True
C018843,podcast_episode,False
C001042,podcast_episode,False
C014375,podcast_episode,False
C024439,podcast_episode,True
C000132,song,True
C014285,podcast_episode,False
C011713,song,False
C029480,audiobook,True
C021204,song,True
C015764,album,False
C010631,song,False
C024379,song,False
C017212,song,True
C033184,song,False
C031017,song,False
C005286,audiobook,False
C000740,song,True
C000268,podcast_episode,False
C020163,song,False
C032920,song,False
C015584,song,False
C022850,song,True
C033724,song,False
C029407,podcast_episode,False
C001267,song,False
C031576,album,False
C003943,song,False
C015846,song,False
C021741,song,True
C017238,song,False
C028795,song,False
C005440,album,False
C029646,song,False
C007294,song,False
C023067,song,True
C007071,album,True
C005095,podcast_episode,True
C022176,audiobook,False
C004069,podcast_episode,False
C024375,podcast_episode,False
C032398,song,False
C000154,song,True
C012054,podcast_episode,True
C018566,podcast_episode,False
C015344,podcast_episode,False
C013306,album,False
C022254,song,False
C011882,song,False
C002553,podcast_episode,False
C003992,podcast_episode,False
C029651,album,False
C009611,song,False
C009893,song,False
C000888,album,False
C000580,podcast_episode,True
C000871,podcast_episode,False
C022286,song,False
C021426,song,False
C008571,song,True
C024164,song,True
C017062,song,True
C008562,song,False
C017850,song,False
C033848,song,False
C028741,podcast_episode,False
C012378,song,False
C028163,album,False
C009840,audiobook,False
C025525,podcast_episode,True
C017295,album,False
C009370,song,True
C014254,song,True
C025119,podcast_episode,False
C010345,song,False
C015540,song,True
C007610,podcast_episode,False
C019316,album,False
C030929,podcast_episode,False
C005626,podcast_episode,False
C023495,song,False
C031509,song,True
C023680,podcast_episode,False
C003502,song,True
C028023,podcast_episode,False
C000786,song,True
C010660,song,False
C033755,audiobook,False
C013216,album,False
C002418,podcast_episode,True
C014641,song,False
C006192,podcast_episode,False
C008664,song,True
C005281,song,False
C009004,song,False
C014077,podcast_episode,False
C005119,song,True
C020405,song,True
C027797,song,False
C007825,audiobook,True
C020473,podcast_episode,False
C006569,song,False
C028263,song,False
C014483,song,False
C029622,song,False
C030870,song,False
C029334,podcast_episode,False
C009468,song,True
C028789,song,False
C033288,song,False
C008559,song,False
C029210,song,True
C008315,song,False
C021496,podcast_episode,True
C010464,song,True
C014949,podcast_episode,False
C015861,song,True
C030642,song,True
C030345,podcast_episode,False
C014364,podcast_episode,True
C013174,album,True
C017749,podcast_episode,False
C004133,audiobook,True
C015995,song,True
C000109,song,True
C011872,song,False
C031106,song,False
C031425,song,False
C029362,podcast_episode,False
C001985,album,True
C004369,song,False
C005016,song,False
C011948,song,False
C031787,song,False
C012583,song,True
C025159,song,True
C010463,podcast_episode,True
C006483,podcast_episode,False
C000793,podcast_episode,True
C005513,podcast_episode,False
C012071,podcast_episode,False
C017482,song,True
C022421,song,False
C004627,podcast_episode,False
C018775,podcast_episode,False
C002571,song,False
C013784,album,True
C030091,podcast_episode,False
C009308,song,True
C023985,podcast_episode,True
C021900,song,True
C003521,song,False
C016256,podcast_episode,False
C026362,podcast_episode,True
C024140,podcast_episode,True
C004492,song,True
C010482,podcast_episode,False
C032803,song,False
C020300,album,False
C023661,song,False
C015195,podcast_episode,True
C029146,podcast_episode,False
C031333,podcast_episode,False
C010695,song,True
C007321,audiobook,False
C010111,song,False
C022887,podcast_episode,True
C013738,podcast_episode,True
C014831,podcast_episode,False
C020257,album,False
C015309,song,False
C013896,song,True
C025647,song,False
C009961,podcast_episode,False
C003194,song,False
C030773,song,False
C004393,podcast_episode,True
C000462,song,False
C011707,podcast_episode,False
C031478,song,True
C004882,song,False
C024949,song,True
C032234,song,False
C017076,podcast_episode,False
C019037,audiobook,True
C013257,song,False
C031052,album,True
C027943,song,False
C016745,song,False
C022660,song,False
C007555,song,True
C012453,album,True
C016287,album,False
C022223,album,False
C025496,song,False
C006938,song,True
C018345,podcast_episode,False
C020984,podcast_episode,True
C002596,album,False
C026004,song,True
C005416,song,True
C020233,song,True
C015788,podcast_episode,False
C020532,album,True
C025325,song,False
C033532,song,False
C030644,song,False
C010133,song,False
C018889,podcast_episode,True
C008981,song,True
C012820,album,False
C031145,album,True
C004044,album,False
C030974,podcast_episode,False
C027269,podcast_episode,True
C018425,podcast_episode,False
C023671,podcast_episode,True
C030841,podcast_episode,True
C028324,podcast_episode,False
C017505,podcast_episode,False
C031133,album,False
C014649,podcast_episode,False
C030163,song,False
C011296,song,False
C032284,song,True
C031659,podcast_episode,False
C027554,audiobook,False
C017373,podcast_episode,True
C031836,song,False
C007397,podcast_episode,False
C029366,podcast_episode,False
C016753,song,False
C008604,podcast_episode,False
C028392,song,False
C017637,podcast_episode,False
C026266,song,False
C023694,song,False
C001165,song,True
C013987,song,False
C029370,song,False
C022958,podcast_episode,False
C016115,song,False
C027110,album,True
C001445,song,False
C006195,podcast_episode,False
C024206,song,True
C025099,podcast_episode,False
C025947,podcast_episode,False
C011375,song,False
C017410,song,True
C006063,album,False
C005219,song,False
C012987,podcast_episode,False
C025637,podcast_episode,True
C012101,song,False
C030537,song,False
C000646,song,True
C017274,album,False
C024126,album,False
C020250,podcast_episode,True
C004938,podcast_episode,False
C008663,podcast_episode,False
C005355,song,False
C014029,song,True
C011183,song,False
C009436,podcast_episode,False
C032496,song,False
C016776,album,False
C017022,song,False
C017854,podcast_episode,False
C011216,audiobook,False
C023292,song,True
C030577,album,True
C025003,song,False
C030269,song,True
C000040,song,False
C032387,audiobook,False
C009467,podcast_episode,True
C018296,song,False
C023091,song,False
C025997,song,True
C017867,song,False
C033190,podcast_episode,False
C022798,song,False
C010052,podcast_episode,False
C033426,song,True
C019301,podcast_episode,False
C033050,song,False
C004749,song,False
C010576,podcast_episode,False
C019131,album,True
C008190,song,False
C019873,song,True
C029948,song,True
C028604,podcast_episode,False
C023349,podcast_episode,False
C024810,podcast_episode,False
C021536,song,False
C031875,audiobook,False
C030360,audiobook,True
C022480,song,True
C017374,song,True
C002315,podcast_episode,False
C016799,song,False
C030768,song,False
C025882,song,False
C010738,song,True
C018979,song,True
C022730,song,False
C005063,album,False
C032800,song,False
C014632,podcast_episode,False
C030849,audiobook,True
C027005,podcast_episode,False
C013267,podcast_episode,False
C004853,podcast_episode,False
C025200,podcast_episode,False
C007423,podcast_episode,False
C025094,song,False
C017341,song,False
C017386,song,False
C025136,song,False
C008350,podcast_episode,False
C003842,podcast_episode,False
C005174,song,True
C023821,podcast_episode,False
C032509,audiobook,False
C032828,audiobook,False
C008179,podcast_episode,True
C003341,song,False
C016465,song,True
C030648,song,False
C023241,audiobook,False
C029726,song,True
C006599,song,True
C006175,album,True
C009743,song,True
C032438,song,False
C007880,podcast_episode,False
C031104,podcast_episode,True
C016834,song,False
C006128,podcast_episode,True
C014635,album,False
C029405,podcast_episode,False
C021323,song,False
C028953,song,False
C032199,song,True
C032143,song,False
C027006,podcast_episode,False
C019468,song,False
C017740,album,True
C020995,song,False
C006630,podcast_episode,False
C032857,song,False
C005922,album,False
C020944,podcast_episode,False
C016527,song,False
C022255,song,True
C027243,podcast_episode,False
C008920,podcast_episode,False
C010561,song,True
C028075,song,False
C023009,song,False
C020901,podcast_episode,False
C009909,song,True
C024699,podcast_episode,False
C033036,song,False
C028803,podcast_episode,False
C024865,song,False
C000424,song,True
C030227,song,False
C016481,song,True
C024891,podcast_episode,False
C033780,song,False
C015205,podcast_episode,True
C013698,song,True
C005687,song,False
C020828,podcast_episode,False
C001997,podcast_episode,True
C032126,podcast_episode,False
C024436,song,False
C024199,song,False
C033607,podcast_episode,True
C021169,podcast_episode,False
C014535,podcast_episode,True
C020495,song,False
C032962,podcast_episode,False
C012107,song,True
C002203,song,False
C003941,podcast_episode,True
C022805,podcast_episode,False
C011519,song,True
C021480,podcast_episode,False
C009931,podcast_episode,False
C027777,podcast_episode,True
C013129,podcast_episode,True
C019438,song,False
C009187,album,False
C010648,audiobook,False
C020593,podcast_episode,False
C028587,song,True
C013353,song,True
C027265,podcast_episode,True
C007049,song,False
C031390,song,False
C022250,song,False
C021285,podcast_episode,True
C011515,podcast_episode,False
C007141,song,False
C012436,podcast_episode,True
C001903,audiobook,False
C003634,song,False
C028585,song,True
C003280,song,False
C009587,album,False
C000611,podcast_episode,False
C021489,podcast_episode,False
C031497,song,True
C005655,podcast_episode,True
C021479,podcast_episode,True
C019734,album,False
C012305,song,False
C006635,song,True
C006647,album,False
C010300,song,False
C011036,podcast_episode,True
C033001,song,True
C031487,podcast_episode,False
C013549,podcast_episode,True
C014223,song,True
C032136,podcast_episode,True
C027968,podcast_episode,True
C017787,song,True
C012719,podcast_episode,True
C020867,audiobook,False
C022195,podcast_episode,False
C033161,song,False
C017364,song,False
C008218,song,True
C002014,song,True
C019642,song,False
C022456,podcast_episode,True
C020391,audiobook,True
C008318,podcast_episode,False
C008492,song,True
C031631,podcast_episode,False
C014081,podcast_episode,False
C006103,podcast_episode,False
C011218,podcast_episode,False
C018258,podcast_episode,True
C001109,album,False
C009406,album,False
C011556,song,True
C026374,podcast_episode,False
C014158,song,True
C023690,song,False
C017474,podcast_episode,False
C001629,song,False
C032309,album,False
C029945,album,False
C016968,song,True
C007990,song,False
C016305,podcast_episode,True
C019812,song,True
C031890,podcast_episode,False
C012684,song,False
C018173,song,True
C007582,song,False
C013534,podcast_episode,False
C000389,song,False
C012162,podcast_episode,False
C003848,song,False
C010127,song,False
C019902,podcast_episode,True
C019243,song,False
C028354,song,False
C010415,song,False
C033317,song,True
C014036,song,False
C019603,song,False
C028542,album,False
C029570,podcast_episode,False
C014278,podcast_episode,False
C004040,song,False
C014299,song,False
C022366,song,True
C033387,song,False
C009212,album,True
C017651,song,False
C012217,album,False
C008697,audiobook,False
C009814,album,False
C032618,podcast_episode,True
C031341,album,False
C026287,podcast_episode,False
C000189,podcast_episode,False
C031170,song,False
C018478,song,True
C011936,song,True
C029966,podcast_episode,False
C024852,podcast_episode,False
C029130,podcast_episode,False
C025915,song,True
C001381,song,False
C018352,album,True
C013724,audiobook,True
C002231,song,True
C002691,podcast_episode,False
C026575,song,True
C025627,song,False
C030001,song,True
C015921,podcast_episode,True
C008034,podcast_episode,False
C006465,album,False
C022975,song,False
C031769,song,False
C012415,podcast_episode,True
C027958,song,False
C033737,album,False
C033698,podcast_episode,False
C027198,song,False
C002677,song,False
C011376,song,True
C001999,podcast_episode,True
C001029,audiobook,True
C030476,podcast_episode,False
C029280,song,True
C013927,podcast_episode,False
C002970,song,False
C012078,podcast_episode,False
C015945,album,False
C026836,podcast_episode,False
C026847,podcast_episode,True
C027532,song,True
C001339,song,True
C008961,song,False
C019940,song,False
C022270,song,False
C026379,podcast_episode,False
C032781,song,True
C027340,song,False
C029630,song,False
C027037,podcast_episode,True
C026403,song,False
C032786,song,False
C026281,song,False
C014601,song,False
C025500,album,False
C004279,podcast_episode,False
C006703,podcast_episode,False
C007767,podcast_episode,True
C022287,song,True
C030130,podcast_episode,False
C016314,podcast_episode,True
C003694,audiobook,True
C028325,podcast_episode,False
C031859,song,True
C029766,song,False
C017548,album,True
C002603,song,False
C026734,song,False
C010110,album,True
C015170,song,True
C026015,song,True
C022985,podcast_episode,False
C018949,audiobook,False
C014202,song,True
C029814,podcast_episode,False
C011783,song,False
C030305,song,False
C032799,song,False
C005577,song,False
C007150,podcast_episode,False
C029248,podcast_episode,False
C006065,podcast_episode,False
C022931,song,True
C006291,song,True
C029189,song,False
C028581,song,True
C010211,podcast_episode,False
C020101,song,True
C014751,podcast_episode,False
C022643,song,False
C027513,song,False
C023701,song,False
C008563,song,True
C023573,song,False
C026969,song,True
C028256,podcast_episode,False
C014087,podcast_episode,True
C003952,podcast_episode,False
C009630,song,False
C031213,song,True
C015515,song,False
C004533,song,False
C010142,song,False
C032695,podcast_episode,False
C001617,song,False
C024136,podcast_episode,True
C011260,song,False
C018827,audiobook,False
C000425,song,False
C007239,podcast_episode,True
C017999,audiobook,True
C030561,audiobook,False
C017319,song,False
C029341,podcast_episode,True
C012215,song,True
C031270,song,False
C024315,audiobook,False
C029990,album,False
C032369,podcast_episode,False
C017245,song,False
C005542,podcast_episode,False
C029195,song,False
C015004,song,False
C011581,podcast_episode,False
C011429,song,False
C016899,podcast_episode,False
C002218,song,False
C000653,song,True
C029896,song,False
C007684,podcast_episode,False
C011311,podcast_episode,True
C002794,song,False
C010199,song,False
C006310,podcast_episode,False
C027893,song,False
C033292,podcast_episode,True
C018721,podcast_episode,False
C009877,song,False
C025889,song,False
C019784,podcast_episode,False
C007473,album,False
C009398,podcast_episode,False
C002935,song,False
C003953,song,False
C032973,song,True
C012185,album,False
C022312,podcast_episode,True
C013758,podcast_episode,False
C010112,podcast_episode,True
C003621,song,False
C017421,podcast_episode,False
C011378,song,False
C010229,podcast_episode,True
C004763,song,True
C031481,song,False
C002319,podcast_episode,True
C028317,podcast_episode,False
C031535,song,False
C018540,song,True
C030033,song,True
C024337,song,False
C009480,podcast_episode,False
C015002,podcast_episode,False
C024782,song,False
C012166,song,True
C002470,podcast_episode,False
C009223,song,True
C015670,song,False
C012070,song,False
C011437,album,False
C028016,podcast_episode,True
C018286,song,False
C001486,podcast_episode,False
C023604,podcast_episode,False
C015298,podcast_episode,True
C033381,podcast_episode,True
C005763,song,False
C002033,song,True
C011051,album,False
C010923,song,True
C012643,song,False
C019619,song,False
C027410,song,False
C000867,song,True
C029310,podcast_episode,False
C027933,song,True
C027715,song,False
C004510,audiobook,False
C026300,album,True
C009939,song,False
C029885,song,True
C003123,song,False
C002759,song,False
C004922,podcast_episode,False
C032748,podcast_episode,True
C013404,audiobook,False
C014345,song,False
C018413,album,True
C026129,podcast_episode,True
C032792,podcast_episode,False
C012432,song,False
C027046,song,True
C031705,podcast_episode,False
C015843,song,False
C018417,podcast_episode,True
C015857,song,True
C027316,song,False
C021379,song,True
C003436,album,True
C020442,song,False
C015862,song,False
C006185,song,False
C005960,song,False
C013059,song,False
C021562,song,False
C024488,song,True
C031637,audiobook,False
C028531,song,False
C015417,song,True
C021202,song,False
C033553,song,True
C005567,podcast_episode,False
C033311,album,False
C004913,song,False
C026726,podcast_episode,False
C014328,podcast_episode,True
C000681,song,False
C026331,song,False
C029132,song,False
C031858,song,False
C030499,audiobook,True
C029989,song,True
C016606,podcast_episode,True
C007069,podcast_episode,False
C000050,song,True
C004940,podcast_episode,False
C020775,song,False
C009098,audiobook,False
C016782,podcast_episode,False
C029825,song,True
C031179,song,True
C007837,podcast_episode,True
C011188,song,False
C013463,song,False
C000416,album,True
C030688,podcast_episode,False
C002257,podcast_episode,False
C023535,song,False
C027388,song,True
C002905,podcast_episode,False
C006272,album,False
C018247,song,False
C000498,song,False
C010782,song,False
C020648,podcast_episode,False
C012700,song,True
C008211,podcast_episode,False
C025625,audiobook,False
C011787,podcast_episode,False
C017378,song,False
C013309,song,False
C003055,song,True
C007559,podcast_episode,False
C012917,podcast_episode,False
C033188,song,False
C029774,song,True
C029577,song,True
C029845,podcast_episode,False
C000336,song,True
C022437,podcast_episode,True
C013134,song,False
C021609,song,True
C027359,song,False
C024980,song,False
C031845,song,True
C031908,song,False
C016238,podcast_episode,False
C029363,song,False
C024480,song,False
C032996,song,True
C022497,album,False
C009844,song,False
C005724,podcast_episode,False
C029335,song,False
C010425,song,False
C012675,podcast_episode,False
C011200,song,False
C018981,song,False
C021693,podcast_episode,False
C030704,podcast_episode,False
C021207,song,True
C010572,podcast_episode,True
C023337,podcast_episode,False
C025308,song,True
C027438,song,True
C021030,song,True
C001350,audiobook,True
C030428,album,False
C015483,song,True
C001078,song,False
C019690,song,False
C012388,song,False
C030165,album,False
C017821,podcast_episode,False
C017175,podcast_episode,True
C020253,podcast_episode,False
C024052,podcast_episode,False
C003833,podcast_episode,False
C018645,album,True
C015495,song,True
C006942,song,False
C024239,song,False
C017065,album,False
C029057,podcast_episode,True
C015916,song,False
C015990,song,False
C019178,song,False
C002624,podcast_episode,True
C018998,song,False
C014600,album,False
C006317,song,True
C008478,song,True
C004463,podcast_episode,False
C032097,podcast_episode,False
C003716,song,True
C025804,podcast_episode,True
C029732,song,False
C024406,song,True
C027004,podcast_episode,False
C006051,audiobook,False
C011658,song,False
C027372,podcast_episode,False
C022299,audiobook,False
C005660,song,False
C033204,song,False
C026337,song,True
C023559,song,True
C010597,podcast_episode,False
C031843,song,False
C001418,song,True
C016759,podcast_episode,False
C004484,podcast_episode,False
C027295,song,False
C012292,album,False
C008705,album,False
C033816,song,False
C004345,song,True
C014998,podcast_episode,False
C015521,song,False
C004305,song,False
C028761,song,False
C016365,podcast_episode,True
C006484,album,True
C028357,podcast_episode,True
C026149,song,False
C019155,podcast_episode,False
C001749,song,True
C008298,song,True
C017199,album,False
C007245,song,True
C017677,album,False
C031418,podcast_episode,False
C003021,song,False
C014233,podcast_episode,True
C032985,song,False
C000524,song,False
C012242,song,True
C032317,audiobook,False
C030888,song,False
C010823,podcast_episode,False
C017929,song,True
C010285,song,True
C032968,song,False
C026425,podcast_episode,False
C015080,song,True
C030788,song,True
C005393,podcast_episode,False
C015773,podcast_episode,False
C013360,song,False
C006016,song,False
C030131,song,False
C016617,song,True
C001938,song,False
C004454,song,False
C022407,podcast_episode,False
C017481,song,False
C025090,podcast_episode,True
C013637,podcast_episode,False
C015551,podcast_episode,False
C004325,song,False
C015472,song,True
C002730,podcast_episode,False
C010623,podcast_episode,False
C016500,song,False
C033457,song,False
C030296,album,True
C017536,song,False
C018080,song,False
C014152,podcast_episode,True
C014531,song,False
C001688,album,True
C009299,song,False
C019731,song,False
C012850,song,False
C004238,song,False
C030288,album,False
C000317,podcast_episode,False
C017953,album,True
C006567,podcast_episode,False
C010524,podcast_episode,True
C021358,podcast_episode,False
C020343,podcast_episode,False
C002462,song,True
C016460,song,True
C016669,podcast_episode,True
C002371,podcast_episode,False
C017327,song,False
C022984,podcast_episode,False
C002159,song,False
C015071,song,False
C022088,song,False
C013733,song,True
C023444,song,False
C002341,song,True
C017187,song,True
C023995,podcast_episode,True
C018860,podcast_episode,False
C011076,podcast_episode,True
C012557,song,False
C032116,album,False
C004092,audiobook,False
C032160,audiobook,True
C017655,song,True
C008518,audiobook,False
C008038,song,False
C012871,song,False
C022939,song,False
C011073,song,False
C019761,podcast_episode,False
C020869,song,True
C030986,podcast_episode,False
C014524,audiobook,True
C016435,album,False
C000002,song,False
C018784,song,False
C003764,song,False
C015391,song,False
C030646,song,False
C009522,song,False
C027227,podcast_episode,False
C026018,song,False
C028849,album,False
C022823,song,False
C033797,podcast_episode,False
C022086,podcast_episode,False
C009593,song,False
C031462,song,True
C025938,song,False
C002354,podcast_episode,False
C032064,album,False
C008849,podcast_episode,False
C000119,song,True
C019641,podcast_episode,False
C028780,podcast_episode,False
C026679,song,False
C017248,podcast_episode,True
C023572,song,False
C016020,song,False
C007676,album,False
C011056,song,True
C022821,podcast_episode,False
C018815,podcast_episode,False
C017875,song,True
C024510,podcast_episode,True
C016765,podcast_episode,False
C014247,song,True
C021490,song,False
C003191,song,False
C022840,song,False
C019188,song,False
C015754,podcast_episode,False
C029109,album,True
C016721,podcast_episode,True
C021732,podcast_episode,False
C013629,podcast_episode,False
C029754,song,True
C016255,song,False
C015119,song,True
C009757,song,False
C020882,song,True
C021019,podcast_episode,True
C010508,song,False
C000082,podcast_episode,True
C017231,podcast_episode,True
C000449,song,False
C015061,audiobook,True
C007936,song,False
C009574,song,True
C016725,album,False
C010347,song,False
C029631,song,True
C000910,song,False
C020656,audiobook,False
C011826,album,False
C033346,song,False
C014884,audiobook,False
C010507,podcast_episode,True
C022880,song,False
C005950,album,False
C005592,podcast_episode,False
C007815,song,False
C012587,song,False
C022786,podcast_episode,True
C010244,album,True
C006453,song,True
C000715,podcast_episode,True
C011411,song,False
C013883,song,False
C006138,song,False
C015456,song,True
C033814,album,False
C007548,podcast_episode,False
C003287,album,True
C019510,album,False
C023161,podcast_episode,False
C025942,song,False
C007313,audiobook,False
C032345,podcast_episode,False
C011171,song,False
C003827,album,False
C019433,audiobook,False
C032534,podcast_episode,False
C024694,song,True
C023384,podcast_episode,False
C017904,album,False
C005491,audiobook,False
C001040,podcast_episode,False
C022612,song,False
C007155,podcast_episode,False
C025972,song,False
C030159,album,False
C013273,song,True
C020153,album,False
C020490,song,False
C033494,song,False
C015057,song,False
C021799,song,False
C009924,song,True
C006391,podcast_episode,False
C014139,song,False
C007788,song,True
C004059,song,False
C025691,podcast_episode,False
C006623,podcast_episode,False
C008784,podcast_episode,False
C021465,song,True
C018994,song,False
C005102,song,True
C002215,album,True
C032932,podcast_episode,True
C024119,song,True
C032093,song,False
C007811,podcast_episode,False
C027697,song,True
C004572,song,False
C032626,podcast_episode,False
C017769,podcast_episode,False
C015752,album,True
C000111,podcast_episode,False
C018450,song,True
C013088,song,True
C025541,song,False
C006477,song,False
C030631,podcast_episode,False
C029600,song,False
C014166,song,False
C025475,song,False
C031512,podcast_episode,False
C014179,podcast_episode,False
C007630,song,True
C027708,podcast_episode,False
C024363,podcast_episode,False
C005246,podcast_episode,False
C033039,song,False
C007381,song,True
C027185,song,False
C009836,song,True
C021401,podcast_episode,False
C017322,song,False
C032354,podcast_episode,False
C011821,podcast_episode,False
C007030,album,True
C014220,song,False
C023277,podcast_episode,False
C026334,song,False
C032497,audiobook,True
C011283,podcast_episode,False
C011800,song,True
C033132,podcast_episode,True
C001538,song,False
C014161,podcast_episode,False
C004037,album,False
C020552,song,False
C020331,podcast_episode,False
C000315,song,False
C030628,song,False
C031828,podcast_episode,False
C014117,album,False
C032941,podcast_episode,False
C016948,song,False
C011184,song,False
C002216,podcast_episode,True
C009238,podcast_episode,True
C029470,song,False
C033570,song,False
C024400,song,True
C001691,podcast_episode,False
C019963,song,True
C004382,podcast_episode,False
C030643,song,False
C013542,song,False
C027915,podcast_episode,False
C001611,song,False
C007178,song,False
C021286,song,False
C013872,song,True
C006189,song,False
C018309,song,False
C002101,podcast_episode,True
C007315,song,True
C000668,song,True
C019522,album,True
C007051,song,False
C012029,podcast_episode,False
C006662,song,True
C010734,song,False
C024591,song,True
C022611,song,True
C000903,song,False
C026132,podcast_episode,False
C012455,song,False
C026797,podcast_episode,False
C011904,podcast_episode,True
C029371,song,False
C009858,podcast_episode,True
C022165,podcast_episode,False
C007603,song,True
C018086,podcast_episode,False
C006936,audiobook,True
C011101,album,False
C000610,song,False
C031824,song,True
C010386,podcast_episode,False
C009919,song,False
C020162,song,False
C019956,song,False
C001698,song,False
C026672,album,False
C012115,album,True
C005195,audiobook,False
C013481,song,False
C022613,song,False
C009828,song,True
C033456,song,False
C025517,podcast_episode,False
C011226,podcast_episode,True
C032778,song,True
C016395,podcast_episode,False
C028356,song,True
C011748,song,False
C009674,song,True
C022337,song,False
C024189,song,True
C030363,song,False
C026048,podcast_episode,False
C003101,podcast_episode,False
C007580,song,False
C014148,song,False
C020427,podcast_episode,False
C016775,podcast_episode,False
C029666,song,False
C001509,podcast_episode,True
C000230,song,False
C027512,album,False
C027825,song,False
C029408,audiobook,False
C029998,podcast_episode,False
C006513,song,False
C002501,song,True
C023845,podcast_episode,True
C007251,podcast_episode,False
C016796,song,False
C003192,song,False
C022328,album,False
C022929,song,True
C004639,song,True
C015337,song,True
C001284,song,False
C027332,song,False
C027176,song,False
C018100,song,False
C008662,album,False
C000283,song,True
C010361,podcast_episode,True
C005830,podcast_episode,False
C033855,song,True
C019482,song,False
C005009,audiobook,False
C019170,song,False
C021039,album,False
C031325,podcast_episode,False
C030164,song,False
C003760,song,True
C025511,podcast_episode,False
C026801,song,False
C024991,song,True
C027568,podcast_episode,False
C007210,audiobook,True
C002800,song,False
C002481,song,False
C006775,song,False
C002309,podcast_episode,False
C031215,song,True
C031055,song,True
C027319,song,False
C006131,song,False
C032006,podcast_episode,True
C006041,song,False
C025858,song,True
C011625,podcast_episode,False
C033139,podcast_episode,False
C024502,song,False
C007167,album,False
C001403,album,False
C013310,album,False
C020421,song,True
C030843,song,False
C007624,podcast_episode,True
C030830,podcast_episode,False
C026921,song,True
C022263,album,False
C030872,song,False
C015274,song,False
C021299,song,False
C000603,podcast_episode,False
C021042,song,False
C025748,song,False
C025114,song,False
C006171,podcast_episode,False
C004849,podcast_episode,True
C022566,song,True
C002008,song,False
C027402,podcast_episode,True
C022023,podcast_episode,True
C017914,song,False
C011553,album,False
C015479,podcast_episode,True
C000027,song,False
C010614,podcast_episode,False
C024829,song,False
C027358,audiobook,False
C022551,song,False
C031654,podcast_episode,True
C001332,song,True
C033119,song,False
C016447,podcast_episode,False
C006802,song,False
C019310,podcast_episode,False
C024926,song,False
C016413,audiobook,False
C023568,podcast_episode,True
C032102,podcast_episode,False
C013976,song,False
C003611,song,False
C003003,song,False
C016957,song,False
C032028,song,False
C006812,song,True
C018396,song,True
C032267,album,True
C032899,song,False
C022006,album,False
C031139,song,False
C021710,song,True
C006400,album,False
C001615,album,True
C014183,podcast_episode,False
C026019,song,False
C020803,song,False
C003311,song,True
C030836,song,True
C017122,song,False
C025208,podcast_episode,True
C012201,song,True
C007949,song,True
C017120,album,True
C014314,podcast_episode,False
C004714,podcast_episode,False
C002502,song,True
C000917,song,False
C014817,song,False
C005380,podcast_episode,True
C018876,song,False
C005316,song,False
C028871,album,True
C021839,song,True
C003542,podcast_episode,False
C030374,song,True
C026895,song,False
C032357,song,False
C019453,song,True
C003284,song,True
C000975,audiobook,False
C018029,song,False
C004891,song,False
C019386,podcast_episode,False
C018963,song,True
C016042,song,False
C018468,podcast_episode,False
C019202,song,False
C006612,song,False
C027174,audiobook,False
C010868,podcast_episode,True
C002100,song,False
C005138,song,False
C029097,song,True
C020502,podcast_episode,False
C020942,podcast_episode,True
C021181,podcast_episode,False
C014508,album,False
C030026,audiobook,False
C024698,song,False
C000494,song,True
C031569,album,False
C019215,podcast_episode,False
C004140,album,False
C010429,album,False
C026936,album,False
C000627,podcast_episode,False
C031353,podcast_episode,False
C001802,song,True
C009760,podcast_episode,True
C016802,album,False
C030154,song,True
C014872,song,False
C011578,song,False
C007227,song,True
C000742,song,False
C019866,podcast_episode,True
C010791,song,True
C025042,song,False
C014198,podcast_episode,False
C002977,song,False
C002056,song,False
C020325,song,False
C028473,album,True
C002062,audiobook,True
C032990,podcast_episode,False
C021398,song,False
C030330,song,False
C005468,song,True
C031042,audiobook,False
C015527,song,True
C030844,podcast_episode,True
C028441,song,True
C004261,podcast_episode,False
C019904,song,False
C023006,song,False
C014785,podcast_episode,False
C027216,podcast_episode,True
C020228,song,False
C028787,album,True
C001511,song,False
C005873,podcast_episode,True
C018936,song,False
C023808,song,True
C025578,podcast_episode,False
C013438,song,False
C002478,song,True
C010792,song,False
C031414,podcast_episode,False
C011925,audiobook,False
C025653,podcast_episode,False
C003441,song,False
C018883,song,False
C021621,podcast_episode,False
C017380,song,False
C015225,podcast_episode,False
C019186,song,False
C022642,album,False
C033433,podcast_episode,False
C014931,song,True
C022336,song,False
C029116,audiobook,True
C021683,audiobook,True
C022352,song,False
C031308,song,False
C007928,song,True
C012043,song,False
C010520,song,False
C016366,podcast_episode,True
C016703,podcast_episode,False
C001137,album,False
C010908,song,False
C032485,song,False
C017263,song,False
C024969,song,False
C026523,song,False
C029043,album,False
C006928,podcast_episode,False
C012715,album,False
C016189,song,False
C013928,audiobook,False
C028737,audiobook,True
C004886,song,False
C029667,podcast_episode,True
C026204,song,False
C010585,song,False
C002005,song,False
C002114,podcast_episode,False
C031665,album,True
C004921,podcast_episode,False
C010232,song,True
C032384,song,False
C000439,song,True
C016998,album,False
C017425,podcast_episode,False
C021416,song,False
C014155,song,False
C021447,podcast_episode,False
C019951,song,True
C011454,podcast_episode,True
C022356,album,True
C019311,song,True
C032875,song,False
C000819,audiobook,False
C023852,song,False
C027289,audiobook,True
C023104,audiobook,False
C021685,audiobook,False
C029540,song,True
C010406,song,False
C023956,song,False
C003066,podcast_episode,False
C031854,album,False
C012607,album,False
C029031,podcast_episode,False
C002244,song,True
C017293,podcast_episode,False
C022400,song,True
C013207,podcast_episode,False
C009971,song,True
C010478,song,False
C025403,song,True
C015264,song,True
C023769,song,True
C010622,podcast_episode,True
C003830,song,False
C024802,podcast_episode,False
C030934,song,False
C012116,podcast_episode,True
C002934,song,False
C007805,song,False
C001457,song,False
C000999,audiobook,False
C020973,podcast_episode,False
C030000,song,True
C004163,song,False
C022567,podcast_episode,False
C019169,song,False
C021318,song,True
C021849,song,True
C000464,song,False
C008747,song,False
C019197,podcast_episode,False
C000883,podcast_episode,False
C022513,podcast_episode,False
C003202,song,True
C021062,song,True
C032769,song,False
C033774,song,True
C031182,album,False
C020373,podcast_episode,True
C017058,song,False
C031255,podcast_episode,False
C013121,song,False
C000731,album,False
C017350,podcast_episode,False
C030380,podcast_episode,False
C019829,song,False
C017972,song,False
C027770,song,False
C033452,song,False
C023961,audiobook,True
C010921,podcast_episode,False
C006633,podcast_episode,False
C027435,song,False
C021305,song,False
C000701,podcast_episode,False
C026329,song,False
C023018,podcast_episode,False
C016556,song,True
C011984,podcast_episode,False
C016244,song,False
C016326,podcast_episode,False
C028176,audiobook,True
C023013,podcast_episode,False
C029580,podcast_episode,False
C015186,podcast_episode,False
C017849,song,False
C000163,song,False
C016989,song,True
C030674,album,False
C030162,song,True
C011976,podcast_episode,False
C013948,song,True
C009903,song,False
C007783,podcast_episode,False
C009769,song,True
C015285,album,False
C019255,podcast_episode,True
C032528,song,True
C003745,song,False
C006732,song,False
C028783,song,False
C024987,song,True
C030542,podcast_episode,False
C004954,podcast_episode,False
C012261,song,True
C002880,song,False
C010893,song,True
C019486,podcast_episode,True
C011830,podcast_episode,False
C016470,song,True
C031028,podcast_episode,True
C024613,song,False
C018907,podcast_episode,False
C001485,song,False
C014744,album,True
C025324,album,False
C018378,song,False
C009803,song,False
C008960,song,False
C011156,song,False
C006524,song,False
C024144,podcast_episode,False
C022584,podcast_episode,True
C007510,album,False
C033721,song,False
C028288,podcast_episode,False
C001253,album,False
C013465,song,True
C025939,song,True
C025712,audiobook,False
C032193,album,False
C020321,podcast_episode,True
C009995,song,False
C026341,podcast_episode,True
C008875,song,True
C027421,podcast_episode,False
C009880,song,False
C001942,song,False
C016205,song,False
C014961,song,False
C030016,podcast_episode,False
C021319,song,False
C022427,song,False
C020012,song,True
C024222,album,False
C004889,podcast_episode,True
C029083,podcast_episode,False
C021788,podcast_episode,False
C013215,podcast_episode,False
C010651,song,False
C011917,song,False
C020064,album,True
C026161,song,False
C007898,audiobook,True
C017507,song,False
C020538,podcast_episode,False
C018098,podcast_episode,False
C025432,audiobook,False
C028131,album,True
C006538,song,False
C024736,song,True
C008382,song,False
C001069,song,False
C010809,podcast_episode,False
C014549,song,False
C021192,song,False
C031290,album,False
C001192,song,False
C008886,song,True
C031030,song,True
C008810,song,False
C015659,song,False
C023370,song,False
C022433,song,False
C028094,album,False
C019994,song,True
C006265,podcast_episode,False
C010697,song,False
C024704,podcast_episode,False
C006636,song,False
C020396,song,True
C012616,podcast_episode,True
C032376,podcast_episode,False
C007430,song,False
C007895,song,False
C004156,podcast_episode,False
C031707,song,False
C000351,song,True
C012447,song,False
C014406,podcast_episode,False
C016474,song,False
C003177,song,True
C005806,podcast_episode,False
C001968,podcast_episode,False
C025537,song,False
C000937,audiobook,False
C030573,song,True
C016432,song,False
C019962,song,True
C007564,podcast_episode,False
C001004,song,False
C002443,podcast_episode,False
C004392,song,False
C007846,podcast_episode,True
C011962,song,False
C002743,podcast_episode,True
C025977,song,False
C012758,song,True
C003854,song,True
C003856,song,False
C020151,song,False
C018292,song,False
C030645,song,False
C011466,album,False
C024477,podcast_episode,True
C031190,podcast_episode,False
C009049,song,False
C000435,album,False
C016163,song,False
C000423,song,True
C013968,podcast_episode,False
C032545,podcast_episode,False
C003399,podcast_episode,False
C027805,song,True
C027717,song,False
C031894,song,False
C022577,podcast_episode,False
C007772,song,True
C018409,song,False
C010240,song,False
C014965,podcast_episode,False
C003781,podcast_episode,False
C022601,song,False
C021125,podcast_episode,False
C018906,song,False
C011629,podcast_episode,False
C024102,podcast_episode,False
C018006,podcast_episode,False
C015532,song,False
C030412,podcast_episode,True
C002072,song,False
C006321,audiobook,True
C032222,song,True
C001331,song,False
C025155,album,False
C019345,song,False
C000155,podcast_episode,True
C011354,podcast_episode,False
C018438,song,True
C012147,song,False
C001317,audiobook,False
C018036,song,False
C000799,song,True
C023268,song,True
C019587,album,False
C021463,song,False
C009259,podcast_episode,False
C009596,song,False
C011231,song,True
C004590,song,False
C026815,song,False
C019785,song,False
C025350,audiobook,False
C013672,song,True
C008469,podcast_episode,False
C029046,song,False
C032306,podcast_episode,True
C010894,podcast_episode,True
C000998,podcast_episode,False
C028412,podcast_episode,True
C025453,song,True
C020848,album,False
C016415,podcast_episode,False
C025946,song,False
C002357,song,True
C000974,podcast_episode,True
C029536,song,True
C003661,song,True
C027069,song,False
C002580,podcast_episode,False
C028011,song,False
C025151,podcast_episode,False
C000313,song,False
C030516,podcast_episode,False
C023832,song,True
C029051,song,False
C004355,song,True
C011588,podcast_episode,False
C021855,podcast_episode,False
C000106,song,False
C010125,song,True
C015058,song,False
C027348,album,True
C031332,song,True
C007260,song,True
C026202,song,True
C024370,podcast_episode,False
C017027,song,True
C031492,song,True
C025187,podcast_episode,False
C008558,song,False
C007814,song,False
C013567,song,False
C010061,song,False
C019967,podcast_episode,True
C005881,podcast_episode,True
C006962,song,False
C022861,song,False
C032133,podcast_episode,True
C010155,song,False
C017606,song,False
C007635,song,True
C018266,podcast_episode,True
C016620,song,False
C013707,song,False
C007048,song,True
C032359,song,False
C014907,song,False
C029036,album,True
C030825,song,False
C021195,podcast_episode,False
C008636,song,False
C020522,song,True
C027899,song,False
C031796,podcast_episode,False
C006881,song,True
C019631,podcast_episode,False
C029529,podcast_episode,True
C008994,song,False
C020202,podcast_episode,False
C033262,song,False
C026002,song,False
C006054,song,True
C000531,podcast_episode,False
C004061,song,False
C001022,song,False
C007324,song,True
C031044,podcast_episode,True
C008574,song,True
C031045,song,True
C001086,podcast_episode,True
C026976,podcast_episode,False
C020077,song,False
C016771,song,False
C027871,song,True
C024107,song,True
C024652,song,False
C030243,song,True
C026591,song,False
C004418,song,False
C014084,podcast_episode,False
C003791,song,True
C012653,song,True
C016016,song,True
C022741,podcast_episode,True
C031979,song,False
C007729,podcast_episode,True
C012789,song,True
C015955,audiobook,False
C021989,podcast_episode,True
C032605,song,False
C010089,song,False
C020013,song,False
C012509,podcast_episode,False
C012995,song,True
C017633,song,False
C019660,podcast_episode,True
C009029,song,False
C026520,podcast_episode,False
C025830,song,False
C014847,podcast_episode,False
C016095,album,False
C017525,song,True
C033336,song,False
C031070,song,True
C016947,podcast_episode,False
C012711,album,False
C027248,album,False
C011971,song,False
C025612,podcast_episode,False
C017564,podcast_episode,False
C008283,song,True
C019436,audiobook,False
C029257,song,True
C003795,podcast_episode,True
C018712,song,False
C018941,song,False
C030721,podcast_episode,False
C027742,song,False
C002095,podcast_episode,False
C026935,song,False
C024017,song,True
C008930,podcast_episode,False
C030278,podcast_episode,False
C007256,song,True
C033511,album,False
C033632,album,False
C017724,podcast_episode,False
C024260,song,False
C002465,song,False
C010346,podcast_episode,False
C004193,song,False
C019584,song,True
C000009,song,True
C001041,song,False
C022226,album,False
C023659,song,True
C004250,song,False
C024524,song,False
C030824,song,True
C022572,song,True
C019470,song,False
C015092,song,False
C001978,song,False
C014286,song,False
C001330,podcast_episode,False
C006889,podcast_episode,False
C008134,podcast_episode,False
C031027,album,False
C002982,song,False
C013359,song,False
C025906,podcast_episode,True
C006910,podcast_episode,False
C001019,song,False
C025559,song,False
C014792,song,False
C006869,podcast_episode,False
C026453,podcast_episode,False
C012001,podcast_episode,False
C002477,podcast_episode,False
C029004,audiobook,False
C014402,podcast_episode,True
C020368,song,False
C023307,podcast_episode,False
C016396,podcast_episode,False
C013067,song,True
C032363,podcast_episode,True
C009926,song,False
C009997,song,False
C015024,podcast_episode,False
C010378,podcast_episode,True
C032684,song,True
C015148,song,True
C012174,podcast_episode,False
C030417,podcast_episode,True
C028576,podcast_episode,False
C007816,podcast_episode,False
C032660,song,False
C033164,audiobook,False
C000717,album,True
C005343,album,True
C033792,song,False
C013101,song,True
C033604,podcast_episode,True
C011135,song,False
C018186,audiobook,False
C027769,podcast_episode,False
C003403,song,False
C031685,song,False
C028140,song,False
C003955,song,False
C029415,podcast_episode,False
C030419,song,False
C015453,podcast_episode,False
C023840,podcast_episode,False
C023477,song,True
C004923,podcast_episode,False
C003038,song,False
C028449,album,True
C000590,song,True
C031175,song,False
C029326,podcast_episode,False
C018347,song,True
C006217,song,False
C003701,audiobook,True
C033071,song,True
C016918,audiobook,False
C021632,song,False
C009866,audiobook,True
C031461,song,False
C019577,song,False
C031864,audiobook,True
C029686,song,False
C000359,song,True
C017448,song,True
C027236,podcast_episode,False
C013143,song,True
C000209,podcast_episode,True
C013259,song,True
C002273,audiobook,False
C009817,podcast_episode,False
C003801,audiobook,True
C027813,podcast_episode,False
C010130,podcast_episode,True
C026749,song,False
C013212,song,False
C019098,song,False
C013298,song,False
C011643,podcast_episode,True
C016962,album,True
C014584,song,False
C001877,podcast_episode,False
C021032,song,False
C005307,audiobook,False
C008936,audiobook,True
C025838,audiobook,False
C001608,podcast_episode,False
C033487,podcast_episode,False
C011590,song,False
C033874,song,False
C027159,song,False
C008099,song,False
C014445,song,False
C003041,song,True
C018084,podcast_episode,False
C017493,podcast_episode,True
C026413,podcast_episode,False
C010040,song,True
C010855,podcast_episode,False
C016697,song,False
C007110,audiobook,False
C017491,podcast_episode,True
C010909,podcast_episode,False
C004308,podcast_episode,False
C009126,song,False
C010431,song,False
C008327,podcast_episode,False
C020082,song,False
C019377,song,False
C021570,song,False
C026298,album,True
C005696,audiobook,True
C011082,album,False
C013587,song,False
C014914,album,True
C002461,audiobook,True
C006553,podcast_episode,False
C027486,song,False
C017856,song,False
C014628,song,False
C021543,song,False
C029719,song,True
C021730,album,False
C002855,audiobook,False
C033484,podcast_episode,False
C026262,song,True
C022452,song,True
C001501,song,True
C029977,podcast_episode,False
C019834,album,True
C026076,song,True
C001289,audiobook,False
C010224,song,False
C029767,song,False
C024255,album,True
C010050,song,False
C004269,album,False
C032407,podcast_episode,True
C014525,song,False
C007267,audiobook,False
C005636,song,False
C017451,podcast_episode,True
C020191,song,False
C021276,podcast_episode,False
C022838,podcast_episode,False
C003126,podcast_episode,False
C020748,song,True
C026489,song,False
C020410,podcast_episode,False
C029396,audiobook,False
C012163,song,False
C028769,song,False
C008196,podcast_episode,False
C026985,song,False
C005857,song,True
C023426,podcast_episode,False
C005048,song,False
C009246,song,False
C032013,song,True
C013839,podcast_episode,False
C006277,song,False
C010221,song,True
C025343,song,False
C005637,song,True
C003488,song,False
C031838,song,False
C024259,song,False
C018372,song,False
C017538,podcast_episode,False
C001207,podcast_episode,False
C032550,song,False
C000433,song,False
C016317,podcast_episode,False
C008652,song,False
C008064,song,True
C033458,podcast_episode,False
C011265,song,True
C024712,podcast_episode,False
C023783,song,False
C032316,song,False
C026062,song,True
C029053,song,True
C026828,song,False
C015667,song,False
C009843,podcast_episode,True
C006999,podcast_episode,False
C032681,song,False
C033524,song,False
C022661,song,True
C003375,song,False
C012610,podcast_episode,False
C029438,song,False
C014984,song,False
C010758,podcast_episode,False
C025472,podcast_episode,False
C018164,song,True
C004131,podcast_episode,False
C003302,album,False
C010225,song,False
C024899,audiobook,False
C015070,podcast_episode,True
C030040,song,True
C000947,song,True
C014920,song,True
C019612,song,False
C033403,song,False
C002532,album,True
C027267,song,False
C024194,song,False
C026909,song,False
C025599,song,False
C016564,audiobook,False
C023414,podcast_episode,False
C009020,podcast_episode,True
C014385,song,False
C003020,podcast_episode,True
C007540,song,False
C020236,album,True
C008266,album,False
C006498,song,False
C023875,song,False
C024571,album,True
C010531,song,False
C021498,song,False
C020541,song,False
C009980,album,False
C007527,podcast_episode,True
C000846,song,True
C007915,podcast_episode,True
C031047,song,False
C011404,podcast_episode,False
C023532,album,False
C031343,album,False
C000456,podcast_episode,False
C013395,song,False
C012903,podcast_episode,False
C028301,song,False
C010438,song,False
C031199,album,False
C029509,song,True
C028936,podcast_episode,True
C013336,podcast_episode,True
C013700,podcast_episode,False
C032325,audiobook,True
C018847,podcast_episode,False
C029167,podcast_episode,False
C030626,song,True
C015161,podcast_episode,True
C022902,song,False
C014275,song,False
C024564,audiobook,False
C033229,podcast_episode,False
C019897,podcast_episode,False
C010410,album,False
C031387,song,False
C007036,song,False
C025014,podcast_episode,False
C009567,song,False
C005629,song,False
C002334,album,False
C004315,podcast_episode,False
C013704,podcast_episode,False
C025881,album,False
C027071,podcast_episode,False
C023021,song,True
C028598,song,False
C000821,song,False
C020308,podcast_episode,True
C021350,podcast_episode,False
C024643,podcast_episode,False
C004742,song,True
C007960,song,True
C003820,podcast_episode,True
C003607,song,True
C008919,song,False
C015095,song,True
C014248,song,False
C025550,album,False
C029412,song,False
C009488,podcast_episode,False
C019280,album,False
C006110,song,True
C029906,audiobook,False
C006813,podcast_episode,True
C016001,song,True
C015996,podcast_episode,False
C014944,podcast_episode,True
C009229,song,False
C015730,podcast_episode,False
C021686,song,False
C016324,song,True
C031874,song,False
C004597,podcast_episode,False
C013214,podcast_episode,True
C003301,song,True
C013168,song,False
C010966,song,False
C030225,song,False
C012588,podcast_episode,False
C010537,album,False
C003906,song,True
C003690,song,False
C027920,album,True
C002346,podcast_episode,False
C012119,song,False
C021767,song,False
C008107,song,True
C019402,podcast_episode,False
C011421,song,True
C030745,song,False
C030302,song,False
C010783,podcast_episode,True
C009380,song,False
C010195,podcast_episode,False
C027563,audiobook,False
C001406,podcast_episode,False
C030402,audiobook,False
C030217,podcast_episode,False
C011463,song,True
C005999,song,False
C008474,album,False
C018423,song,False
C003536,song,False
C007707,song,False
C023918,song,False
C013651,song,True
C028072,album,True
C015922,song,False
C026167,song,False
C033275,song,False
C020155,podcast_episode,False
C007614,podcast_episode,True
C023440,song,False
C008319,album,False
C014898,podcast_episode,False
C024753,podcast_episode,True
C026424,podcast_episode,False
C015039,song,False
C019888,podcast_episode,False
C013855,podcast_episode,True
C029643,podcast_episode,True
C014810,album,True
C029392,song,False
C005134,song,True
C006280,song,True
C028921,album,True
C008032,song,False
C029014,song,False
C021001,song,False
C005860,song,True
C004291,podcast_episode,False
C018484,song,False
C020977,song,False
C014200,song,False
C020996,podcast_episode,True
C020285,podcast_episode,False
C028086,song,False
C007120,song,True
C017693,song,False
C014501,podcast_episode,False
C018552,podcast_episode,False
C013274,song,True
C001393,song,True
C023867,song,False
C003235,song,False
C000218,song,True
C031619,song,True
C027471,song,True
C032072,song,False
C027944,album,False
C030197,album,False
C002299,song,False
C028388,song,False
C023063,podcast_episode,True
C020892,podcast_episode,True
C000222,podcast_episode,False
C028312,album,True
C024719,song,True
C000693,podcast_episode,False
C016450,song,True
C016696,album,True
C001695,song,False
C029744,podcast_episode,True
C019448,podcast_episode,False
C025944,song,False
C006476,song,True
C030937,podcast_episode,False
C025531,song,False
C020047,podcast_episode,True
C012765,podcast_episode,False
C020783,song,False
C032743,song,False
C024245,song,False
C023580,song,False
C026881,song,False
C010946,song,False
C030117,audiobook,False
C019579,song,True
C002296,song,True
C019562,song,False
C024769,album,False
C006390,song,True
C011683,song,False
C022714,song,False
C019105,album,False
C004110,song,False
C005414,song,False
C009589,song,False
C005033,song,False
C006823,audiobook,False
C008805,podcast_episode,False
C003006,album,False
C015327,podcast_episode,True
C016038,song,False
C028202,song,True
C012908,song,False
C018183,song,True
C001144,song,False
C007733,audiobook,False
C002792,song,True
C031309,podcast_episode,False
C013678,song,True
C016560,song,True
C030952,song,False
C016188,podcast_episode,False
C000908,song,False
C003737,song,False
C024143,song,False
C005072,podcast_episode,True
C033014,song,False
C014272,audiobook,False
C014613,song,False
C027065,song,False
C022217,song,False
C020746,song,True
C009448,song,False
C023869,song,True
C000949,song,False
C025982,podcast_episode,False
C024584,song,True
C012361,podcast_episode,False
C012856,song,True
C033766,song,False
C011396,podcast_episode,False
C023922,podcast_episode,False
C001324,podcast_episode,False
C033258,podcast_episode,False
C021031,song,False
C016179,audiobook,False
C003428,audiobook,False
C028179,song,True
C025497,song,False
C003903,audiobook,False
C017704,song,True
C006594,song,False
C030732,song,False
C004900,song,True
C002122,song,True
C022946,podcast_episode,False
C025299,podcast_episode,False
C011983,song,True
C015256,audiobook,False
C028814,podcast_episode,False
C006019,song,False
C032312,song,False
C020629,podcast_episode,False
C000381,podcast_episode,True
C017157,song,False
C008648,song,False
C011651,podcast_episode,False
C012776,album,True
C029771,album,True
C027669,podcast_episode,True
C032581,podcast_episode,True
C017858,song,True
C006631,podcast_episode,True
C013016,song,False
C022016,song,True
C014142,song,False
C007004,song,True
C012148,song,False
C012832,podcast_episode,False
C015037,song,True
C018160,podcast_episode,False
C021616,podcast_episode,False
C030962,song,False
C022495,song,True
C007240,song,True
C026177,song,True
C016140,song,False
C004751,song,False
C015343,song,True
C013026,song,False
C024963,album,False
C019319,song,False
C000472,song,False
C006383,audiobook,False
C006937,song,False
C005558,song,False
C002915,podcast_episode,False
C022268,album,False
C012180,song,False
C002127,album,False
C007921,song,True
C004619,song,True
C024235,song,False
C033460,album,True
C025400,song,False
C027706,song,False
C023803,podcast_episode,True
C009333,song,True
C008213,song,False
C026550,song,False
C004301,song,False
C025034,song,True
C016171,podcast_episode,False
C008427,song,False
C011942,song,False
C023541,song,True
C028052,song,False
C006843,song,False
C011054,song,False
C023395,song,True
C009660,podcast_episode,False
C019626,song,False
C020254,song,True
C031260,song,False
C011694,album,False
C005011,podcast_episode,False
C025554,song,False
C014266,podcast_episode,False
C018770,song,False
C012022,song,False
C007421,audiobook,False
C017275,album,False
C028360,podcast_episode,False
C031181,song,False
C023709,song,False
C006922,song,False
C002190,song,True
C021487,podcast_episode,False
C014358,song,False
C007105,song,False
C019596,album,True
C007099,song,False
C030795,song,False
C028135,podcast_episode,True
C004862,podcast_episode,True
C004611,song,False
C027149,song,True
C013078,song,False
C022372,song,False
C031950,song,False
C013609,song,True
C024602,song,True
C024002,podcast_episode,True
C002763,podcast_episode,False
C002312,song,False
C016511,song,True
C030880,podcast_episode,False
C032689,podcast_episode,True
C023481,song,True
C006259,song,False
C026888,podcast_episode,True
C004474,podcast_episode,False
C029930,podcast_episode,False
C017643,audiobook,True
C024761,podcast_episode,False
C032217,song,False
C021132,podcast_episode,False
C013579,podcast_episode,False
C023278,album,False
C026954,podcast_episode,False
C019165,song,False
C001797,song,False
C027739,audiobook,True
C026288,album,False
C029298,song,False
C013430,album,False
C011804,song,False
C004750,podcast_episode,False
C029668,podcast_episode,False
C002940,song,True
C013547,album,True
C012670,podcast_episode,False
C012728,song,False
C028967,song,False
C006844,audiobook,False
C000403,podcast_episode,False
C021385,song,False
C003860,album,False
C020844,song,True
C019845,audiobook,True
C025064,song,False
C004014,album,False
C023798,song,False
C028592,song,True
C019860,podcast_episode,False
C011721,podcast_episode,False
C012339,song,True
C031051,song,False
C026832,song,True
C009316,podcast_episode,False
C010616,song,False
C002491,podcast_episode,False
C030079,song,True
C023074,song,True
C016201,song,False
C026549,song,False
C009249,podcast_episode,False
C000584,song,False
C002858,song,False
C019006,song,True
C004187,podcast_episode,False
C024812,album,False
C003125,song,True
C016409,song,True
C003642,song,True
C024156,song,True
C013564,song,False
C003100,song,True
C012772,song,False
C013080,podcast_episode,False
C028896,podcast_episode,False
C012875,song,False
C018112,song,True
C022641,song,False
C009991,podcast_episode,False
C015458,song,True
C000648,song,False
C013276,song,True
C030454,audiobook,True
C029621,album,True
C001727,podcast_episode,False
C028722,podcast_episode,False
C004976,song,False
C001709,album,False
C000371,audiobook,True
C027999,album,False
C028451,song,True
C006963,song,True
C011377,podcast_episode,False
C017093,album,True
C000941,album,True
C002352,podcast_episode,False
C022163,album,False
C017818,song,False
C001158,song,False
C030098,audiobook,True
C008000,podcast_episode,True
C011650,album,False
C032631,album,False
C009405,song,True
C014319,album,False
C000272,podcast_episode,False
C024803,song,False
C021453,song,False
C020776,podcast_episode,False
C010187,podcast_episode,False
C013116,song,False
C016125,podcast_episode,False
C008679,song,True
C024986,song,True
C033875,song,False
C028145,song,True
C000700,song,False
C003433,song,True
C015449,podcast_episode,False
C026254,song,True
C013989,song,True
C010578,podcast_episode,False
C016758,podcast_episode,True
C029351,song,False
C031922,podcast_episode,False
C033065,song,True
C024412,song,False
C016050,podcast_episode,False
C033757,song,True
C020890,podcast_episode,True
C016141,audiobook,True
C024282,podcast_episode,False
C032861,audiobook,True
C004109,song,False
C006062,song,True
C033871,song,False
C014376,podcast_episode,False
C028024,song,True
C018746,podcast_episode,False
C017226,song,True
C014344,podcast_episode,False
C003518,song,True
C021108,song,False
C009529,song,False
C031316,song,True
C003226,album,False
C014005,song,False
C032131,podcast_episode,True
C023405,album,True
C019334,album,False
C013591,song,False
C028327,song,True
C027811,podcast_episode,False
C004236,podcast_episode,False
C020918,podcast_episode,False
C002786,song,True
C004674,album,False
C015473,song,False
C002495,song,True
C008203,song,True
C029928,song,False
C009853,podcast_episode,True
C007988,song,False
C009158,song,False
C010452,podcast_episode,False
C032927,song,False
C002845,podcast_episode,False
C018964,podcast_episode,True
C026546,song,False
C007855,song,False
C004698,podcast_episode,False
C024983,album,False
C001565,song,False
C032692,song,True
C026488,song,False
C006770,song,False
C002367,podcast_episode,False
C017683,song,False
C000794,podcast_episode,True
C029929,podcast_episode,False
C006701,song,False
C030728,song,False
C021452,song,False
C010470,album,True
C012055,song,False
C008568,song,False
C012619,song,False
C012080,song,True
C009771,podcast_episode,False
C032674,album,True
C013561,podcast_episode,True
C023059,podcast_episode,False
C021574,podcast_episode,False
C012782,podcast_episode,False
C008801,song,False
C013950,podcast_episode,False
C004370,song,False
C001765,song,False
C032747,song,True
C003331,podcast_episode,False
C027922,song,False
C022278,podcast_episode,False
C012451,song,False
C007022,podcast_episode,False
C008551,song,False
C023625,podcast_episode,False
C002921,podcast_episode,False
C021223,audiobook,False
C022126,podcast_episode,False
C006048,song,False
C028557,podcast_episode,True
C015965,podcast_episode,True
C020426,song,False
C024705,podcast_episode,True
C026332,song,True
C009088,song,True
C003590,album,False
C001068,song,False
C021020,song,False
C003689,podcast_episode,False
C025465,song,True
C000056,song,False
C007273,song,True
C025512,album,True
C030110,album,False
C031988,song,False
C025544,podcast_episode,False
C021107,song,False
C020816,song,False
C001394,song,False
C022766,song,False
C019221,song,False
C025273,podcast_episode,False
C025011,podcast_episode,True
C027761,podcast_episode,True
C026183,podcast_episode,False
C003402,podcast_episode,False
C024659,song,False
C021196,song,True
C022906,song,False
C007431,album,True
C031064,song,False
C001518,podcast_episode,False
C033006,song,True
C017116,song,False
C001232,song,False
C009413,audiobook,True
C004408,song,False
C026385,song,False
C018071,podcast_episode,False
C013148,podcast_episode,True
C028450,song,False
C021159,song,False
C023301,podcast_episode,False
C006151,song,True
C026978,album,False
C004402,song,False
C002784,song,True
C002381,podcast_episode,False
C002548,podcast_episode,True
C027077,song,True
C033169,song,False
C026313,podcast_episode,True
C019504,song,False
C031640,song,False
C004013,podcast_episode,False
C032522,album,False
C030235,song,False
C009471,song,True
C016026,song,True
C017278,song,False
C019930,song,False
C025347,song,False
C006475,song,True
C002945,podcast_episode,True
C031969,song,True
C007386,podcast_episode,False
C020607,song,False
C032602,podcast_episode,False
C029011,song,True
C031087,song,True
C000034,podcast_episode,False
C024390,song,True
C011755,album,True
C003099,song,False
C019135,song,True
C026307,album,False
C008913,audiobook,False
C000094,podcast_episode,False
C002090,podcast_episode,False
C007989,audiobook,False
C011410,song,True
C010672,song,False
C016700,podcast_episode,False
C004998,song,False
C003759,audiobook,False
C024665,song,False
C019546,audiobook,True
C028893,song,False
C023400,song,False
C032021,song,False
C013892,album,False
C004880,song,True
C000428,song,True
C006011,song,False
C004985,song,False
C023394,podcast_episode,True
C022965,song,False
C007114,podcast_episode,False
C014863,podcast_episode,True
C007910,song,False
C017082,song,False
C030612,podcast_episode,True
C019768,podcast_episode,False
C026816,song,False
C005845,audiobook,False
C008714,song,True
C025092,song,False
C005010,podcast_episode,False
C021410,song,True
C021932,song,False
C012113,song,False
C033463,song,False
C009709,song,False
C016993,podcast_episode,False
C029789,album,False
C012241,podcast_episode,True
C029976,album,False
C025142,podcast_episode,False
C014512,song,False
C010515,podcast_episode,False
C032212,song,False
C029323,song,False
C009786,podcast_episode,True
C024953,song,False
C027155,podcast_episode,False
C028810,song,False
C012362,podcast_episode,True
C008539,song,False
C003328,song,False
C030238,song,False
C018535,song,True
C005284,song,False
C031928,song,True
C000919,podcast_episode,False
C021300,song,False
C010129,podcast_episode,False
C022578,song,False
C025292,audiobook,True
C017549,audiobook,False
C023119,podcast_episode,True
C022107,song,False
C013640,audiobook,False
C020420,podcast_episode,True
C007619,song,True
C012699,podcast_episode,True
C017774,podcast_episode,False
C006164,song,False
C023877,podcast_episode,False
C001286,album,False
C010266,song,False
C032908,album,False
C013520,podcast_episode,True
C030450,song,True
C019990,audiobook,True
C016229,song,True
C001696,podcast_episode,False
C032940,song,True
C004817,song,False
C000477,podcast_episode,False
C022774,song,False
C026354,song,False
C021808,song,False
C008964,song,False
C007288,podcast_episode,False
C031351,song,False
C002293,song,True
C008751,podcast_episode,False
C004420,song,True
C021028,podcast_episode,True
C024003,song,False
C016517,song,False
C029137,song,True
C019513,podcast_episode,True
C009168,podcast_episode,True
C011702,song,False
C022803,podcast_episode,False
C009784,album,False
C021441,song,False
C028793,podcast_episode,False
C002264,song,False
C031696,podcast_episode,False
C014014,song,False
C006806,song,True
C021975,song,False
C025553,song,False
C001160,song,True
C013965,song,False
C031174,song,False
C006402,podcast_episode,True
C030606,podcast_episode,False
C030206,song,False
C020612,song,False
C019424,podcast_episode,True
C018731,podcast_episode,False
C002153,song,False
C005179,song,False
C030122,song,False
C002791,song,False
C008215,podcast_episode,False
C014420,podcast_episode,True
C004883,song,False
C021996,song,False
C017767,song,True
C025628,podcast_episode,False
C017121,album,False
C021115,song,True
C008048,podcast_episode,False
C012480,song,False
C028610,podcast_episode,False
C029770,podcast_episode,False
C019330,podcast_episode,True
C027284,audiobook,False
C017489,podcast_episode,False
C019031,podcast_episode,False
C017786,album,False
C001944,podcast_episode,False
C033409,song,True
C007696,song,True
C007622,song,False
C018332,podcast_episode,False
C019003,song,False
C023586,song,True
C031813,podcast_episode,False
C005675,song,False
C032840,podcast_episode,False
C016029,song,False
C008220,song,True
C023733,song,True
C025728,podcast_episode,False
C011460,podcast_episode,False
C014489,song,False
C023779,audiobook,False
C024376,song,False
C015114,podcast_episode,True
C009044,podcast_episode,False
C006646,song,False
C010818,song,False
C002067,podcast_episode,True
C008906,song,True
C032935,podcast_episode,False
C021231,song,False
C004797,podcast_episode,False
C024425,podcast_episode,False
C000732,song,False
C001320,song,False
C012894,podcast_episode,False
C005808,podcast_episode,True
C020361,song,False
C022512,album,False
C002365,podcast_episode,False
C033382,song,False
C027023,podcast_episode,True
C032050,podcast_episode,True
C028819,podcast_episode,False
C011914,podcast_episode,True
C017611,song,False
C008060,podcast_episode,False
C018701,podcast_episode,False
C000967,song,False
C007757,song,False
C027636,podcast_episode,True
C008252,song,True
C028188,podcast_episode,False
C033414,song,False
C003035,song,True
C032957,song,False
C015969,song,False
C031036,audiobook,True
C004077,album,False
C003427,audiobook,False
C013551,song,True
C027496,podcast_episode,False
C009998,audiobook,False
C002452,song,False
C012925,song,True
C029307,audiobook,False
C027252,podcast_episode,False
C027420,album,False
C000599,podcast_episode,False
C013954,song,False
C003886,song,False
C022552,song,True
C031666,song,False
C029566,album,False
C025216,podcast_episode,False
C026343,song,False
C016225,podcast_episode,True
C031850,podcast_episode,False
C027913,song,False
C020145,song,False
C028977,song,False
C003492,song,False
C021387,album,False
C016300,song,False
C022012,audiobook,True
C023629,song,False
C023935,album,False
C006440,audiobook,False
C005055,podcast_episode,False
C019461,podcast_episode,False
C030209,audiobook,True
C033170,album,False
C020592,podcast_episode,False
C029027,album,True
C004334,song,False
C030740,podcast_episode,True
C001173,song,False
C009133,podcast_episode,True
C030779,song,False
C010310,song,False
C018046,song,True
C025727,podcast_episode,False
C014590,song,False
C012131,song,False
C033430,song,False
C008012,song,False
C023244,album,False
C003453,song,False
C017461,song,False
C010639,audiobook,False
C029533,podcast_episode,False
C020015,song,False
C001928,song,False
C030032,song,False
C002975,podcast_episode,False
C026038,song,False
C000162,song,False
C029854,song,False
C029050,song,False
C031668,podcast_episode,True
C030049,song,False
C010228,audiobook,True
C031540,podcast_episode,False
C012097,album,True
C026508,podcast_episode,True
C000914,song,False
C009609,song,False
C023283,album,True
C026857,song,True
C018064,album,False
C013295,song,False
C005816,song,False
C031058,song,False
C006162,audiobook,False
C019653,song,False
C021605,song,False
C026399,song,False
C014226,song,False
C009047,song,True
C007025,audiobook,False
C011803,podcast_episode,True
C023741,podcast_episode,False
C015190,album,False
C024048,song,True
C012664,song,True
C004139,song,False
C025581,podcast_episode,True
C032547,song,False
C007088,podcast_episode,False
C007981,song,True
C019968,song,True
C030521,song,True
C027795,album,False
C012135,podcast_episode,False
C025796,song,False
C011091,song,False
C019086,podcast_episode,True
C015212,song,False
C019175,song,False
C016193,podcast_episode,True
C015972,podcast_episode,False
C012476,song,False
C019198,song,False
C005682,podcast_episode,False
C022669,song,True
C000901,song,False
C003322,song,False
C026878,podcast_episode,False
C001897,album,True
C012231,podcast_episode,True
C025260,song,True
C003790,song,False
C027838,album,False
C021021,audiobook,True
C002546,song,False
C021969,album,True
C026577,song,False
C029560,audiobook,False
C031819,podcast_episode,False
C011423,album,False
C003136,podcast_episode,False
C011234,song,False
C011744,song,False
C020799,podcast_episode,False
C009740,song,False
C029115,song,False
C024796,album,False
C007163,podcast_episode,True
C019878,audiobook,False
C000229,song,False
C027882,song,False
C029309,album,True
C027300,song,False
C013745,song,True
C020654,song,False
C004440,podcast_episode,False
C027824,song,True
C023016,podcast_episode,True
C021218,audiobook,False
C021584,song,False
C008842,audiobook,False
C007585,audiobook,True
C009749,podcast_episode,False
C004413,album,False
C002302,song,True
C023621,song,True
C022502,song,False
C031026,song,False
C004178,podcast_episode,False
C008440,podcast_episode,True
C001934,song,False
C001961,song,True
C000669,podcast_episode,False
C009949,audiobook,True
C002250,podcast_episode,False
C012179,podcast_episode,True
C027867,podcast_episode,False
C016054,album,False
C017418,podcast_episode,False
C014629,podcast_episode,False
C010998,podcast_episode,False
C014698,podcast_episode,False
C020921,song,True
C026213,song,False
C033182,song,True
C032365,song,False
C015023,song,False
C004705,song,False
C006134,song,False
C004666,song,False
C009312,album,True
C019407,song,True
C025667,podcast_episode,True
C023940,song,True
C023620,podcast_episode,False
C028504,album,True
C024878,song,True
C025269,song,False
C004986,song,True
C030683,song,True
C004176,album,True
C030266,song,False
C021314,song,True
C016937,song,False
C030474,song,True
C001230,podcast_episode,True
C004879,song,True
C012153,audiobook,True
C026926,song,False
C015174,song,False
C020567,album,False
C009751,song,False
C016596,podcast_episode,False
C000533,song,True
C009478,podcast_episode,False
C016752,song,False
C018002,album,False
C002297,song,False
C021674,podcast_episode,False
C007108,song,True
C006111,podcast_episode,True
C014983,song,False
C005523,song,False
C003933,song,False
C007940,song,False
C014206,song,True
C016520,song,True
C004850,song,False
C030210,song,False
C005305,podcast_episode,False
C012505,podcast_episode,False
C004452,album,False
C026608,podcast_episode,False
C025865,song,False
C008187,audiobook,False
C004124,song,False
C013328,song,False
C022760,podcast_episode,True
C005952,song,False
C026980,song,False
C016772,podcast_episode,False
C033803,podcast_episode,True
C010595,song,False
C000618,album,False
C028842,podcast_episode,False
C030978,song,False
C007944,podcast_episode,False
C027423,song,False
C001677,song,False
C015823,song,False
C014242,song,True
C003633,album,False
C012196,audiobook,False
C016922,song,False
C001722,song,False
C011822,podcast_episode,False
C001506,song,False
C024184,podcast_episode,False
C000061,song,True
C020765,song,False
C007869,podcast_episode,False
C020006,podcast_episode,False
C030817,album,True
C005251,podcast_episode,False
C014075,song,False
C026852,podcast_episode,False
C023688,song,False
C025868,song,False
C012140,song,True
C003788,song,False
C029162,song,True
C014138,audiobook,False
C019252,album,True
C016384,song,False
C001604,song,False
C022836,song,False
C018704,album,False
C026505,song,True
C005265,album,False
C014100,song,True
C007962,audiobook,False
C024013,podcast_episode,False
C000318,song,True
C033172,song,False
C008357,song,True
C025664,song,False
C001587,podcast_episode,False
C008047,podcast_episode,True
C018219,podcast_episode,True
C025438,podcast_episode,False
C026109,podcast_episode,True
C012786,song,True
C026208,song,False
C010829,album,False
C028808,song,True
C023628,album,True
C021349,song,False
C011795,podcast_episode,False
C021193,song,False
C020488,podcast_episode,False
C011575,podcast_episode,False
C032925,album,False
C008542,album,False
C000304,album,False
C024685,album,False
C010301,podcast_episode,False
C013318,podcast_episode,True
C015352,song,False
C012948,song,False
C020409,song,True
C015837,song,False
C004527,podcast_episode,True
C032228,song,False
C025819,song,False
C013448,album,False
C031800,podcast_episode,False
C007850,song,False
C028196,song,False
C029738,podcast_episode,False
C007569,song,True
C033764,song,False
C008246,podcast_episode,False
C033416,song,False
C026179,song,True
C023312,podcast_episode,False
C017178,podcast_episode,False
C010549,podcast_episode,False
C031738,song,False
C022144,album,True
C026616,song,False
C032224,podcast_episode,False
C015421,album,False
C018887,song,True
C023571,podcast_episode,True
C021052,album,True
C004659,song,True
C017833,podcast_episode,False
C018619,song,True
C006614,podcast_episode,True
C017457,song,False
C006713,podcast_episode,True
C020586,song,False
C032917,podcast_episode,False
C014875,song,True
C033667,podcast_episode,True
C009530,song,False
C020932,album,False
C007905,podcast_episode,True
C028032,podcast_episode,False
C020148,podcast_episode,False
C021681,song,True
C011964,podcast_episode,True
C020515,podcast_episode,True
C003777,podcast_episode,False
C014945,album,False
C032138,audiobook,True
C032918,song,True
C026740,song,False
C013562,podcast_episode,False
C033360,song,True
C027829,song,False
C033368,song,False
C017155,song,True
C005525,song,False
C011154,song,True
C022179,podcast_episode,True
C012710,podcast_episode,False
C004455,song,False
C010356,song,True
C001681,audiobook,False
C001602,song,True
C004297,song,False
C017518,song,True
C013940,song,False
C015168,song,False
C033316,podcast_episode,False
C008348,podcast_episode,False
C033657,song,True
C019865,podcast_episode,False
C003807,song,False
C033838,podcast_episode,False
C021262,album,False
C025988,podcast_episode,True
C021057,album,True
C013811,song,False
C021378,album,False
C013356,song,False
C020296,podcast_episode,True
C000927,song,True
C016266,song,True
C010108,song,False
C010573,song,False
C012117,podcast_episode,True
C011920,song,True
C010785,song,True
C021944,song,False
C001576,podcast_episode,False
C007406,audiobook,False
C016864,song,False
C020026,song,False
C033084,album,False
C007130,song,True
C020430,song,True
C027782,album,False
C008301,audiobook,True
C017310,album,False
C018748,song,True
C011686,song,False
C008804,song,False
C005314,song,False
C024687,song,True
C005239,song,False
C008703,song,False
C024403,audiobook,False
C004519,podcast_episode,True
C029279,podcast_episode,False
C019496,song,False
C030075,song,True
C022206,podcast_episode,False
C025374,audiobook,False
C021212,song,False
C026480,song,False
C016436,song,True
C023461,song,True
C022182,song,True
C009653,podcast_episode,True
C003444,song,False
C003942,podcast_episode,True
C017232,song,False
C033559,song,False
C026229,song,False
C009236,song,False
C022177,podcast_episode,True
C024381,song,False
C028656,song,False
C027164,podcast_episode,False
C015986,song,False
C005726,song,False
C007153,song,False
C011837,podcast_episode,True
C031217,song,True
C007688,audiobook,False
C032295,song,False
C007024,song,False
C013000,podcast_episode,False
C028294,song,False
C022136,podcast_episode,False
C014757,song,False
C000796,podcast_episode,False
C018342,album,False
C021016,song,False
C020865,audiobook,False
C009767,song,True
C006854,song,False
C021328,song,True
C027307,song,False
C002510,album,False
C007486,album,False
C028916,podcast_episode,False
C033860,audiobook,False
C017198,song,False
C003865,song,False
C022208,song,True
C023744,song,False
C021563,song,False
C013064,song,False
C011028,song,True
C009528,song,True
C026465,song,True
C002710,podcast_episode,False
C007712,album,True
C004885,podcast_episode,False
C027393,song,False
C023257,podcast_episode,False
C013268,podcast_episode,True
C017729,podcast_episode,True
C010275,podcast_episode,True
C013171,song,False
C008031,podcast_episode,False
C027698,podcast_episode,True
C018783,song,True
C017531,album,True
C013882,podcast_episode,True
C023770,song,True
C019719,song,False
C018148,podcast_episode,True
C031921,audiobook,True
C013675,song,False
C031149,song,True
C030826,song,True
C019286,audiobook,False
C008760,podcast_episode,False
C026735,song,False
C003130,podcast_episode,True
C016946,song,True
C006985,podcast_episode,True
C031154,song,False
C016853,album,True
C026781,podcast_episode,False
C030186,album,False
C004157,song,False
C023563,song,False
C022811,song,True
C030837,audiobook,False
C019177,podcast_episode,False
C005490,song,False
C027877,song,False
C002254,song,False
C008102,song,False
C005588,song,False
C003805,song,True
C015105,song,False
C025855,podcast_episode,False
C033374,album,True
C033853,song,False
C010624,podcast_episode,False
C001136,song,False
C026199,song,True
C030775,song,False
C011941,album,False
C009477,song,True
C015917,song,True
C017514,song,False
C017321,song,False
C008958,podcast_episode,False
C002021,podcast_episode,False
C025370,podcast_episode,True
C026544,album,False
C012851,song,True
C032986,song,False
C033280,song,False
C015224,song,False
C010241,song,True
C030889,song,False
C022559,song,True
C008666,song,False
C012577,podcast_episode,True
C031397,audiobook,False
C008349,podcast_episode,False
C012368,podcast_episode,False
C016150,song,False
C005838,song,False
C022418,podcast_episode,False
C024491,song,False
C028300,podcast_episode,True
C013312,song,False
C010131,podcast_episode,True
C025314,podcast_episode,False
C030576,song,False
C023602,song,False
C008135,song,False
C018997,podcast_episode,True
C032877,song,False
C004219,song,True
C023527,album,False
C033147,audiobook,True
C029971,album,False
C023519,podcast_episode,True
C020428,song,True
C011052,album,False
C005060,podcast_episode,False
C003718,song,False
C017917,audiobook,True
C002142,song,False
C006904,song,False
C033602,podcast_episode,False
C025088,audiobook,True
C013301,song,True
C006285,album,True
C021581,podcast_episode,False
C009834,album,False
C004726,podcast_episode,True
C005397,song,True
C001305,album,False
C001645,album,True
C026766,song,False
C027035,song,True
C032451,album,True
C001064,album,False
C014676,song,False
C017193,song,True
C003030,podcast_episode,False
C023492,song,False
C031295,song,False
C002636,podcast_episode,False
C026721,song,True
C016537,podcast_episode,True
C005364,song,False
C028376,song,True
C025884,audiobook,False
C022153,song,True
C027828,podcast_episode,False
C020770,song,True
C033744,song,False
C023450,podcast_episode,False
C032805,song,False
C018509,song,False
C000343,song,True
C018010,song,False
C002199,song,False
C024301,song,False
C029776,podcast_episode,True
C008740,album,True
C016644,podcast_episode,True
C008309,song,False
C018123,song,False
C026943,song,False
C004755,album,False
C009829,song,True
C013050,album,True
C019850,audiobook,False
C010030,song,True
C001484,song,False
C017331,song,False
C024787,podcast_episode,False
C028486,song,False
C005627,audiobook,False
C020109,song,True
C024714,song,True
C012360,song,False
C031018,song,False
C010790,podcast_episode,True
C002331,song,True
C011544,podcast_episode,True
C001653,song,False
C010315,album,False
C023201,song,True
C019582,song,False
C012490,song,False
C002467,podcast_episode,False
C033731,album,True
C027965,song,False
C029674,audiobook,False
C022528,album,True
C030140,podcast_episode,False
C018802,song,False
C000561,song,False
C008797,podcast_episode,False
C003406,song,False
C006634,song,False
C033134,podcast_episode,True
C014491,podcast_episode,False
C009338,song,False
C002123,song,True
C004952,song,False
C004811,song,True
C000803,song,False
C011495,song,True
C022047,song,False
C032572,song,True
C033012,podcast_episode,False
C027028,podcast_episode,True
C003950,song,False
C028466,song,True
C033418,podcast_episode,False
C021101,podcast_episode,True
C011685,song,True
C011055,song,False
C028089,song,False
C005294,podcast_episode,False
C024975,album,False
C025174,song,True
C025680,song,True
C018262,podcast_episode,False
C000854,song,False
C001048,podcast_episode,True
C013175,song,False
C011869,podcast_episode,True
C002965,album,False
C027479,song,True
C012676,podcast_episode,False
C030498,podcast_episode,False
C001803,album,False
C032812,song,False
C026908,podcast_episode,True
C017107,song,True
C022094,podcast_episode,False
C027681,song,True
C002665,song,False
C026212,song,False
C023333,song,False
C023673,song,False
C024978,song,False
C017405,podcast_episode,True
C017388,podcast_episode,True
C011833,audiobook,True
C027113,audiobook,True
C033785,song,True
C015608,podcast_episode,False
C020211,song,True
C020043,song,True
C024673,song,True
C019447,podcast_episode,True
C005101,song,False
C005678,album,True
C016232,podcast_episode,True
C022100,song,False
C014347,podcast_episode,False
C022869,podcast_episode,True
C032793,podcast_episode,False
C019912,podcast_episode,False
C014532,podcast_episode,False
C007344,album,True
C009063,song,False
C015987,song,True
C022605,podcast_episode,False
C016613,podcast_episode,True
C028692,song,True
C008883,album,False
C010033,song,True
C012308,song,True
C006921,podcast_episode,False
C032830,podcast_episode,False
C031277,song,True
C027057,podcast_episode,False
C012341,podcast_episode,False
C027131,podcast_episode,False
C017819,podcast_episode,False
C020020,podcast_episode,True
C007212,song,False
C012181,song,True
C023618,song,False
C032125,audiobook,True
C028910,song,False
C027818,album,False
C008091,podcast_episode,False
C001554,podcast_episode,True
C029432,song,False
C018472,song,False
C001005,song,True
C023341,song,False
C018376,song,False
C002146,podcast_episode,False
C033255,album,False
C013863,album,False
C026021,song,False
C026155,song,True
C024993,album,True
C032443,song,True
C005975,podcast_episode,True
C005400,album,False
C005257,album,False
C028654,song,False
C003282,podcast_episode,False
C001329,song,False
C026316,album,False
C015592,song,False
C014389,song,False
C027868,podcast_episode,True
C032811,song,False
C008242,podcast_episode,False
C028711,song,True
C006972,song,False
C032033,podcast_episode,True
C004865,song,False
C012010,song,False
C008691,song,True
C023617,podcast_episode,False
C002440,song,False
C021360,album,False
C020915,song,False
C006540,album,False
C020534,song,True
C009670,song,True
C025137,song,True
C005205,song,True
C004136,song,False
C019314,song,True
C019053,song,True
C005779,podcast_episode,False
C017098,song,False
C006231,song,True
C021374,song,False
C017146,album,True
C014124,song,False
C032042,song,False
C016176,album,False
C008916,song,False
C000545,album,True
C033209,podcast_episode,True
C016513,podcast_episode,False
C027594,song,True
C011990,audiobook,True
C032555,song,False
C017221,song,False
C004356,song,False
C026058,song,False
C024453,song,True
C017570,podcast_episode,False
C001337,song,False
C015974,song,True
C029967,podcast_episode,False
C000402,song,False
C008155,song,True
C012079,song,False
C011129,song,False
C010402,song,False
C017881,album,True
C030941,album,False
C007368,podcast_episode,True
C011673,song,False
C007402,song,False
C009365,album,True
C012827,song,False
C011049,podcast_episode,True
C027716,podcast_episode,True
C025326,album,False
C000992,song,False
C006358,podcast_episode,False
C023889,album,True
C032338,podcast_episode,False
C033424,podcast_episode,False
C024148,podcast_episode,False
C009655,song,True
C015432,podcast_episode,False
C022130,podcast_episode,False
C006681,podcast_episode,False
C025169,song,False
C024357,song,True
C005787,song,False
C027469,song,True
C033689,podcast_episode,False
C020819,song,False
C032218,podcast_episode,False
C030931,song,False
C004935,album,True
C032014,podcast_episode,False
C010754,podcast_episode,True
C014211,song,True
C027746,podcast_episode,True
C026249,podcast_episode,False
C012785,album,False
C005604,album,False
C023383,podcast_episode,False
C017173,song,False
C019223,podcast_episode,False
C002242,song,True
C019763,podcast_episode,True
C021368,song,False
C026375,song,True
C015960,podcast_episode,True
C008540,song,True
C032000,song,False
C008229,song,False
C013440,song,False
C011039,audiobook,True
C018739,song,False
C032041,podcast_episode,True
C000412,podcast_episode,False
C009956,song,True
C015452,song,False
C003683,podcast_episode,False
C032549,song,False
C006445,song,False
C008454,song,False
C030789,podcast_episode,False
C012289,song,False
C017700,song,False
C009641,song,True
C009793,song,False
C020293,podcast_episode,False
C025679,podcast_episode,False
C032334,album,False
C003346,podcast_episode,False
C020312,audiobook,False
C032669,song,False
C009079,song,False
C007984,audiobook,False
C003309,podcast_episode,True
C025672,album,False
C022653,song,True
C027918,song,False
C016734,podcast_episode,False
C024889,song,True
C020002,song,True
C008706,album,False
C029649,song,False
C006804,podcast_episode,True
C020487,song,False
C033073,song,False
C012187,song,True
C012748,song,False
C026258,podcast_episode,False
C004854,song,True
C005079,podcast_episode,False
C029194,song,False
C029240,song,False
C010534,podcast_episode,False
C032964,podcast_episode,False
C019805,song,True
C024060,podcast_episode,False
C011963,song,True
C024292,podcast_episode,False
C002300,podcast_episode,True
C006045,song,False
C008733,podcast_episode,True
C031634,podcast_episode,False
C031880,song,False
C017668,song,False
C026030,song,False
C029508,album,False
C032945,song,False
C020550,podcast_episode,False
C018091,song,True
C018831,song,True
C029693,song,False
C012084,podcast_episode,False
C011115,podcast_episode,False
C016683,song,False
C031503,song,False
C033489,song,False
C006997,podcast_episode,True
C026382,song,False
C021066,audiobook,False
C027998,podcast_episode,True
C032866,song,False
C016088,song,True
C020753,album,False
C006840,song,False
C015206,song,True
C002562,podcast_episode,True
C018298,podcast_episode,True
C012953,song,True
C029852,podcast_episode,False
C030828,song,False
C017342,song,False
C017450,podcast_episode,False
C016964,song,True
C007524,album,True
C020596,podcast_episode,False
C014337,song,False
C032482,podcast_episode,False
C021391,podcast_episode,False
C026006,album,False
C033498,song,False
C008140,song,True
C012965,song,True
C019398,album,False
C001400,song,False
C027644,song,True
C020450,song,True
C020266,song,True
C008216,song,False
C007596,podcast_episode,False
C016690,album,True
C031345,song,False
C009151,song,False
C002414,song,False
C003156,podcast_episode,False
C012706,song,False
C023546,podcast_episode,True
C004505,song,False
C013017,song,False
C025969,song,False
C013984,podcast_episode,True
C021891,song,True
C032994,song,False
C002857,podcast_episode,False
C018982,podcast_episode,True
C022785,album,False
C033168,song,False
C000530,podcast_episode,True
C005721,podcast_episode,False
C029851,song,False
C008188,podcast_episode,True
C002566,song,True
C024881,song,False
C009285,album,False
C013447,song,True
C002581,album,False
C006680,podcast_episode,False
C008776,song,True
C008734,album,False
C012979,song,True
C025777,podcast_episode,False
C026547,album,False
C014764,song,False
C016451,song,False
C014044,song,False
C026565,song,False
C033173,song,False
C016881,song,False
C012726,podcast_episode,False
C023415,song,False
C024252,podcast_episode,False
C003218,audiobook,False
C013931,song,False
C024072,song,True
C003969,podcast_episode,True
C004072,song,False
C008975,album,True
C013006,podcast_episode,False
C027431,song,True
C014880,podcast_episode,False
C029790,podcast_episode,True
C020107,podcast_episode,False
C033207,song,True
C002557,podcast_episode,False
C021167,podcast_episode,False
C006433,song,False
C027536,song,False
C013480,podcast_episode,True
C017419,song,True
C001462,podcast_episode,False
C015339,song,False
C009759,song,False
C028982,podcast_episode,False
C010181,song,False
C014301,song,False
C023853,podcast_episode,False
C028220,podcast_episode,False
C017732,song,False
C017610,album,True
C025025,podcast_episode,False
C001929,song,False
C011481,song,True
C004595,album,True
C017537,podcast_episode,False
C012011,song,False
C006789,song,False
C020438,song,True
C001708,podcast_episode,False
C021012,song,False
C020136,podcast_episode,True
C007407,podcast_episode,False
C004469,song,False
C032554,album,False
C032944,audiobook,True
C012477,podcast_episode,True
C033044,song,False
C014960,album,False
C013281,song,False
C027827,podcast_episode,False
C005957,podcast_episode,False
C017167,audiobook,False
C015194,audiobook,False
C033692,podcast_episode,False
C020051,song,False
C007908,album,False
C028584,song,False
C020277,album,True
C013380,song,True
C012877,podcast_episode,False
C027570,song,False
C031784,podcast_episode,True
C016701,song,False
C022120,podcast_episode,False
C001664,song,True
C000365,song,False
C014879,song,False
C012358,song,False
C007800,song,True
C028728,song,False
C031429,song,True
C011585,song,False
C032155,song,False
C012190,song,False
C003195,podcast_episode,True
C017978,song,True
C003976,podcast_episode,False
C012857,podcast_episode,True
C033385,song,True
C012142,song,True
C014168,song,False
C032558,song,False
C011928,song,True
C007031,song,True
C022028,song,True
C028627,podcast_episode,False
C016066,song,False
C002777,song,False
C006896,audiobook,True
C014820,podcast_episode,False
C006456,song,True
C024551,song,False
C020474,song,True
C024866,podcast_episode,False
C008843,song,True
C012209,podcast_episode,True
C019528,song,False
C006714,song,False
C004003,song,False
C005106,podcast_episode,True
C000245,podcast_episode,False
C004958,song,True
C001383,podcast_episode,False
C005680,song,False
C028070,album,False
C016289,podcast_episode,True
C016136,song,False
C012942,song,True
C030490,podcast_episode,False
C015706,album,True
C013546,album,True
C016304,song,False
C000452,song,False
C026641,podcast_episode,True
C010304,song,False
C026561,song,False
C016264,song,False
C005228,podcast_episode,False
C028442,song,True
C014023,song,False
C005515,song,False
C013656,podcast_episode,False
C000440,song,False
C010637,song,False
C010161,song,True
C021191,song,False
C030377,song,True
C020947,song,False
C018049,audiobook,False
C016888,song,True
C010851,podcast_episode,True
C023592,song,False
C005221,audiobook,True
C018003,song,False
C030103,podcast_episode,True
C017966,song,False
C006058,podcast_episode,False
C000030,album,False
C028352,song,False
C012636,song,True
C011401,audiobook,False
C015078,song,False
C014469,podcast_episode,True
C020856,podcast_episode,False
C027058,song,False
C021232,song,False
C002318,album,False
C028687,album,True
C008126,audiobook,False
C023198,podcast_episode,True
C012598,song,False
C008628,podcast_episode,True
C000624,song,True
C017931,album,False
C020757,song,True
C016491,song,True
C021346,album,False
C014602,podcast_episode,False
C028533,album,False
C028295,podcast_episode,True
C033846,song,True
C022276,album,True
C031667,song,True
C005822,podcast_episode,False
C000324,audiobook,False
C023451,song,True
C028725,song,False
C020738,podcast_episode,False
C012863,song,False
C025621,song,False
C010417,song,False
C015634,podcast_episode,False
C003494,song,True
C031721,album,False
C011058,song,False
C012111,song,False
C001306,podcast_episode,True
C004663,album,True
C009954,song,True
C009058,podcast_episode,False
C026043,song,False
C016438,song,False
C029624,album,False
C011094,podcast_episode,False
C017028,podcast_episode,True
C013812,song,True
C010602,album,False
C023149,podcast_episode,False
C026108,song,False
C024892,song,False
C015807,song,False
C014728,song,True
C000388,song,False
C014339,song,False
C021655,song,False
C023019,song,False
C012890,song,False
C023517,podcast_episode,False
C021438,audiobook,False
C026971,song,True
C020029,podcast_episode,False
C003479,audiobook,True
C021867,album,False
C018044,song,False
C029759,song,False
C012904,song,True
C011820,podcast_episode,True
C023908,podcast_episode,False
C022354,song,False
C015688,song,False
C003247,song,False
C011020,song,False
C008605,song,True
C009298,album,False
C009037,album,True
C001093,song,False
C012072,podcast_episode,False
C027262,song,False
C021524,song,True
C001379,podcast_episode,False
C021743,podcast_episode,True
C018925,song,False
C014391,song,False
C006988,song,False
C011766,song,False
C000083,song,True
C020716,audiobook,False
C009600,song,False
C023619,song,False
C010267,podcast_episode,False
C029206,song,False
C022499,song,False
C008279,podcast_episode,False
C014334,song,False
C019361,song,False
C029752,podcast_episode,False
C025979,song,True
C028345,song,False
C000534,song,True
C003761,podcast_episode,False
C013224,song,False
C008383,song,False
C021086,podcast_episode,False
C029681,song,False
C001515,album,False
C008066,song,False
C007199,album,False
C015281,podcast_episode,False
C013827,album,True
C013596,song,False
C012404,song,True
C001852,podcast_episode,True
C031514,audiobook,False
C004781,song,False
C004542,song,False
C019305,song,True
C030411,song,False
C005659,podcast_episode,False
C022475,podcast_episode,True
C005793,podcast_episode,True
C027029,podcast_episode,True
C010366,album,False
C002025,song,False
C004683,song,False
C018632,song,True
C025026,song,True
C008827,podcast_episode,False
C006102,song,False
C021375,song,False
C016710,podcast_episode,False
C012849,audiobook,True
C018452,podcast_episode,True
C024565,audiobook,True
C025636,podcast_episode,True
C028606,song,True
C014306,song,False
C007737,song,True
C028641,song,True
C002454,song,False
C003700,album,False
C008957,song,False
C001441,song,False
C014958,song,False
C024877,podcast_episode,False
C018920,podcast_episode,False
C020675,song,False
C022275,song,False
C028095,podcast_episode,False
C011096,song,True
C005047,song,False
C008554,song,True
C020825,song,False
C026415,podcast_episode,False
C018118,song,False
C007660,podcast_episode,False
C012590,song,False
C000473,podcast_episode,True
C015238,song,True
C011418,podcast_episode,False
C022305,song,False
C022527,song,True
C023182,song,False
C030037,audiobook,False
C006404,audiobook,False
C019536,podcast_episode,False
C007308,podcast_episode,False
C017770,song,False
C007107,podcast_episode,False
C020643,audiobook,True
C030145,album,False
C019928,song,False
C032115,podcast_episode,False
C027844,song,True
C012545,song,False
C007484,audiobook,False
C016392,song,False
C023915,podcast_episode,True
C007441,podcast_episode,False
C010954,podcast_episode,True
C022020,podcast_episode,False
C010836,podcast_episode,False
C011473,podcast_episode,False
C024298,song,False
C004289,podcast_episode,False
C015240,song,False
C028678,podcast_episode,False
C008185,song,False
C030334,song,True
C012198,song,False
C024186,song,True
C013649,podcast_episode,True
C029541,podcast_episode,False
C032539,audiobook,True
C008653,podcast_episode,False
C003670,song,False
C024462,song,False
C026970,song,True
C029069,song,False
C010814,song,False
C031713,podcast_episode,False
C007012,song,False
C020754,audiobook,False
C022911,song,False
C033408,podcast_episode,True
C024347,song,False
C023303,song,True
C012122,song,False
C013387,song,True
C017180,podcast_episode,True
C014735,song,True
C007831,album,False
C021176,song,True
C011268,song,False
C028424,song,True
C012734,song,False
C005990,song,False
C007380,song,False
C015736,song,False
C020095,song,False
C030531,album,True
C017745,podcast_episode,True
C017445,podcast_episode,False
C027703,song,False
C021068,song,True
C007343,podcast_episode,False
C017816,song,True
C010902,audiobook,False
C010474,podcast_episode,True
C012458,song,False
C010419,podcast_episode,True
C032511,song,False
C030291,podcast_episode,False
C021630,song,False
C012496,song,True
C016157,album,False
C032829,podcast_episode,False
C033148,song,True
C013834,audiobook,True
C000459,song,False
C030854,song,True
C031812,song,False
C003533,song,True
C027732,song,False
C008844,song,False
C023516,podcast_episode,False
C015399,song,False
C012331,album,False
C001033,song,False
C025702,song,True
C017587,song,True
C017192,song,False
C022115,podcast_episode,True
C016797,podcast_episode,False
C017660,podcast_episode,True
C031554,podcast_episode,True
C018152,podcast_episode,True
C002713,podcast_episode,True
C032200,song,True
C006003,song,False
C013333,song,False
C028845,song,False
C027003,song,True
C010269,song,False
C030733,song,True
C016975,audiobook,False
C018250,song,False
C018932,song,True
C003639,podcast_episode,True
C028116,song,False
C017859,podcast_episode,True
C022343,podcast_episode,False
C023390,song,False
C004128,song,False
C031236,podcast_episode,False
C023202,song,False
C020144,song,True
C032260,song,False
C015578,podcast_episode,False
C012105,podcast_episode,False
C021604,song,False
C001176,song,False
C031840,song,False
C004642,song,False
C025390,song,True
C023117,song,True
C020243,podcast_episode,True
C003466,podcast_episode,False
C028471,podcast_episode,False
C022575,podcast_episode,False
C033469,album,True
C023809,podcast_episode,False
C020536,podcast_episode,False
C026215,song,False
C006049,song,False
C005407,song,False
C018888,song,True
C017007,podcast_episode,True
C023525,album,False
C029223,song,False
C001943,song,False
C022450,song,False
C015364,song,False
C033386,podcast_episode,False
C013275,song,False
C027660,song,False
C033850,song,True
C020437,song,False
C023148,song,True
C006792,song,False
C029131,album,False
C017495,song,True
C014956,podcast_episode,False
C005391,song,False
C004220,song,True
C027624,podcast_episode,True
C027177,song,False
C016110,podcast_episode,False
C014265,song,False
C009474,podcast_episode,False
C003730,song,False
C027574,podcast_episode,False
C010739,song,True
C026989,album,False
C007717,song,False
C033720,song,False
C004342,song,False
C026436,podcast_episode,True
C020097,album,False
C030557,audiobook,False
C031068,song,False
C019652,audiobook,False
C014608,song,False
C013014,song,False
C026303,song,False
C030796,album,False
C017434,podcast_episode,False
C016982,song,False
C032838,podcast_episode,False
C026752,album,True
C022033,podcast_episode,False
C028115,song,True
C007232,audiobook,True
C010276,song,False
C004787,podcast_episode,True
C025140,audiobook,False
C010118,song,True
C013618,song,False
C025669,podcast_episode,False
C008701,podcast_episode,False
C028507,podcast_episode,True
C033291,song,False
C004410,song,False
C028168,song,True
C023169,song,False
C023856,podcast_episode,False
C015405,podcast_episode,False
C022800,song,False
C002195,song,False
C033295,song,False
C024799,album,False
C014699,song,True
C018834,song,False
C032023,podcast_episode,True
C028127,song,False
C015304,song,True
C023396,album,True
C023388,album,False
C025766,song,True
C024710,podcast_episode,False
C008501,song,False
C014026,song,True
C014662,song,True
C000025,song,True
C010514,album,False
C032129,podcast_episode,False
C009173,song,False
C030682,album,True
C031792,audiobook,True
C031216,song,False
C007073,song,True
C001120,song,True
C018168,song,False
C007770,podcast_episode,False
C022447,podcast_episode,False
C023321,podcast_episode,False
C004314,podcast_episode,True
C027508,audiobook,True
C029420,podcast_episode,False
C002993,podcast_episode,True
C018910,album,False
C000418,song,False
C005002,song,False
C024460,podcast_episode,False
C004456,song,True
C004990,song,False
C015413,song,False
C000249,song,False
C021129,podcast_episode,False
C004970,song,True
C025179,song,False
C006442,song,False
C005263,podcast_episode,False
C033815,song,True
C024068,podcast_episode,False
C012972,podcast_episode,False
C028869,song,False
C002911,podcast_episode,False
C027507,song,True
C028815,album,False
C004933,podcast_episode,False
C017731,podcast_episode,False
C009033,podcast_episode,False
C022320,podcast_episode,True
C008807,podcast_episode,True
C029748,song,False
C014563,album,False
C013107,song,True
C027016,song,True
C031092,album,True
C000509,song,True
C009462,podcast_episode,True
C025411,song,True
C002738,audiobook,True
C006576,album,False
C029626,audiobook,False
C009335,song,False
C002809,audiobook,False
C002172,podcast_episode,False
C015579,song,False
C007198,song,False
C024290,song,False
C004317,song,False
C026697,song,False
C013917,podcast_episode,False
C025116,album,False
C000431,song,False
C006663,song,False
C008095,song,True
C023819,album,True
C008947,song,False
C022231,podcast_episode,True
C019000,song,True
C008584,album,False
C003305,song,False
C006311,podcast_episode,True
C011336,song,False
C025520,song,False
C015787,song,False
C013154,song,True
C009443,podcast_episode,False
C020797,podcast_episode,False
C019318,song,True
C033589,song,False
C024670,song,False
C008951,album,True
C020366,song,False
C026037,album,False
C027935,podcast_episode,False
C015323,song,False
C031394,podcast_episode,True
C011005,podcast_episode,True
C005465,song,False
C011549,song,False
C012330,audiobook,True
C019885,album,False
C013110,song,False
C016223,audiobook,True
C027476,song,False
C021010,song,False
C033030,podcast_episode,False
C015022,song,False
C020812,podcast_episode,False
C031799,audiobook,False
C028580,podcast_episode,False
C032196,podcast_episode,True
C029779,album,False
C022547,song,True
C005453,song,False
C006423,podcast_episode,False
C007356,podcast_episode,True
C025802,song,False
C022031,song,False
C005774,song,False
C033582,podcast_episode,True
C010433,podcast_episode,False
C015319,podcast_episode,True
C001796,podcast_episode,False
C002883,podcast_episode,False
C023172,album,True
C002976,song,False
C029021,song,False
C026408,podcast_episode,False
C001214,song,False
C024383,song,False
C016559,podcast_episode,True
C000071,song,False
C015534,song,False
C021954,album,False
C017089,song,False
C018565,podcast_episode,False
C030311,song,False
C002409,album,False
C000221,song,False
C031674,album,False
C005236,podcast_episode,False
C025078,song,False
C008212,song,False
C007259,song,False
C005438,podcast_episode,False
C013020,podcast_episode,True
C032535,song,False
C016995,podcast_episode,False
C024025,song,True
C030831,song,False
C024676,album,False
C011019,album,False
C032182,song,False
C026253,song,False
C003486,song,False
C000959,song,False
C027128,podcast_episode,False
C022117,song,False
C000434,podcast_episode,True
C033189,song,False
C003011,song,False
C031402,song,True
C001191,song,True
C016220,podcast_episode,True
C011409,podcast_episode,False
C014766,podcast_episode,False
C004707,song,True
C011854,podcast_episode,False
C012969,song,True
C028204,audiobook,False
C025897,album,True
C027436,song,False
C010892,song,False
C014144,song,False
C028499,podcast_episode,False
C027860,album,False
C031329,podcast_episode,False
C005573,song,False
C000212,podcast_episode,False
C021690,song,True
C013762,song,False
C020835,podcast_episode,True
C021938,audiobook,False
C002503,song,False
C030890,song,False
C014721,song,False
C030815,song,False
C016742,song,False
C001018,podcast_episode,False
C019194,podcast_episode,True
C019263,podcast_episode,True
C014713,podcast_episode,False
C011696,song,True
C000612,podcast_episode,False
C027892,podcast_episode,False
C015975,song,False
C026110,song,True
C028931,podcast_episode,True
C027353,song,False
C006133,song,False
C023127,song,False
C004276,song,True
C028739,album,False
C016040,podcast_episode,True
C032441,song,False
C027612,song,False
C024257,album,False
C021044,song,False
C012212,song,True
C028041,podcast_episode,True
C032611,podcast_episode,False
C006030,podcast_episode,False
C028198,song,False
C028771,song,False
C014729,song,False
C007959,album,False
C018384,song,False
C028945,song,False
C002116,album,False
C027704,song,False
C014509,song,False
C003849,song,False
C019620,podcast_episode,False
C010054,song,True
C025309,song,False
C014939,podcast_episode,True
C019827,song,False
C009955,song,False
C027315,song,False
C028730,podcast_episode,False
C025779,song,True
C010882,album,False
C008133,song,False
C031038,song,False
C027875,song,False
C031604,podcast_episode,False
C032834,podcast_episode,False
C007455,album,False
C013384,song,False
C004409,song,False
C002487,podcast_episode,False
C010780,song,True
C013138,song,False
C030279,podcast_episode,False
C009424,song,True
C023488,podcast_episode,True
C009284,podcast_episode,True
C017329,podcast_episode,False
C018336,song,True
C016668,podcast_episode,False
C007669,song,False
C017279,podcast_episode,False
C007242,song,True
C022026,podcast_episode,True
C024046,song,True
C029117,podcast_episode,False
C028915,podcast_episode,False
C015629,podcast_episode,False
C022671,song,True
C031328,song,True
C008969,podcast_episode,True
C020491,song,False
C003506,song,True
C014510,podcast_episode,False
C027737,album,False
C000399,song,False
C027101,podcast_episode,False
C029830,song,False
C031943,song,False
C005127,audiobook,False
C011780,podcast_episode,False
C029474,audiobook,False
C009035,podcast_episode,False
C006086,song,False
C023677,podcast_episode,True
C003314,podcast_episode,False
C025023,song,False
C023785,song,False
C012176,song,True
C005894,podcast_episode,False
C001969,song,False
C033648,song,False
C023983,song,False
C020610,song,True
C012383,song,True
C032442,song,False
C026294,audiobook,True
C027615,album,False
C033323,album,False
C001889,song,False
C025397,song,True
C009195,album,False
C013718,podcast_episode,False
C004095,podcast_episode,False
C029849,song,False
C033064,song,False
C033510,podcast_episode,False
C006833,song,False
C002063,podcast_episode,False
C014307,song,False
C032039,album,False
C026351,song,False
C005524,podcast_episode,False
C022625,podcast_episode,False
C033269,podcast_episode,True
C023928,song,True
C033554,song,False
C006877,podcast_episode,False
C023458,podcast_episode,False
C003809,album,False
C004815,song,False
C032219,song,False
C027962,song,False
C033404,podcast_episode,True
C023120,podcast_episode,False
C011906,song,False
C012027,podcast_episode,False
C007203,podcast_episode,False
C001639,song,False
C016587,song,False
C024942,podcast_episode,False
C008409,podcast_episode,False
C013159,song,False
C031805,song,False
C005023,song,False
C015266,podcast_episode,False
C012066,album,False
C030777,song,True
C023729,song,False
C020466,song,True
C028760,album,False
C000053,podcast_episode,False
C004713,podcast_episode,True
C029698,song,False
C018505,song,True
C033772,song,True
C007615,song,True
C014027,song,False
C024851,podcast_episode,False
C001735,album,False
C012042,podcast_episode,True
C009243,song,False
C015017,podcast_episode,True
C025412,audiobook,False
C017265,song,True
C029192,song,False
C009124,podcast_episode,False
C027993,podcast_episode,True
C020691,podcast_episode,False
C017043,song,False
C022017,album,False
C021631,song,True
C022870,podcast_episode,False
C029198,podcast_episode,True
C022886,song,False
C033591,album,True
C025688,song,False
C002725,song,False
C007995,song,False
C022544,song,False
C003949,song,True
C027286,song,False
C030790,podcast_episode,False
C030895,song,False
C015233,song,True
C015159,album,True
C021565,podcast_episode,True
C029246,podcast_episode,True
C018420,podcast_episode,False
C011592,album,True
C018531,song,True
C028022,song,True
C019740,podcast_episode,False
C018959,song,False
C028257,song,True
C022885,song,True
C011782,podcast_episode,False
C028858,song,False
C000703,podcast_episode,True
C022926,song,True
C020056,song,False
C019400,album,True
C001463,song,False
C009604,song,False
C013930,song,False
C014324,podcast_episode,True
C022563,song,False
C002595,podcast_episode,True
C010993,song,False
C018672,song,False
C003546,audiobook,False
C003405,podcast_episode,False
C009323,podcast_episode,True
C022249,song,True
C032766,podcast_episode,False
C027753,song,False
C023609,podcast_episode,False
C014348,album,True
C020763,song,False
C018675,song,False
C030893,song,False
C022233,song,False
C004715,song,True
C030361,song,True
C019925,song,True
C002909,podcast_episode,False
C004615,audiobook,False
C015446,album,False
C019493,song,False
C002001,song,True
C022820,podcast_episode,False
C028425,podcast_episode,False
C013982,podcast_episode,True
C007414,song,True
C024828,podcast_episode,True
C006271,song,False
C033824,podcast_episode,False
C021677,song,False
C021474,podcast_episode,False
C014704,podcast_episode,False
C001177,song,True
C021776,album,False
C007947,podcast_episode,False
C011957,album,True
C005609,podcast_episode,True
C000568,song,True
C032882,podcast_episode,False
C010122,song,False
C031406,album,False
C005606,song,True
C031934,audiobook,False
C012886,song,True
C027157,song,True
C022947,song,True
C022321,podcast_episode,False
C008729,album,False
C027853,song,False
C019854,song,False
C006056,song,False
C006119,song,True
C016685,audiobook,True
C005625,podcast_episode,False
C001982,audiobook,True
C017285,song,False
C030276,song,False
C008036,podcast_episode,True
C007077,podcast_episode,True
C020820,song,False
C027460,audiobook,False
C021521,podcast_episode,False
C026918,song,False
C015877,podcast_episode,False
C020190,song,True
C030158,podcast_episode,False
C009235,podcast_episode,True
C023999,song,False
C030338,song,False
C013807,album,False
C007541,album,False
C024058,song,True
C015998,album,False
C024116,podcast_episode,False
C022039,song,False
C013608,song,False
C000814,song,False
C018747,podcast_episode,False
C017887,song,False
C009629,song,True
C011243,podcast_episode,False
C007090,song,False
C000950,podcast_episode,False
C014859,podcast_episode,False
C003571,song,False
C015063,song,False
C028880,album,False
C002508,song,True
C001201,song,False
C001326,audiobook,True
C028303,podcast_episode,False
C013187,album,True
C027256,podcast_episode,False
C022594,podcast_episode,True
C012729,song,False
C018661,song,False
C010128,podcast_episode,False
C008498,song,False
C014500,song,False
C013022,song,False
C002889,song,False
C002961,song,False
C010562,podcast_episode,True
C010875,song,False
C004959,song,False
C028018,song,False
C001845,podcast_episode,False
C009878,audiobook,False
C024612,audiobook,False
C009920,song,False
C003471,song,False
C017010,podcast_episode,False
C015804,song,False
C009798,song,True
C024077,song,False
C026171,podcast_episode,True
C001234,album,False
C002592,podcast_episode,True
C026891,podcast_episode,False
C030349,song,True
C018195,song,False
C017086,podcast_episode,False
C009391,song,True
C002267,song,False
C018639,song,False
C032040,album,False
C012963,audiobook,False
C003152,song,False
C000925,podcast_episode,False
C003962,song,True
C005137,song,False
C027134,podcast_episode,True
C009562,song,True
C031003,podcast_episode,False
C000962,podcast_episode,True
C008874,podcast_episode,False
C014760,song,False
C020712,song,False
C013201,album,False
C000768,album,False
C014947,song,True
C027671,song,True
C032540,song,False
C033307,song,True
C005652,podcast_episode,True
C010522,album,False
C027543,podcast_episode,False
C014598,podcast_episode,False
C020881,podcast_episode,False
C010277,song,True
C002109,podcast_episode,False
C009932,podcast_episode,True
C027841,song,True
C011136,podcast_episode,False
C029531,song,False
C025532,audiobook,False
C002746,song,False
C018465,podcast_episode,True
C001867,podcast_episode,False
C022699,song,True
C031488,song,False
C030221,album,True
C018595,album,False
C029858,song,False
C023919,song,False
C016836,podcast_episode,False
C032719,song,True
C011117,podcast_episode,False
C032526,podcast_episode,False
C008053,podcast_episode,False
C028435,audiobook,False
C020375,podcast_episode,False
C019807,podcast_episode,False
C021260,song,False
C018283,song,False
C027464,podcast_episode,False
C024793,album,True
C000872,song,False
C026244,song,False
C012724,song,False
C007659,podcast_episode,True
C024767,song,False
C009832,song,False
C021722,song,False
C004858,audiobook,True
C018537,song,False
C020781,song,True
C019483,audiobook,True
C000223,song,False
C019341,podcast_episode,False
C015694,song,False
C011042,song,False
C022571,song,False
C018504,song,True
C016667,song,False
C009272,podcast_episode,False
C024944,song,False
C030089,song,False
C026054,podcast_episode,False
C016549,podcast_episode,False
C017578,podcast_episode,True
C018028,song,False
C024932,song,False
C020028,song,False
C032290,song,False
C031422,podcast_episode,False
C031953,podcast_episode,True
C021123,podcast_episode,True
C023595,album,True
C025528,podcast_episode,False
C027723,podcast_episode,False
C022171,podcast_episode,True
C012511,audiobook,False
C002758,song,False
C019638,song,False
C031764,podcast_episode,False
C031731,song,False
C014351,song,False
C023480,song,False
C015429,song,False
C012039,audiobook,False
C010545,song,False
C003704,podcast_episode,False
C021367,podcast_episode,False
C022155,song,False
C016910,song,False
C030856,song,False
C022374,audiobook,False
C009897,audiobook,True
C022936,song,False
C021199,podcast_episode,True
C029555,song,True
C014013,album,False
C029153,song,False
C005176,podcast_episode,False
C030124,podcast_episode,False
C016958,song,False
C001517,podcast_episode,False
C030198,song,False
C032670,podcast_episode,True
C030530,song,False
C014127,song,False
C019151,podcast_episode,True
C005457,podcast_episode,False
C020085,podcast_episode,True
C029383,podcast_episode,True
C024560,audiobook,False
C025489,song,True
C004477,song,True
C016446,song,False
C032810,song,False
C024629,podcast_episode,False
C019867,song,False
C017897,album,False
C005862,podcast_episode,False
C033008,album,True
C017714,podcast_episode,False
C025004,song,False
C022910,song,False
C008332,album,False
C019953,song,False
C008828,song,False
C030190,song,False
C007214,podcast_episode,True
C000191,song,False
C001572,podcast_episode,True
C003240,podcast_episode,False
C016832,song,False
C006190,podcast_episode,False
C013461,audiobook,False
C003435,song,False
C029452,song,True
C024646,podcast_episode,True
C023100,song,False
C012970,song,False
C010688,podcast_episode,False
C020885,album,False
C008529,song,False
C008425,song,False
C032515,song,False
C011746,song,False
C028818,song,True
C026792,song,False
C016961,song,False
C016860,podcast_episode,False
C018694,song,False
C000746,podcast_episode,False
C000884,song,False
C011196,podcast_episode,True
C003726,song,False
C018916,audiobook,True
C025245,album,False
C024404,song,True
C005591,song,False
C007735,podcast_episode,False
C021862,song,False
C001231,podcast_episode,False
C015976,song,True
C007985,song,True
C021858,song,False
C030174,podcast_episode,False
C015994,song,False
C014151,album,False
C005431,song,False
C006639,song,False
C023425,album,True
C004867,song,False
C010779,song,False
C005560,song,False
C014474,song,True
C012612,podcast_episode,False
C017464,song,False
C014249,song,False
C026868,song,False
C001779,podcast_episode,False
C018859,song,False
C024145,song,True
C023907,podcast_episode,False
C007950,album,False
C020200,song,False
C001390,song,False
C021105,album,False
C000946,podcast_episode,True
C013659,podcast_episode,False
C010930,podcast_episode,True
C006608,podcast_episode,False
C015941,podcast_episode,True
C016389,song,True
C014277,audiobook,False
C001364,song,True
C033076,song,True
C030265,song,True
C026661,song,False
C022256,album,True
C026136,song,False
C031833,song,False
C014090,song,False
C001496,song,False
C004766,podcast_episode,True
C031744,podcast_episode,True
C012222,podcast_episode,False
C004632,podcast_episode,True
C007280,song,False
C000565,song,False
C016885,podcast_episode,False
C024777,podcast_episode,True
C033080,song,True
C005220,podcast_episode,False
C029272,podcast_episode,True
C027760,album,True
C027602,song,False
C015785,song,True
C020842,podcast_episode,False
C031870,song,False
C030179,song,True
C025394,song,False
C002873,song,True
C014717,song,True
C013769,song,True
C000451,song,False
C009959,song,False
C003623,song,True
C021347,song,True
C022721,album,False
C006095,song,False
C010827,podcast_episode,True
C021514,album,True
C033045,song,True
C019449,album,True
C007571,podcast_episode,False
C027341,song,False
C015665,song,False
C026594,podcast_episode,False
C020272,audiobook,True
C013699,podcast_episode,False
C022684,podcast_episode,True
C011291,album,False
C004702,podcast_episode,False
C032349,podcast_episode,False
C023781,podcast_episode,False
C009072,song,False
C009950,album,True
C003983,album,True
C009111,podcast_episode,True
C002207,podcast_episode,True
C010928,song,False
C013717,song,True
C027809,podcast_episode,False
C027691,album,True
C025369,song,False
C012367,podcast_episode,False
C031763,album,False
C005417,song,False
C014526,song,False
C029421,song,False
C014747,album,True
C008487,podcast_episode,False
C031566,podcast_episode,False
C001809,song,True
C033483,song,True
C026817,song,True
C033412,podcast_episode,False
C012697,podcast_episode,False
C003624,podcast_episode,False
C005966,song,False
C019302,song,False
C027926,podcast_episode,False
C008543,song,False
C018223,song,False
C022237,podcast_episode,True
C032140,song,False
C002412,song,False
C015940,audiobook,True
C009466,song,False
C008971,podcast_episode,True
C016689,song,False
C005328,song,True
C026902,podcast_episode,False
C028729,podcast_episode,False
C032889,song,True
C005564,song,False
C018251,song,False
C021931,song,True
C024990,podcast_episode,False
C023429,song,True
C001747,song,False
C010102,song,False
C005810,podcast_episode,True
C001228,song,False
C025473,song,False
C004204,podcast_episode,True
C002145,song,False
C029048,podcast_episode,False
C027938,song,True
C018172,song,False
C023347,album,False
C002668,song,False
C005489,song,False
C002493,song,False
C014288,song,False
C033193,podcast_episode,False
C021492,podcast_episode,False
C027489,song,False
C016545,song,False
C003740,song,False
C017726,album,False
C021933,podcast_episode,True
C001830,song,True
C022828,album,True
C012606,podcast_episode,False
C025195,song,False
C021987,podcast_episode,False
C025563,song,True
C008412,album,False
C013731,song,False
C004664,song,False
C015258,song,False
C029607,song,True
C032553,song,False
C020060,podcast_episode,False
C018714,song,True
C032226,album,True
C015201,album,False
C025103,album,False
C021345,podcast_episode,False
C027959,song,True
C014120,song,False
C002848,album,False
C014624,podcast_episode,False
C020884,song,False
C009822,podcast_episode,True
C033711,podcast_episode,True
C016142,album,False
C031132,podcast_episode,False
C002392,song,False
C014873,album,True
C027776,song,False
C025765,song,True
C018040,song,True
C029282,song,True
C005516,song,True
C006339,song,False
C027287,podcast_episode,False
C007452,podcast_episode,False
C000727,audiobook,False
C022919,song,False
C002584,song,False
C014781,song,True
C016203,song,True
C027850,song,True
C022380,podcast_episode,True
C018011,song,False
C019985,song,True
C013086,song,False
C021947,album,True
C025440,song,False
C004191,song,False
C031266,podcast_episode,True
C005244,song,False
C001297,song,True
C015904,song,False
C015599,song,False
C012689,song,True
C004007,podcast_episode,False
C009444,song,True
C013297,song,True
C014321,song,False
C030838,podcast_episode,True
C031234,song,False
C018114,song,False
C022323,song,True
C025989,podcast_episode,False
C033178,song,True
C001366,podcast_episode,False
C024872,song,False
C020216,podcast_episode,True
C008231,album,False
C002019,podcast_episode,False
C015959,podcast_episode,False
C004606,song,False
C028495,album,False
C015601,album,False
C010497,song,False
C012376,song,False
C004676,song,True
C030357,song,False
C028055,song,False
C031522,song,True
C028015,song,False
C019136,song,False
C025704,podcast_episode,False
C019079,podcast_episode,False
C006719,album,False
C002807,podcast_episode,False
C009940,song,True
C014049,podcast_episode,False
C014149,song,False
C030999,song,True
C008749,song,False
C028765,song,True
C003855,song,False
C018801,podcast_episode,False
C016137,song,False
C013742,podcast_episode,True
C025555,song,True
C004839,song,False
C007859,podcast_episode,False
C028419,song,False
C027743,song,False
C009282,podcast_episode,True
C002930,podcast_episode,True
C023386,song,False
C024743,song,False
C004384,song,False
C031867,song,False
C004789,song,False
C018315,podcast_episode,False
C024249,podcast_episode,False
C009138,podcast_episode,True
C005302,song,False
C013887,song,False
C004304,podcast_episode,True
C011068,podcast_episode,False
C029805,podcast_episode,False
C015524,podcast_episode,False
C028572,song,False
C005946,song,False
C026533,podcast_episode,True
C033749,song,True
C014955,song,False
C026751,song,False
C002421,album,False
C029010,song,False
C025586,audiobook,True
C019336,podcast_episode,True
C029055,audiobook,False
C006123,song,False
C004586,song,True
C018880,audiobook,False
C031709,podcast_episode,False
C025778,song,False
C015420,podcast_episode,False
C007643,podcast_episode,True
C030769,song,False
C020416,song,False
C014776,podcast_episode,True
C033391,song,True
C030408,audiobook,False
C005953,song,False
C020852,audiobook,False
C016637,song,False
C006641,song,False
C024454,podcast_episode,False
C011810,song,False
C004887,song,False
C011480,song,False
C018861,podcast_episode,True
C002015,podcast_episode,True
C005470,album,False
C024024,song,True
C000776,podcast_episode,True
C003271,podcast_episode,False
C002664,song,False
C002438,podcast_episode,False
C006683,podcast_episode,True
C001603,podcast_episode,False
C026731,song,False
C011247,song,False
C024677,song,True
C012705,podcast_episode,False
C029101,song,False
C017008,song,True
C006193,podcast_episode,False
C004753,song,True
C000311,podcast_episode,True
C013766,song,False
C000873,song,False
C004472,podcast_episode,False
C011050,album,False
C015427,audiobook,True
C028000,song,True
C031050,song,False
C006080,podcast_episode,True
C018825,song,False
C033583,podcast_episode,False
C006717,song,False
C017503,podcast_episode,False
C031670,podcast_episode,True
C007862,song,True
C030429,podcast_episode,True
C001361,album,True
C005368,song,True
C020769,podcast_episode,False
C004767,podcast_episode,False
C001153,song,True
C032454,audiobook,True
C006816,song,False
C010736,song,False
C023151,podcast_episode,True
C003733,podcast_episode,False
C030808,song,False
C032421,audiobook,True
C018850,podcast_episode,False
C012569,song,False
C017281,album,True
C008009,song,True
C029956,podcast_episode,False
C008862,podcast_episode,True
C032060,song,False
C007833,album,False
C010788,song,False
C028245,song,False
C027979,album,False
C026576,song,False
C007736,podcast_episode,False
C031331,audiobook,True
C007943,audiobook,False
C018325,podcast_episode,False
C033825,song,False
C018879,song,True
C032634,audiobook,False
C000858,song,False
C017928,song,False
C024367,song,False
C021648,song,False
C026713,song,True
C001865,audiobook,False
C018130,album,True
C032645,podcast_episode,False
C005983,song,False
C031601,audiobook,False
C015628,podcast_episode,False
C000980,audiobook,False
C011835,podcast_episode,False
C007469,podcast_episode,False
C006082,song,True
C009256,song,False
C000383,song,False
C027140,song,False
C023455,audiobook,True
C013936,song,True
C017154,song,True
C025753,song,False
C021902,song,True
C012821,podcast_episode,False
C001783,song,False
C013598,podcast_episode,False
C006958,song,False
C014486,song,False
C019049,song,False
C012087,song,False
C014560,album,True
C008193,album,True
C000818,song,False
C026237,song,False
C025319,podcast_episode,True
C005917,podcast_episode,False
C027696,podcast_episode,False
C014163,song,True
C010895,song,True
C021475,song,True
C000286,song,True
C023561,song,True
C018291,podcast_episode,True
C018467,song,False
C019244,audiobook,False
C005508,song,True
C032767,podcast_episode,False
C024740,song,True
C024267,podcast_episode,False
C015305,song,False
C000382,album,False
C006416,song,True
C031040,song,False
C005896,song,False
C013399,song,False
C021244,song,False
C026496,song,False
C006324,song,False
C022173,song,True
C027133,podcast_episode,False
C004915,song,False
C023577,podcast_episode,False
C033641,album,False
C025091,song,False
C005789,song,False
C023361,song,False
C024307,song,True
C024455,song,True
C019372,album,True
C032972,song,False
C012224,song,True
C026571,album,False
C026264,song,False
C025312,podcast_episode,False
C014938,podcast_episode,True
C011520,song,True
C019718,podcast_episode,True
C004614,podcast_episode,True
C012665,album,False
C020692,podcast_episode,False
C029143,podcast_episode,False
C000258,podcast_episode,False
C028398,song,True
C004866,podcast_episode,False
C012750,song,True
C023107,song,False
C011360,song,True
C011997,song,False
C011064,podcast_episode,True
C010760,album,True
C020061,podcast_episode,True
C030018,album,False
C003581,song,False
C003456,song,False
C003994,song,False
C022232,podcast_episode,True
C003686,audiobook,False
C033671,podcast_episode,False
C013619,song,False
C009922,audiobook,True
C026545,song,True
C015778,audiobook,False
C018524,album,False
C020555,podcast_episode,False
C001987,song,True
C016728,podcast_episode,True
C030453,song,False
C004860,podcast_episode,False
C025242,podcast_episode,False
C031687,podcast_episode,False
C024223,album,False
C002830,song,False
C021879,podcast_episode,False
C007766,podcast_episode,False
C031197,podcast_episode,False
C033092,song,False
C026342,song,True
C032527,song,True
C008267,podcast_episode,True
C029079,song,True
C025467,podcast_episode,False
C033490,audiobook,False
C010092,podcast_episode,False
C006000,podcast_episode,False
C017775,album,True
C012981,podcast_episode,True
C017186,song,False
C022655,song,True
C022061,podcast_episode,False
C003991,podcast_episode,False
C009451,album,False
C014754,song,False
C028122,audiobook,False
C014454,podcast_episode,False
C019375,song,False
C029059,podcast_episode,True
C007185,album,False
C030464,song,False
C001347,song,False
C027224,song,False
C007911,song,True
C021572,song,False
C007001,podcast_episode,False
C023453,album,True
C001975,album,True
C020451,song,True
C000904,podcast_episode,False
C017594,song,False
C009147,podcast_episode,True
C010657,song,False
C001309,podcast_episode,False
C019234,song,True
C001448,podcast_episode,True
C023520,song,True
C026274,podcast_episode,True
C015288,song,True
C012974,podcast_episode,True
C032876,song,False
C014325,song,False
C032089,song,True
C019168,song,True
C029502,song,False
C033322,song,False
C024091,song,False
C008687,podcast_episode,True
C012712,song,False
C008328,song,True
C027505,podcast_episode,False
C029213,album,False
C030553,song,False
C022639,audiobook,True
C032081,song,False
C029406,song,False
C002285,song,False
C025186,song,True
C033145,song,True
C024371,podcast_episode,False
C014706,podcast_episode,False
C015115,song,True
C013072,song,False
C006397,album,False
C019597,podcast_episode,False
C009794,song,False
C020961,song,False
C012516,album,True
C014093,song,False
C025259,song,True
C019649,podcast_episode,False
C033705,song,True
C023831,song,True
C013794,song,False
C020514,song,False
C002540,song,False
C026629,podcast_episode,False
C003315,song,False
C033688,podcast_episode,False
C003852,podcast_episode,False
C027244,podcast_episode,True
C004487,song,False
C004202,song,False
C028545,song,True
C000357,podcast_episode,True
C033203,podcast_episode,False
C020969,song,False
C004718,song,False
C033842,song,True
C011124,song,False
C012882,song,False
C013287,song,False
C015914,song,True
C010070,song,False
C007174,song,False
C008208,song,False
C024018,song,True
C023140,song,False
C012263,album,False
C005743,song,True
C014650,song,False
C008153,podcast_episode,False
C007970,podcast_episode,False
C031829,album,True
C011318,song,True
C004876,song,False
C025097,song,False
C020264,song,False
C017510,song,False
C005003,album,False
C030275,song,False
C018873,podcast_episode,True
C000129,podcast_episode,False
C029386,song,True
C018974,song,False
C031164,song,False
C019451,podcast_episode,False
C020275,song,False
C015056,album,False
C014724,song,False
C019819,song,False
C011860,podcast_episode,True
C026711,song,False
C017114,album,False
C017025,song,False
C027296,album,True
C009253,podcast_episode,False
C012102,song,True
C007310,album,False
C024748,song,True
C030747,podcast_episode,True
C029647,song,False
C007897,album,False
C005298,song,True
C021859,song,True
C027613,album,False
C008976,album,False
C025501,song,False
C015675,song,True
C018700,song,False
C030129,podcast_episode,False
C026551,podcast_episode,False
C020273,song,False
C022652,song,False
C024562,podcast_episode,False
C031267,song,True
C032937,song,False
C015237,song,True
C007009,podcast_episode,False
C006228,song,False
C030424,podcast_episode,False
C027565,song,False
C000735,song,False
C033099,song,True
C014567,song,False
C025950,song,True
C026680,podcast_episode,True
C009092,song,False
C009892,podcast_episode,False
C027911,song,False
C005081,song,False
C019574,song,False
C027239,audiobook,False
C010364,song,False
C027654,podcast_episode,False
C014625,song,False
C015769,audiobook,False
C011327,podcast_episode,False
C002829,song,False
C026026,podcast_episode,False
C006572,audiobook,False
C000734,song,False
C002463,song,False
C015074,song,False
C003339,song,False
C024519,song,False
C026911,podcast_episode,False
C026194,song,False
C026005,song,False
C008435,podcast_episode,False
C013829,audiobook,False
C033438,podcast_episode,True
C013581,podcast_episode,True
C022465,podcast_episode,False
C032490,podcast_episode,False
C002270,podcast_episode,False
C000279,podcast_episode,False
C003270,song,False
C021147,song,False
C016487,podcast_episode,False
C025006,song,False
C005108,podcast_episode,False
C030245,song,False
C029013,audiobook,True
C005661,song,False
C006141,song,True
C012375,podcast_episode,False
C021695,song,False
C001237,song,False
C021838,album,True
C007477,song,True
C002565,audiobook,True
C032279,song,True
C011061,song,False
C021812,album,True
C009039,album,False
C000812,song,False
C018547,podcast_episode,False
C032740,podcast_episode,False
C024098,album,False
C032272,song,False
C022742,song,False
C004728,album,True
C002850,song,True
C008794,song,False
C016521,audiobook,False
C033680,podcast_episode,False
C012258,album,True
C000515,song,False
C023810,song,False
C008709,podcast_episode,False
C016103,album,False
C019273,podcast_episode,True
C019729,podcast_episode,False
C019722,podcast_episode,False
C027575,podcast_episode,False
C005455,audiobook,False
C016542,song,True
C025073,song,False
C017927,song,False
C012991,song,False
C031582,album,True
C032894,song,False
C002386,album,False
C015702,song,False
C014520,podcast_episode,False
C009417,podcast_episode,True
C005634,song,False
C000752,audiobook,False
C031379,podcast_episode,False
C031872,song,True
C030369,audiobook,False
C029035,song,False
C031834,podcast_episode,True
C022181,podcast_episode,False
C007122,song,False
C017169,podcast_episode,False
C007790,song,False
C027978,song,False
C022040,song,False
C016727,podcast_episode,False
C011008,song,True
C014070,podcast_episode,True
C011546,song,False
C033547,podcast_episode,False
C021651,song,False
C019366,song,False
C029827,song,False
C005622,podcast_episode,False
C008259,podcast_episode,False
C012913,podcast_episode,True
C010556,podcast_episode,False
C026156,album,True
C012582,podcast_episode,False
C029030,album,True
C019490,song,True
C008415,song,True
C014126,song,False
C019450,album,False
C022052,song,False
C024880,podcast_episode,False
C009400,song,False
C023550,podcast_episode,False
C019459,song,False
C027245,song,False
C018179,song,False
C014558,podcast_episode,False
C004292,song,False
C010899,podcast_episode,False
C025413,podcast_episode,True
C032788,song,True
C026107,song,False
C016730,podcast_episode,True
C018674,song,False
C001724,song,False
C012251,song,False
C019563,song,False
C027608,audiobook,True
C029275,podcast_episode,False
C033662,song,True
C029882,podcast_episode,True
C001085,song,False
C033572,song,False
C016828,podcast_episode,True
C022784,podcast_episode,True
C029103,song,False
C021190,podcast_episode,True
C023601,audiobook,False
C028191,podcast_episode,True
C004999,album,False
C015197,album,True
C033359,podcast_episode,False
C010408,song,True
C020789,podcast_episode,False
C025254,song,False
C020572,song,True
C017906,song,False
C029498,album,True
C027450,song,False
C022899,album,False
C015573,podcast_episode,False
C016770,song,False
C015858,podcast_episode,True
C018282,song,False
C027463,song,True
C021332,podcast_episode,False
C026767,song,True
C016631,song,False
C023881,song,True
C013877,album,True
C024028,song,True
C018284,song,True
C002978,album,True
C021155,song,False
C001140,album,False
C014015,song,True
C011949,song,False
C025705,podcast_episode,False
C017346,song,True
C030065,song,True
C003018,podcast_episode,False
C030142,podcast_episode,True
C023410,song,True
C009664,song,False
C003307,audiobook,True
C030177,audiobook,True
C007003,song,False
C008041,song,False
C032462,audiobook,False
C024470,podcast_episode,True
C002609,album,False
C018599,album,False
C012682,song,False
C015487,song,False
C024324,album,False
C030611,audiobook,False
C023272,podcast_episode,False
C006408,song,True
C015308,podcast_episode,True
C003251,song,True
C013647,song,False
C026291,song,False
C021835,song,True
C022402,podcast_episode,True
C007652,song,False
C013325,podcast_episode,False
C000510,song,False
C033693,podcast_episode,False
C022754,song,False
C000651,song,True
C031900,song,False
C028413,song,False
C023000,song,True
C015475,song,False
C015554,song,False
C031727,podcast_episode,True
C016276,song,False
C033401,song,False
C028428,song,False
C001566,song,False
C020667,song,True
C009055,song,False
C008477,album,False
C000848,podcast_episode,False
C009624,podcast_episode,False
C000876,song,False
C007394,album,True
C005026,podcast_episode,True
C015869,song,False
C023326,song,False
C004512,song,True
C024918,song,False
C015999,podcast_episode,False
C022964,song,False
C013638,podcast_episode,False
C004200,song,False
C008410,song,False
C028529,album,False
C015302,song,False
C014101,song,False
C021966,song,False
C015982,podcast_episode,True
C026451,album,False
C005700,podcast_episode,True
C012110,song,False
C012351,song,False
C017597,song,False
C028156,song,False
C022932,podcast_episode,False
C022483,audiobook,True
C013524,song,True
C002003,podcast_episode,False
C006090,audiobook,False
C000586,podcast_episode,False
C005676,album,False
C003509,song,False
C004722,podcast_episode,True
C025546,album,False
C004573,podcast_episode,False
C033128,song,False
C025355,song,False
C033355,song,True
C020516,album,False
C017742,song,True
C012541,song,False
C013028,song,False
C023357,audiobook,False
C015569,song,True
C030005,podcast_episode,True
C019791,audiobook,False
C027148,song,True
C016954,podcast_episode,False
C029263,song,False
C017092,podcast_episode,False
C032969,podcast_episode,False
C016139,song,False
C032852,song,True
C007661,song,True
C008282,podcast_episode,False
C026327,album,False
C019797,song,False
C002410,song,True
C010311,song,False
C003516,song,False
C001236,song,False
C007181,song,True
C012860,song,False
C032381,podcast_episode,True
C026466,podcast_episode,False
C028212,podcast_episode,True
C009291,audiobook,False
C029179,song,False
C022101,song,True
C011467,podcast_episode,True
C021198,song,False
C018495,song,False
C008933,podcast_episode,False
C032273,song,False
C024985,song,False
C007666,song,True
C001640,song,True
C013971,song,True
C016833,song,True
C003753,podcast_episode,True
C019145,podcast_episode,False
C027015,song,False
C000437,song,True
C017944,podcast_episode,False
C016851,podcast_episode,False
C003464,album,False
C028013,podcast_episode,False
C023313,song,False
C013443,podcast_episode,False
C018192,podcast_episode,True
C023626,song,True
C018339,podcast_episode,True
C024014,album,False
C007532,podcast_episode,False
C024711,song,False
C016489,album,False
C022339,podcast_episode,True
C004142,song,False
C029798,song,False
C013523,song,False
C028482,album,False
C025194,podcast_episode,True
C001288,podcast_episode,False
C029437,album,False
C006563,album,False
C031118,podcast_episode,False
C003652,podcast_episode,True
C007176,podcast_episode,False
C016343,song,False
C022457,podcast_episode,False
C011961,podcast_episode,False
C014122,audiobook,False
C003517,song,True
C005859,song,True
C003975,audiobook,False
C013616,song,True
C005240,song,True
C003073,album,True
C013737,song,True
C032465,song,True
C003977,song,False
C033601,podcast_episode,True
C002803,song,True
C012518,song,False
C024099,song,False
C000105,album,False
C028429,song,False
C024788,song,False
C020508,audiobook,False
C000920,song,True
C023406,song,True
C006444,song,False
C020261,podcast_episode,False
C005813,song,False
C026191,podcast_episode,False
C000291,album,True
C014203,song,False
C014209,song,False
C031263,album,False
C032391,song,False
C023654,song,True
C010724,album,True
C029564,podcast_episode,False
C026861,song,True
C006675,song,False
C001328,album,False
C011817,song,False
C004691,song,False
C013555,song,False
C029791,song,True
C032488,audiobook,False
C006125,song,True
C019786,podcast_episode,True
C027676,song,False
C011227,podcast_episode,False
C012298,song,True
C016023,album,False
C009300,song,True
C023839,song,True
C023521,song,False
C011048,audiobook,False
C012485,podcast_episode,False
C029762,song,False
C016553,song,True
C014419,podcast_episode,False
C012417,song,False
C005994,album,False
C023827,podcast_episode,False
C023081,song,False
C020336,song,True
C032500,song,False
C001100,podcast_episode,False
C020627,song,False
C013990,song,True
C003555,song,False
C009368,podcast_episode,False
C000029,song,False
C008778,podcast_episode,True
C018538,podcast_episode,False
C001208,song,False
C007607,song,True
C002555,podcast_episode,True
C022802,song,True
C017649,album,True
C024850,song,False
C012108,song,False
C004154,podcast_episode,False
C027355,podcast_episode,False
C004449,song,False
C000869,album,True
C006335,song,True
C006172,song,True
C013113,song,True
C029946,podcast_episode,False
C002372,song,True
C006564,song,False
C012091,song,True
C028175,song,False
C028334,song,False
C015329,song,False
C019219,audiobook,True
C026095,song,False
C010046,song,False
C028840,song,False
C026328,album,False
C008129,song,False
C004019,album,False
C007861,album,False
C009048,podcast_episode,False
C012232,song,True
C030433,song,False
C008087,podcast_episode,False
C019073,song,False
C005478,song,False
C008265,album,False
C003676,song,False
C001879,podcast_episode,False
C003113,song,False
C002768,song,False
C029311,audiobook,False
C003054,song,False
C011455,podcast_episode,True
C027934,podcast_episode,True
C017883,song,True
C022417,song,False
C006763,song,False
C009454,song,True
C004090,podcast_episode,False
C024198,song,True
C023339,audiobook,True
C033107,song,False
C009616,song,False
C017163,song,False
C011116,song,True
C011900,song,False
C013454,album,False
C000432,podcast_episode,False
C019868,audiobook,True
C012940,song,False
C019564,song,False
C025630,song,False
C003120,song,False
C031641,song,False
C001936,song,True
C023945,song,False
C004097,podcast_episode,False
C008346,song,True
C026158,podcast_episode,True
C011106,song,False
C023397,audiobook,False
C017271,podcast_episode,False
C022884,song,False
C032315,song,True
C028281,podcast_episode,False
C030767,album,False
C026863,song,True
C033691,song,True
C028171,podcast_episode,False
C011621,song,True
C007977,song,False
C029375,podcast_episode,False
C000130,podcast_episode,False
C033002,audiobook,True
C017030,podcast_episode,False
C016938,podcast_episode,False
C031614,song,True
C029161,podcast_episode,False
C032281,podcast_episode,False
C020187,song,True
C010820,song,True
C005500,audiobook,False
C021443,podcast_episode,False
C010008,podcast_episode,True
C016875,album,True
C009310,podcast_episode,False
C027400,album,False
C018346,podcast_episode,False
C005552,podcast_episode,False
C005494,podcast_episode,True
C026952,song,True
C024586,podcast_episode,True
C015499,podcast_episode,False
C003587,song,True
C004357,album,False
C006673,song,False
C017368,song,False
C013270,podcast_episode,False
C020165,song,True
C018777,album,True
C005641,podcast_episode,True
C020477,song,True
C017776,podcast_episode,False
C022731,song,True
C014536,song,True
C029124,podcast_episode,False
C022918,song,True
C027389,song,False
C014060,podcast_episode,False
C009123,song,False
C031306,podcast_episode,True
C023271,podcast_episode,False
C014007,album,False
C012372,song,False
C014606,song,True
C003712,podcast_episode,False
C027107,podcast_episode,False
C031350,podcast_episode,False
C031639,song,False
C002843,song,False
C027611,song,False
C026087,audiobook,True
C023311,song,False
C006459,song,True
C017517,song,False
C030527,album,False
C014684,song,False
C025718,album,True
C027009,song,False
C023681,song,True
C032914,audiobook,False
C031505,podcast_episode,False
C011959,song,False
C022648,song,False
C032924,song,False
C024498,podcast_episode,True
C007907,song,False
C012906,song,False
C009115,song,True
C024211,podcast_episode,False
C009518,song,False
C008723,album,False
C023581,podcast_episode,True
C002579,song,False
C010120,podcast_episode,False
C023552,podcast_episode,False
C005290,podcast_episode,False
C020615,album,True
C033003,audiobook,False
C027560,podcast_episode,False
C022034,podcast_episode,False
C026207,song,False
C021963,podcast_episode,True
C015265,song,False
C027548,audiobook,False
C013569,song,True
C032368,podcast_episode,False
C030054,podcast_episode,False
C015742,album,False
C010246,podcast_episode,False
C005467,song,False
C020320,album,False
C016410,song,False
C021343,audiobook,False
C001091,song,True
C025226,podcast_episode,False
C029008,song,False
C000574,song,False
C000197,song,False
C033400,song,True
C022222,audiobook,False
C022826,song,True
C007649,podcast_episode,False
C025643,podcast_episode,True
C002353,song,False
C020484,album,False
C020761,podcast_episode,False
C011666,song,True
C008823,song,True
C028740,podcast_episode,False
C022451,podcast_episode,False
C019843,podcast_episode,False
C010007,song,False
C029999,song,False
C013781,podcast_episode,False
C003797,podcast_episode,False
